# OpenSignals Text File Format. Version 1
# {"98:D3:51:FE:86:2E": {"position": 0, "device": "bitalino_rev", "device name": "98:D3:51:FE:86:2E", "device connection": "BTH98:D3:51:FE:86:2E", "sampling rate": 1000, "resolution": [4, 1, 1, 1, 1, 10], "firmware version": 1282, "comments": "", "keywords": "", "mode": 0, "sync interval": 2, "date": "2026-9-11", "time": "12:7:50.975", "channels": [2], "sensor": ["EGGBIT"], "label": ["A2"], "column": ["nSeq", "I1", "I2", "O1", "O2", "A2"], "special": [{}], "digital IO": [0, 0, 1, 1]}}
# EndOfHeader
0	0	0	0	0	518	
1	0	0	0	0	518	
2	0	0	0	0	517	
3	0	0	0	0	517	
4	0	0	0	0	516	
5	0	0	0	0	516	
6	0	0	0	0	515	
7	0	0	0	0	516	
8	0	0	0	0	516	
9	0	0	0	0	515	
10	0	0	0	0	516	
11	0	0	0	0	516	
12	0	0	0	0	515	
13	0	0	0	0	515	
14	0	0	0	0	515	
15	0	0	0	0	514	
0	0	0	0	0	515	
1	0	0	0	0	515	
2	0	0	0	0	515	
3	0	0	0	0	515	
4	0	0	0	0	516	
5	0	0	0	0	516	
6	0	0	0	0	516	
7	0	0	0	0	517	
8	0	0	0	0	517	
9	0	0	0	0	518	
10	0	0	0	0	519	
11	0	0	0	0	519	
12	0	0	0	0	519	
13	0	0	0	0	519	
14	0	0	0	0	519	
15	0	0	0	0	519	
0	0	0	0	0	520	
1	0	0	0	0	519	
2	0	0	0	0	518	
3	0	0	0	0	518	
4	0	0	0	0	518	
5	0	0	0	0	517	
6	0	0	0	0	518	
7	0	0	0	0	518	
8	0	0	0	0	518	
9	0	0	0	0	518	
10	0	0	0	0	518	
11	0	0	0	0	518	
12	0	0	0	0	518	
13	0	0	0	0	519	
14	0	0	0	0	519	
15	0	0	0	0	519	
0	0	0	0	0	519	
1	0	0	0	0	517	
2	0	0	0	0	517	
3	0	0	0	0	517	
4	0	0	0	0	519	
5	0	0	0	0	519	
6	0	0	0	0	519	
7	0	0	0	0	519	
8	0	0	0	0	518	
9	0	0	0	0	518	
10	0	0	0	0	516	
11	0	0	0	0	515	
12	0	0	0	0	515	
13	0	0	0	0	516	
14	0	0	0	0	518	
15	0	0	0	0	519	
0	0	0	0	0	519	
1	0	0	0	0	519	
2	0	0	0	0	520	
3	0	0	0	0	520	
4	0	0	0	0	520	
5	0	0	0	0	519	
6	0	0	0	0	520	
7	0	0	0	0	519	
8	0	0	0	0	518	
9	0	0	0	0	518	
10	0	0	0	0	518	
11	0	0	0	0	519	
12	0	0	0	0	517	
13	0	0	0	0	517	
14	0	0	0	0	518	
15	0	0	0	0	518	
0	0	0	0	0	518	
1	0	0	0	0	518	
2	0	0	0	0	518	
3	0	0	0	0	517	
4	0	0	0	0	517	
5	0	0	0	0	517	
6	0	0	0	0	518	
7	0	0	0	0	519	
8	0	0	0	0	519	
9	0	0	0	0	518	
10	0	0	0	0	519	
11	0	0	0	0	519	
12	0	0	0	0	520	
13	0	0	0	0	521	
14	0	0	0	0	523	
15	0	0	0	0	524	
0	0	0	0	0	524	
1	0	0	0	0	526	
2	0	0	0	0	526	
3	0	0	0	0	526	
4	0	0	0	0	526	
5	0	0	0	0	526	
6	0	0	0	0	525	
7	0	0	0	0	524	
8	0	0	0	0	525	
9	0	0	0	0	526	
10	0	0	0	0	526	
11	0	0	0	0	527	
12	0	0	0	0	526	
13	0	0	0	0	526	
14	0	0	0	0	526	
15	0	0	0	0	524	
0	0	0	0	0	524	
1	0	0	0	0	525	
2	0	0	0	0	526	
3	0	0	0	0	527	
4	0	0	0	0	527	
5	0	0	0	0	527	
6	0	0	0	0	528	
7	0	0	0	0	529	
8	0	0	0	0	531	
9	0	0	0	0	533	
10	0	0	0	0	534	
11	0	0	0	0	536	
12	0	0	0	0	537	
13	0	0	0	0	538	
14	0	0	0	0	539	
15	0	0	0	0	540	
0	0	0	0	0	540	
1	0	0	0	0	540	
2	0	0	0	0	540	
3	0	0	0	0	539	
4	0	0	0	0	539	
5	0	0	0	0	538	
6	0	0	0	0	537	
7	0	0	0	0	537	
8	0	0	0	0	535	
9	0	0	0	0	534	
10	0	0	0	0	534	
11	0	0	0	0	533	
12	0	0	0	0	532	
13	0	0	0	0	532	
14	0	0	0	0	532	
15	0	0	0	0	531	
0	0	0	0	0	530	
1	0	0	0	0	529	
2	0	0	0	0	528	
3	0	0	0	0	528	
4	0	0	0	0	527	
5	0	0	0	0	527	
6	0	0	0	0	527	
7	0	0	0	0	527	
8	0	0	0	0	527	
9	0	0	0	0	527	
10	0	0	0	0	526	
11	0	0	0	0	526	
12	0	0	0	0	525	
13	0	0	0	0	525	
14	0	0	0	0	524	
15	0	0	0	0	522	
0	0	0	0	0	522	
1	0	0	0	0	523	
2	0	0	0	0	523	
3	0	0	0	0	521	
4	0	0	0	0	520	
5	0	0	0	0	519	
6	0	0	0	0	518	
7	0	0	0	0	516	
8	0	0	0	0	514	
9	0	0	0	0	512	
10	0	0	0	0	511	
11	0	0	0	0	509	
12	0	0	0	0	508	
13	0	0	0	0	508	
14	0	0	0	0	508	
15	0	0	0	0	508	
0	0	0	0	0	508	
1	0	0	0	0	508	
2	0	0	0	0	508	
3	0	0	0	0	508	
4	0	0	0	0	508	
5	0	0	0	0	508	
6	0	0	0	0	508	
7	0	0	0	0	507	
8	0	0	0	0	506	
9	0	0	0	0	506	
10	0	0	0	0	505	
11	0	0	0	0	505	
12	0	0	0	0	505	
13	0	0	0	0	504	
14	0	0	0	0	505	
15	0	0	0	0	505	
0	0	0	0	0	505	
1	0	0	0	0	504	
2	0	0	0	0	504	
3	0	0	0	0	504	
4	0	0	0	0	504	
5	0	0	0	0	504	
6	0	0	0	0	505	
7	0	0	0	0	504	
8	0	0	0	0	504	
9	0	0	0	0	504	
10	0	0	0	0	504	
11	0	0	0	0	504	
12	0	0	0	0	505	
13	0	0	0	0	505	
14	0	0	0	0	505	
15	0	0	0	0	505	
0	0	0	0	0	505	
1	0	0	0	0	505	
2	0	0	0	0	506	
3	0	0	0	0	504	
4	0	0	0	0	504	
5	0	0	0	0	502	
6	0	0	0	0	502	
7	0	0	0	0	502	
8	0	0	0	0	501	
9	0	0	0	0	500	
10	0	0	0	0	499	
11	0	0	0	0	497	
12	0	0	0	0	496	
13	0	0	0	0	494	
14	0	0	0	0	492	
15	0	0	0	0	489	
0	0	0	0	0	486	
1	0	0	0	0	483	
2	0	0	0	0	480	
3	0	0	0	0	477	
4	0	0	0	0	473	
5	0	0	0	0	471	
6	0	0	0	0	470	
7	0	0	0	0	468	
8	0	0	0	0	468	
9	0	0	0	0	467	
10	0	0	0	0	468	
11	0	0	0	0	472	
12	0	0	0	0	475	
13	0	0	0	0	480	
14	0	0	0	0	487	
15	0	0	0	0	495	
0	0	0	0	0	505	
1	0	0	0	0	515	
2	0	0	0	0	526	
3	0	0	0	0	537	
4	0	0	0	0	549	
5	0	0	0	0	563	
6	0	0	0	0	579	
7	0	0	0	0	596	
8	0	0	0	0	614	
9	0	0	0	0	631	
10	0	0	0	0	650	
11	0	0	0	0	669	
12	0	0	0	0	688	
13	0	0	0	0	704	
14	0	0	0	0	722	
15	0	0	0	0	740	
0	0	0	0	0	758	
1	0	0	0	0	778	
2	0	0	0	0	796	
3	0	0	0	0	809	
4	0	0	0	0	819	
5	0	0	0	0	820	
6	0	0	0	0	815	
7	0	0	0	0	803	
8	0	0	0	0	786	
9	0	0	0	0	766	
10	0	0	0	0	745	
11	0	0	0	0	724	
12	0	0	0	0	701	
13	0	0	0	0	678	
14	0	0	0	0	655	
15	0	0	0	0	629	
0	0	0	0	0	602	
1	0	0	0	0	577	
2	0	0	0	0	553	
3	0	0	0	0	531	
4	0	0	0	0	511	
5	0	0	0	0	492	
6	0	0	0	0	476	
7	0	0	0	0	460	
8	0	0	0	0	449	
9	0	0	0	0	442	
10	0	0	0	0	437	
11	0	0	0	0	433	
12	0	0	0	0	431	
13	0	0	0	0	430	
14	0	0	0	0	431	
15	0	0	0	0	433	
0	0	0	0	0	436	
1	0	0	0	0	439	
2	0	0	0	0	442	
3	0	0	0	0	444	
4	0	0	0	0	449	
5	0	0	0	0	455	
6	0	0	0	0	461	
7	0	0	0	0	466	
8	0	0	0	0	470	
9	0	0	0	0	471	
10	0	0	0	0	471	
11	0	0	0	0	471	
12	0	0	0	0	470	
13	0	0	0	0	468	
14	0	0	0	0	468	
15	0	0	0	0	467	
0	0	0	0	0	466	
1	0	0	0	0	465	
2	0	0	0	0	465	
3	0	0	0	0	465	
4	0	0	0	0	465	
5	0	0	0	0	465	
6	0	0	0	0	467	
7	0	0	0	0	467	
8	0	0	0	0	467	
9	0	0	0	0	465	
10	0	0	0	0	466	
11	0	0	0	0	467	
12	0	0	0	0	467	
13	0	0	0	0	468	
14	0	0	0	0	469	
15	0	0	0	0	469	
0	0	0	0	0	469	
1	0	0	0	0	469	
2	0	0	0	0	468	
3	0	0	0	0	468	
4	0	0	0	0	469	
5	0	0	0	0	470	
6	0	0	0	0	471	
7	0	0	0	0	471	
8	0	0	0	0	471	
9	0	0	0	0	471	
10	0	0	0	0	471	
11	0	0	0	0	471	
12	0	0	0	0	473	
13	0	0	0	0	473	
14	0	0	0	0	474	
15	0	0	0	0	475	
0	0	0	0	0	475	
1	0	0	0	0	476	
2	0	0	0	0	475	
3	0	0	0	0	475	
4	0	0	0	0	475	
5	0	0	0	0	475	
6	0	0	0	0	475	
7	0	0	0	0	476	
8	0	0	0	0	477	
9	0	0	0	0	477	
10	0	0	0	0	478	
11	0	0	0	0	479	
12	0	0	0	0	480	
13	0	0	0	0	481	
14	0	0	0	0	483	
15	0	0	0	0	484	
0	0	0	0	0	485	
1	0	0	0	0	486	
2	0	0	0	0	486	
3	0	0	0	0	486	
4	0	0	0	0	486	
5	0	0	0	0	486	
6	0	0	0	0	487	
7	0	0	0	0	487	
8	0	0	0	0	488	
9	0	0	0	0	488	
10	0	0	0	0	489	
11	0	0	0	0	490	
12	0	0	0	0	490	
13	0	0	0	0	489	
14	0	0	0	0	489	
15	0	0	0	0	490	
0	0	0	0	0	491	
1	0	0	0	0	492	
2	0	0	0	0	491	
3	0	0	0	0	491	
4	0	0	0	0	492	
5	0	0	0	0	493	
6	0	0	0	0	494	
7	0	0	0	0	495	
8	0	0	0	0	495	
9	0	0	0	0	496	
10	0	0	0	0	496	
11	0	0	0	0	496	
12	0	0	0	0	496	
13	0	0	0	0	496	
14	0	0	0	0	497	
15	0	0	0	0	498	
0	0	0	0	0	499	
1	0	0	0	0	500	
2	0	0	0	0	501	
3	0	0	0	0	502	
4	0	0	0	0	501	
5	0	0	0	0	501	
6	0	0	0	0	502	
7	0	0	0	0	502	
8	0	0	0	0	503	
9	0	0	0	0	504	
10	0	0	0	0	504	
11	0	0	0	0	504	
12	0	0	0	0	504	
13	0	0	0	0	504	
14	0	0	0	0	504	
15	0	0	0	0	504	
0	0	0	0	0	504	
1	0	0	0	0	504	
2	0	0	0	0	503	
3	0	0	0	0	503	
4	0	0	0	0	504	
5	0	0	0	0	504	
6	0	0	0	0	505	
7	0	0	0	0	508	
8	0	0	0	0	508	
9	0	0	0	0	508	
10	0	0	0	0	510	
11	0	0	0	0	510	
12	0	0	0	0	511	
13	0	0	0	0	511	
14	0	0	0	0	512	
15	0	0	0	0	513	
0	0	0	0	0	513	
1	0	0	0	0	514	
2	0	0	0	0	515	
3	0	0	0	0	515	
4	0	0	0	0	515	
5	0	0	0	0	515	
6	0	0	0	0	515	
7	0	0	0	0	516	
8	0	0	0	0	516	
9	0	0	0	0	518	
10	0	0	0	0	518	
11	0	0	0	0	519	
12	0	0	0	0	518	
13	0	0	0	0	518	
14	0	0	0	0	519	
15	0	0	0	0	520	
0	0	0	0	0	521	
1	0	0	0	0	522	
2	0	0	0	0	523	
3	0	0	0	0	524	
4	0	0	0	0	524	
5	0	0	0	0	524	
6	0	0	0	0	524	
7	0	0	0	0	524	
8	0	0	0	0	526	
9	0	0	0	0	527	
10	0	0	0	0	528	
11	0	0	0	0	529	
12	0	0	0	0	530	
13	0	0	0	0	530	
14	0	0	0	0	530	
15	0	0	0	0	530	
0	0	0	0	0	530	
1	0	0	0	0	531	
2	0	0	0	0	531	
3	0	0	0	0	531	
4	0	0	0	0	532	
5	0	0	0	0	533	
6	0	0	0	0	533	
7	0	0	0	0	535	
8	0	0	0	0	536	
9	0	0	0	0	536	
10	0	0	0	0	537	
11	0	0	0	0	539	
12	0	0	0	0	542	
13	0	0	0	0	542	
14	0	0	0	0	543	
15	0	0	0	0	544	
0	0	0	0	0	544	
1	0	0	0	0	545	
2	0	0	0	0	545	
3	0	0	0	0	545	
4	0	0	0	0	546	
5	0	0	0	0	546	
6	0	0	0	0	547	
7	0	0	0	0	548	
8	0	0	0	0	550	
9	0	0	0	0	551	
10	0	0	0	0	552	
11	0	0	0	0	553	
12	0	0	0	0	555	
13	0	0	0	0	556	
14	0	0	0	0	556	
15	0	0	0	0	556	
0	0	0	0	0	557	
1	0	0	0	0	558	
2	0	0	0	0	559	
3	0	0	0	0	559	
4	0	0	0	0	560	
5	0	0	0	0	560	
6	0	0	0	0	560	
7	0	0	0	0	562	
8	0	0	0	0	563	
9	0	0	0	0	563	
10	0	0	0	0	564	
11	0	0	0	0	564	
12	0	0	0	0	565	
13	0	0	0	0	566	
14	0	0	0	0	566	
15	0	0	0	0	567	
0	0	0	0	0	566	
1	0	0	0	0	566	
2	0	0	0	0	566	
3	0	0	0	0	566	
4	0	0	0	0	566	
5	0	0	0	0	565	
6	0	0	0	0	565	
7	0	0	0	0	564	
8	0	0	0	0	563	
9	0	0	0	0	563	
10	0	0	0	0	562	
11	0	0	0	0	562	
12	0	0	0	0	561	
13	0	0	0	0	560	
14	0	0	0	0	560	
15	0	0	0	0	559	
0	0	0	0	0	558	
1	0	0	0	0	557	
2	0	0	0	0	555	
3	0	0	0	0	554	
4	0	0	0	0	553	
5	0	0	0	0	552	
6	0	0	0	0	551	
7	0	0	0	0	550	
8	0	0	0	0	548	
9	0	0	0	0	546	
10	0	0	0	0	545	
11	0	0	0	0	543	
12	0	0	0	0	540	
13	0	0	0	0	539	
14	0	0	0	0	537	
15	0	0	0	0	535	
0	0	0	0	0	534	
1	0	0	0	0	531	
2	0	0	0	0	528	
3	0	0	0	0	525	
4	0	0	0	0	523	
5	0	0	0	0	519	
6	0	0	0	0	517	
7	0	0	0	0	514	
8	0	0	0	0	511	
9	0	0	0	0	508	
10	0	0	0	0	505	
11	0	0	0	0	503	
12	0	0	0	0	501	
13	0	0	0	0	499	
14	0	0	0	0	498	
15	0	0	0	0	496	
0	0	0	0	0	494	
1	0	0	0	0	492	
2	0	0	0	0	490	
3	0	0	0	0	488	
4	0	0	0	0	487	
5	0	0	0	0	486	
6	0	0	0	0	483	
7	0	0	0	0	481	
8	0	0	0	0	481	
9	0	0	0	0	480	
10	0	0	0	0	478	
11	0	0	0	0	477	
12	0	0	0	0	476	
13	0	0	0	0	474	
14	0	0	0	0	473	
15	0	0	0	0	472	
0	0	0	0	0	471	
1	0	0	0	0	470	
2	0	0	0	0	469	
3	0	0	0	0	468	
4	0	0	0	0	467	
5	0	0	0	0	467	
6	0	0	0	0	466	
7	0	0	0	0	465	
8	0	0	0	0	465	
9	0	0	0	0	465	
10	0	0	0	0	465	
11	0	0	0	0	465	
12	0	0	0	0	465	
13	0	0	0	0	465	
14	0	0	0	0	466	
15	0	0	0	0	465	
0	0	0	0	0	466	
1	0	0	0	0	465	
2	0	0	0	0	464	
3	0	0	0	0	463	
4	0	0	0	0	463	
5	0	0	0	0	464	
6	0	0	0	0	466	
7	0	0	0	0	467	
8	0	0	0	0	468	
9	0	0	0	0	468	
10	0	0	0	0	468	
11	0	0	0	0	468	
12	0	0	0	0	468	
13	0	0	0	0	467	
14	0	0	0	0	468	
15	0	0	0	0	468	
0	0	0	0	0	468	
1	0	0	0	0	469	
2	0	0	0	0	469	
3	0	0	0	0	471	
4	0	0	0	0	472	
5	0	0	0	0	472	
6	0	0	0	0	473	
7	0	0	0	0	474	
8	0	0	0	0	475	
9	0	0	0	0	475	
10	0	0	0	0	476	
11	0	0	0	0	476	
12	0	0	0	0	476	
13	0	0	0	0	476	
14	0	0	0	0	476	
15	0	0	0	0	478	
0	0	0	0	0	479	
1	0	0	0	0	479	
2	0	0	0	0	480	
3	0	0	0	0	480	
4	0	0	0	0	481	
5	0	0	0	0	482	
6	0	0	0	0	481	
7	0	0	0	0	482	
8	0	0	0	0	482	
9	0	0	0	0	482	
10	0	0	0	0	483	
11	0	0	0	0	483	
12	0	0	0	0	483	
13	0	0	0	0	483	
14	0	0	0	0	483	
15	0	0	0	0	482	
0	0	0	0	0	482	
1	0	0	0	0	483	
2	0	0	0	0	483	
3	0	0	0	0	484	
4	0	0	0	0	485	
5	0	0	0	0	486	
6	0	0	0	0	487	
7	0	0	0	0	487	
8	0	0	0	0	488	
9	0	0	0	0	488	
10	0	0	0	0	488	
11	0	0	0	0	489	
12	0	0	0	0	488	
13	0	0	0	0	489	
14	0	0	0	0	489	
15	0	0	0	0	489	
0	0	0	0	0	489	
1	0	0	0	0	491	
2	0	0	0	0	491	
3	0	0	0	0	492	
4	0	0	0	0	493	
5	0	0	0	0	493	
6	0	0	0	0	494	
7	0	0	0	0	493	
8	0	0	0	0	493	
9	0	0	0	0	493	
10	0	0	0	0	494	
11	0	0	0	0	494	
12	0	0	0	0	495	
13	0	0	0	0	494	
14	0	0	0	0	495	
15	0	0	0	0	494	
0	0	0	0	0	494	
1	0	0	0	0	494	
2	0	0	0	0	495	
3	0	0	0	0	496	
4	0	0	0	0	496	
5	0	0	0	0	496	
6	0	0	0	0	497	
7	0	0	0	0	497	
8	0	0	0	0	497	
9	0	0	0	0	498	
10	0	0	0	0	498	
11	0	0	0	0	498	
12	0	0	0	0	498	
13	0	0	0	0	499	
14	0	0	0	0	499	
15	0	0	0	0	499	
0	0	0	0	0	499	
1	0	0	0	0	499	
2	0	0	0	0	498	
3	0	0	0	0	498	
4	0	0	0	0	498	
5	0	0	0	0	499	
6	0	0	0	0	499	
7	0	0	0	0	500	
8	0	0	0	0	501	
9	0	0	0	0	501	
10	0	0	0	0	502	
11	0	0	0	0	503	
12	0	0	0	0	504	
13	0	0	0	0	504	
14	0	0	0	0	504	
15	0	0	0	0	504	
0	0	0	0	0	503	
1	0	0	0	0	502	
2	0	0	0	0	502	
3	0	0	0	0	500	
4	0	0	0	0	501	
5	0	0	0	0	501	
6	0	0	0	0	502	
7	0	0	0	0	502	
8	0	0	0	0	502	
9	0	0	0	0	503	
10	0	0	0	0	504	
11	0	0	0	0	504	
12	0	0	0	0	505	
13	0	0	0	0	506	
14	0	0	0	0	506	
15	0	0	0	0	506	
0	0	0	0	0	505	
1	0	0	0	0	505	
2	0	0	0	0	505	
3	0	0	0	0	504	
4	0	0	0	0	504	
5	0	0	0	0	504	
6	0	0	0	0	505	
7	0	0	0	0	504	
8	0	0	0	0	504	
9	0	0	0	0	504	
10	0	0	0	0	505	
11	0	0	0	0	505	
12	0	0	0	0	505	
13	0	0	0	0	505	
14	0	0	0	0	506	
15	0	0	0	0	506	
0	0	0	0	0	507	
1	0	0	0	0	508	
2	0	0	0	0	509	
3	0	0	0	0	509	
4	0	0	0	0	508	
5	0	0	0	0	508	
6	0	0	0	0	507	
7	0	0	0	0	506	
8	0	0	0	0	505	
9	0	0	0	0	506	
10	0	0	0	0	507	
11	0	0	0	0	506	
12	0	0	0	0	507	
13	0	0	0	0	507	
14	0	0	0	0	508	
15	0	0	0	0	508	
0	0	0	0	0	508	
1	0	0	0	0	508	
2	0	0	0	0	508	
3	0	0	0	0	508	
4	0	0	0	0	509	
5	0	0	0	0	509	
6	0	0	0	0	509	
7	0	0	0	0	508	
8	0	0	0	0	507	
9	0	0	0	0	506	
10	0	0	0	0	505	
11	0	0	0	0	505	
12	0	0	0	0	506	
13	0	0	0	0	507	
14	0	0	0	0	508	
15	0	0	0	0	509	
0	0	0	0	0	510	
1	0	0	0	0	510	
2	0	0	0	0	510	
3	0	0	0	0	511	
4	0	0	0	0	510	
5	0	0	0	0	510	
6	0	0	0	0	510	
7	0	0	0	0	509	
8	0	0	0	0	510	
9	0	0	0	0	510	
10	0	0	0	0	510	
11	0	0	0	0	510	
12	0	0	0	0	510	
13	0	0	0	0	510	
14	0	0	0	0	511	
15	0	0	0	0	511	
0	0	0	0	0	511	
1	0	0	0	0	511	
2	0	0	0	0	509	
3	0	0	0	0	509	
4	0	0	0	0	510	
5	0	0	0	0	511	
6	0	0	0	0	512	
7	0	0	0	0	512	
8	0	0	0	0	511	
9	0	0	0	0	511	
10	0	0	0	0	511	
11	0	0	0	0	510	
12	0	0	0	0	510	
13	0	0	0	0	510	
14	0	0	0	0	511	
15	0	0	0	0	512	
0	0	0	0	0	511	
1	0	0	0	0	511	
2	0	0	0	0	512	
3	0	0	0	0	512	
4	0	0	0	0	512	
5	0	0	0	0	512	
6	0	0	0	0	512	
7	0	0	0	0	511	
8	0	0	0	0	511	
9	0	0	0	0	512	
10	0	0	0	0	511	
11	0	0	0	0	512	
12	0	0	0	0	511	
13	0	0	0	0	511	
14	0	0	0	0	512	
15	0	0	0	0	512	
0	0	0	0	0	513	
1	0	0	0	0	513	
2	0	0	0	0	514	
3	0	0	0	0	514	
4	0	0	0	0	515	
5	0	0	0	0	514	
6	0	0	0	0	514	
7	0	0	0	0	514	
8	0	0	0	0	513	
9	0	0	0	0	513	
10	0	0	0	0	513	
11	0	0	0	0	513	
12	0	0	0	0	513	
13	0	0	0	0	513	
14	0	0	0	0	513	
15	0	0	0	0	512	
0	0	0	0	0	512	
1	0	0	0	0	512	
2	0	0	0	0	511	
3	0	0	0	0	511	
4	0	0	0	0	512	
5	0	0	0	0	513	
6	0	0	0	0	514	
7	0	0	0	0	515	
8	0	0	0	0	515	
9	0	0	0	0	516	
10	0	0	0	0	514	
11	0	0	0	0	514	
12	0	0	0	0	513	
13	0	0	0	0	513	
14	0	0	0	0	514	
15	0	0	0	0	514	
0	0	0	0	0	515	
1	0	0	0	0	514	
2	0	0	0	0	514	
3	0	0	0	0	514	
4	0	0	0	0	515	
5	0	0	0	0	515	
6	0	0	0	0	516	
7	0	0	0	0	516	
8	0	0	0	0	515	
9	0	0	0	0	515	
10	0	0	0	0	515	
11	0	0	0	0	515	
12	0	0	0	0	515	
13	0	0	0	0	515	
14	0	0	0	0	515	
15	0	0	0	0	515	
0	0	0	0	0	514	
1	0	0	0	0	514	
2	0	0	0	0	514	
3	0	0	0	0	514	
4	0	0	0	0	515	
5	0	0	0	0	515	
6	0	0	0	0	515	
7	0	0	0	0	515	
8	0	0	0	0	515	
9	0	0	0	0	515	
10	0	0	0	0	514	
11	0	0	0	0	515	
12	0	0	0	0	516	
13	0	0	0	0	517	
14	0	0	0	0	517	
15	0	0	0	0	516	
0	0	0	0	0	515	
1	0	0	0	0	515	
2	0	0	0	0	515	
3	0	0	0	0	513	
4	0	0	0	0	513	
5	0	0	0	0	513	
6	0	0	0	0	514	
7	0	0	0	0	514	
8	0	0	0	0	515	
9	0	0	0	0	515	
10	0	0	0	0	516	
11	0	0	0	0	516	
12	0	0	0	0	516	
13	0	0	0	0	517	
14	0	0	0	0	518	
15	0	0	0	0	517	
0	0	0	0	0	517	
1	0	0	0	0	516	
2	0	0	0	0	516	
3	0	0	0	0	516	
4	0	0	0	0	516	
5	0	0	0	0	517	
6	0	0	0	0	517	
7	0	0	0	0	517	
8	0	0	0	0	517	
9	0	0	0	0	516	
10	0	0	0	0	517	
11	0	0	0	0	517	
12	0	0	0	0	517	
13	0	0	0	0	516	
14	0	0	0	0	516	
15	0	0	0	0	516	
0	0	0	0	0	515	
1	0	0	0	0	515	
2	0	0	0	0	514	
3	0	0	0	0	514	
4	0	0	0	0	513	
5	0	0	0	0	514	
6	0	0	0	0	514	
7	0	0	0	0	515	
8	0	0	0	0	515	
9	0	0	0	0	515	
10	0	0	0	0	515	
11	0	0	0	0	515	
12	0	0	0	0	515	
13	0	0	0	0	515	
14	0	0	0	0	516	
15	0	0	0	0	516	
0	0	0	0	0	516	
1	0	0	0	0	517	
2	0	0	0	0	517	
3	0	0	0	0	517	
4	0	0	0	0	516	
5	0	0	0	0	516	
6	0	0	0	0	515	
7	0	0	0	0	514	
8	0	0	0	0	513	
9	0	0	0	0	512	
10	0	0	0	0	512	
11	0	0	0	0	513	
12	0	0	0	0	513	
13	0	0	0	0	515	
14	0	0	0	0	515	
15	0	0	0	0	515	
0	0	0	0	0	515	
1	0	0	0	0	515	
2	0	0	0	0	514	
3	0	0	0	0	513	
4	0	0	0	0	513	
5	0	0	0	0	514	
6	0	0	0	0	514	
7	0	0	0	0	513	
8	0	0	0	0	513	
9	0	0	0	0	512	
10	0	0	0	0	512	
11	0	0	0	0	512	
12	0	0	0	0	512	
13	0	0	0	0	513	
14	0	0	0	0	514	
15	0	0	0	0	515	
0	0	0	0	0	515	
1	0	0	0	0	515	
2	0	0	0	0	514	
3	0	0	0	0	514	
4	0	0	0	0	514	
5	0	0	0	0	513	
6	0	0	0	0	514	
7	0	0	0	0	513	
8	0	0	0	0	513	
9	0	0	0	0	512	
10	0	0	0	0	511	
11	0	0	0	0	512	
12	0	0	0	0	512	
13	0	0	0	0	513	
14	0	0	0	0	513	
15	0	0	0	0	513	
0	0	0	0	0	513	
1	0	0	0	0	512	
2	0	0	0	0	511	
3	0	0	0	0	511	
4	0	0	0	0	510	
5	0	0	0	0	512	
6	0	0	0	0	512	
7	0	0	0	0	512	
8	0	0	0	0	512	
9	0	0	0	0	512	
10	0	0	0	0	512	
11	0	0	0	0	511	
12	0	0	0	0	510	
13	0	0	0	0	509	
14	0	0	0	0	509	
15	0	0	0	0	510	
0	0	0	0	0	511	
1	0	0	0	0	512	
2	0	0	0	0	512	
3	0	0	0	0	512	
4	0	0	0	0	512	
5	0	0	0	0	512	
6	0	0	0	0	512	
7	0	0	0	0	511	
8	0	0	0	0	511	
9	0	0	0	0	512	
10	0	0	0	0	512	
11	0	0	0	0	512	
12	0	0	0	0	512	
13	0	0	0	0	511	
14	0	0	0	0	511	
15	0	0	0	0	511	
0	0	0	0	0	511	
1	0	0	0	0	511	
2	0	0	0	0	511	
3	0	0	0	0	512	
4	0	0	0	0	512	
5	0	0	0	0	512	
6	0	0	0	0	512	
7	0	0	0	0	511	
8	0	0	0	0	510	
9	0	0	0	0	510	
10	0	0	0	0	511	
11	0	0	0	0	510	
12	0	0	0	0	511	
13	0	0	0	0	511	
14	0	0	0	0	511	
15	0	0	0	0	511	
0	0	0	0	0	511	
1	0	0	0	0	511	
2	0	0	0	0	512	
3	0	0	0	0	512	
4	0	0	0	0	513	
5	0	0	0	0	513	
6	0	0	0	0	512	
7	0	0	0	0	513	
8	0	0	0	0	513	
9	0	0	0	0	514	
10	0	0	0	0	514	
11	0	0	0	0	514	
12	0	0	0	0	515	
13	0	0	0	0	515	
14	0	0	0	0	516	
15	0	0	0	0	516	
0	0	0	0	0	516	
1	0	0	0	0	516	
2	0	0	0	0	516	
3	0	0	0	0	517	
4	0	0	0	0	516	
5	0	0	0	0	516	
6	0	0	0	0	517	
7	0	0	0	0	517	
8	0	0	0	0	517	
9	0	0	0	0	516	
10	0	0	0	0	516	
11	0	0	0	0	517	
12	0	0	0	0	517	
13	0	0	0	0	518	
14	0	0	0	0	519	
15	0	0	0	0	519	
0	0	0	0	0	520	
1	0	0	0	0	521	
2	0	0	0	0	522	
3	0	0	0	0	524	
4	0	0	0	0	525	
5	0	0	0	0	527	
6	0	0	0	0	527	
7	0	0	0	0	527	
8	0	0	0	0	527	
9	0	0	0	0	527	
10	0	0	0	0	527	
11	0	0	0	0	528	
12	0	0	0	0	528	
13	0	0	0	0	529	
14	0	0	0	0	528	
15	0	0	0	0	528	
0	0	0	0	0	527	
1	0	0	0	0	527	
2	0	0	0	0	526	
3	0	0	0	0	526	
4	0	0	0	0	525	
5	0	0	0	0	524	
6	0	0	0	0	523	
7	0	0	0	0	522	
8	0	0	0	0	521	
9	0	0	0	0	522	
10	0	0	0	0	523	
11	0	0	0	0	523	
12	0	0	0	0	522	
13	0	0	0	0	521	
14	0	0	0	0	520	
15	0	0	0	0	519	
0	0	0	0	0	518	
1	0	0	0	0	518	
2	0	0	0	0	518	
3	0	0	0	0	518	
4	0	0	0	0	518	
5	0	0	0	0	518	
6	0	0	0	0	519	
7	0	0	0	0	519	
8	0	0	0	0	519	
9	0	0	0	0	518	
10	0	0	0	0	518	
11	0	0	0	0	518	
12	0	0	0	0	517	
13	0	0	0	0	516	
14	0	0	0	0	515	
15	0	0	0	0	514	
0	0	0	0	0	513	
1	0	0	0	0	510	
2	0	0	0	0	508	
3	0	0	0	0	506	
4	0	0	0	0	505	
5	0	0	0	0	503	
6	0	0	0	0	502	
7	0	0	0	0	500	
8	0	0	0	0	499	
9	0	0	0	0	498	
10	0	0	0	0	497	
11	0	0	0	0	497	
12	0	0	0	0	497	
13	0	0	0	0	497	
14	0	0	0	0	497	
15	0	0	0	0	497	
0	0	0	0	0	497	
1	0	0	0	0	498	
2	0	0	0	0	499	
3	0	0	0	0	499	
4	0	0	0	0	499	
5	0	0	0	0	499	
6	0	0	0	0	499	
7	0	0	0	0	499	
8	0	0	0	0	499	
9	0	0	0	0	500	
10	0	0	0	0	500	
11	0	0	0	0	500	
12	0	0	0	0	500	
13	0	0	0	0	500	
14	0	0	0	0	500	
15	0	0	0	0	500	
0	0	0	0	0	501	
1	0	0	0	0	501	
2	0	0	0	0	500	
3	0	0	0	0	499	
4	0	0	0	0	497	
5	0	0	0	0	496	
6	0	0	0	0	496	
7	0	0	0	0	496	
8	0	0	0	0	496	
9	0	0	0	0	496	
10	0	0	0	0	497	
11	0	0	0	0	497	
12	0	0	0	0	497	
13	0	0	0	0	497	
14	0	0	0	0	496	
15	0	0	0	0	496	
0	0	0	0	0	496	
1	0	0	0	0	496	
2	0	0	0	0	496	
3	0	0	0	0	496	
4	0	0	0	0	495	
5	0	0	0	0	494	
6	0	0	0	0	492	
7	0	0	0	0	491	
8	0	0	0	0	489	
9	0	0	0	0	487	
10	0	0	0	0	484	
11	0	0	0	0	481	
12	0	0	0	0	477	
13	0	0	0	0	474	
14	0	0	0	0	471	
15	0	0	0	0	466	
0	0	0	0	0	462	
1	0	0	0	0	458	
2	0	0	0	0	455	
3	0	0	0	0	456	
4	0	0	0	0	458	
5	0	0	0	0	460	
6	0	0	0	0	462	
7	0	0	0	0	464	
8	0	0	0	0	469	
9	0	0	0	0	475	
10	0	0	0	0	481	
11	0	0	0	0	490	
12	0	0	0	0	499	
13	0	0	0	0	511	
14	0	0	0	0	522	
15	0	0	0	0	533	
0	0	0	0	0	545	
1	0	0	0	0	558	
2	0	0	0	0	573	
3	0	0	0	0	589	
4	0	0	0	0	607	
5	0	0	0	0	625	
6	0	0	0	0	643	
7	0	0	0	0	661	
8	0	0	0	0	679	
9	0	0	0	0	697	
10	0	0	0	0	715	
11	0	0	0	0	733	
12	0	0	0	0	752	
13	0	0	0	0	772	
14	0	0	0	0	789	
15	0	0	0	0	801	
0	0	0	0	0	809	
1	0	0	0	0	809	
2	0	0	0	0	802	
3	0	0	0	0	792	
4	0	0	0	0	775	
5	0	0	0	0	756	
6	0	0	0	0	734	
7	0	0	0	0	711	
8	0	0	0	0	689	
9	0	0	0	0	665	
10	0	0	0	0	641	
11	0	0	0	0	616	
12	0	0	0	0	590	
13	0	0	0	0	567	
14	0	0	0	0	544	
15	0	0	0	0	521	
0	0	0	0	0	503	
1	0	0	0	0	484	
2	0	0	0	0	467	
3	0	0	0	0	452	
4	0	0	0	0	440	
5	0	0	0	0	432	
6	0	0	0	0	426	
7	0	0	0	0	422	
8	0	0	0	0	421	
9	0	0	0	0	420	
10	0	0	0	0	422	
11	0	0	0	0	425	
12	0	0	0	0	428	
13	0	0	0	0	432	
14	0	0	0	0	435	
15	0	0	0	0	440	
0	0	0	0	0	444	
1	0	0	0	0	449	
2	0	0	0	0	454	
3	0	0	0	0	458	
4	0	0	0	0	461	
5	0	0	0	0	461	
6	0	0	0	0	462	
7	0	0	0	0	461	
8	0	0	0	0	462	
9	0	0	0	0	462	
10	0	0	0	0	460	
11	0	0	0	0	460	
12	0	0	0	0	459	
13	0	0	0	0	459	
14	0	0	0	0	458	
15	0	0	0	0	457	
0	0	0	0	0	457	
1	0	0	0	0	457	
2	0	0	0	0	456	
3	0	0	0	0	457	
4	0	0	0	0	456	
5	0	0	0	0	457	
6	0	0	0	0	457	
7	0	0	0	0	457	
8	0	0	0	0	457	
9	0	0	0	0	458	
10	0	0	0	0	458	
11	0	0	0	0	459	
12	0	0	0	0	459	
13	0	0	0	0	460	
14	0	0	0	0	461	
15	0	0	0	0	461	
0	0	0	0	0	462	
1	0	0	0	0	463	
2	0	0	0	0	463	
3	0	0	0	0	463	
4	0	0	0	0	464	
5	0	0	0	0	465	
6	0	0	0	0	465	
7	0	0	0	0	466	
8	0	0	0	0	466	
9	0	0	0	0	467	
10	0	0	0	0	468	
11	0	0	0	0	468	
12	0	0	0	0	470	
13	0	0	0	0	471	
14	0	0	0	0	472	
15	0	0	0	0	473	
0	0	0	0	0	473	
1	0	0	0	0	473	
2	0	0	0	0	474	
3	0	0	0	0	475	
4	0	0	0	0	476	
5	0	0	0	0	476	
6	0	0	0	0	476	
7	0	0	0	0	476	
8	0	0	0	0	476	
9	0	0	0	0	476	
10	0	0	0	0	476	
11	0	0	0	0	477	
12	0	0	0	0	478	
13	0	0	0	0	479	
14	0	0	0	0	480	
15	0	0	0	0	481	
0	0	0	0	0	481	
1	0	0	0	0	482	
2	0	0	0	0	482	
3	0	0	0	0	483	
4	0	0	0	0	483	
5	0	0	0	0	484	
6	0	0	0	0	485	
7	0	0	0	0	485	
8	0	0	0	0	485	
9	0	0	0	0	484	
10	0	0	0	0	484	
11	0	0	0	0	484	
12	0	0	0	0	486	
13	0	0	0	0	487	
14	0	0	0	0	488	
15	0	0	0	0	488	
0	0	0	0	0	488	
1	0	0	0	0	488	
2	0	0	0	0	488	
3	0	0	0	0	489	
4	0	0	0	0	489	
5	0	0	0	0	489	
6	0	0	0	0	491	
7	0	0	0	0	492	
8	0	0	0	0	492	
9	0	0	0	0	494	
10	0	0	0	0	495	
11	0	0	0	0	496	
12	0	0	0	0	497	
13	0	0	0	0	497	
14	0	0	0	0	498	
15	0	0	0	0	499	
0	0	0	0	0	499	
1	0	0	0	0	499	
2	0	0	0	0	499	
3	0	0	0	0	500	
4	0	0	0	0	500	
5	0	0	0	0	501	
6	0	0	0	0	501	
7	0	0	0	0	500	
8	0	0	0	0	500	
9	0	0	0	0	500	
10	0	0	0	0	501	
11	0	0	0	0	501	
12	0	0	0	0	501	
13	0	0	0	0	502	
14	0	0	0	0	503	
15	0	0	0	0	504	
0	0	0	0	0	504	
1	0	0	0	0	505	
2	0	0	0	0	505	
3	0	0	0	0	505	
4	0	0	0	0	505	
5	0	0	0	0	505	
6	0	0	0	0	505	
7	0	0	0	0	505	
8	0	0	0	0	505	
9	0	0	0	0	505	
10	0	0	0	0	506	
11	0	0	0	0	507	
12	0	0	0	0	508	
13	0	0	0	0	507	
14	0	0	0	0	508	
15	0	0	0	0	508	
0	0	0	0	0	509	
1	0	0	0	0	510	
2	0	0	0	0	511	
3	0	0	0	0	511	
4	0	0	0	0	512	
5	0	0	0	0	512	
6	0	0	0	0	514	
7	0	0	0	0	513	
8	0	0	0	0	513	
9	0	0	0	0	513	
10	0	0	0	0	514	
11	0	0	0	0	514	
12	0	0	0	0	515	
13	0	0	0	0	516	
14	0	0	0	0	517	
15	0	0	0	0	518	
0	0	0	0	0	518	
1	0	0	0	0	519	
2	0	0	0	0	519	
3	0	0	0	0	520	
4	0	0	0	0	521	
5	0	0	0	0	522	
6	0	0	0	0	523	
7	0	0	0	0	524	
8	0	0	0	0	525	
9	0	0	0	0	526	
10	0	0	0	0	526	
11	0	0	0	0	526	
12	0	0	0	0	526	
13	0	0	0	0	527	
14	0	0	0	0	527	
15	0	0	0	0	527	
0	0	0	0	0	527	
1	0	0	0	0	527	
2	0	0	0	0	528	
3	0	0	0	0	529	
4	0	0	0	0	531	
5	0	0	0	0	532	
6	0	0	0	0	533	
7	0	0	0	0	533	
8	0	0	0	0	534	
9	0	0	0	0	536	
10	0	0	0	0	537	
11	0	0	0	0	538	
12	0	0	0	0	539	
13	0	0	0	0	540	
14	0	0	0	0	541	
15	0	0	0	0	541	
0	0	0	0	0	541	
1	0	0	0	0	542	
2	0	0	0	0	543	
3	0	0	0	0	544	
4	0	0	0	0	545	
5	0	0	0	0	546	
6	0	0	0	0	547	
7	0	0	0	0	547	
8	0	0	0	0	548	
9	0	0	0	0	548	
10	0	0	0	0	550	
11	0	0	0	0	550	
12	0	0	0	0	550	
13	0	0	0	0	551	
14	0	0	0	0	551	
15	0	0	0	0	552	
0	0	0	0	0	553	
1	0	0	0	0	553	
2	0	0	0	0	554	
3	0	0	0	0	554	
4	0	0	0	0	554	
5	0	0	0	0	554	
6	0	0	0	0	554	
7	0	0	0	0	555	
8	0	0	0	0	555	
9	0	0	0	0	555	
10	0	0	0	0	556	
11	0	0	0	0	555	
12	0	0	0	0	556	
13	0	0	0	0	557	
14	0	0	0	0	556	
15	0	0	0	0	557	
0	0	0	0	0	556	
1	0	0	0	0	556	
2	0	0	0	0	555	
3	0	0	0	0	555	
4	0	0	0	0	555	
5	0	0	0	0	554	
6	0	0	0	0	555	
7	0	0	0	0	553	
8	0	0	0	0	554	
9	0	0	0	0	553	
10	0	0	0	0	552	
11	0	0	0	0	553	
12	0	0	0	0	551	
13	0	0	0	0	551	
14	0	0	0	0	550	
15	0	0	0	0	548	
0	0	0	0	0	547	
1	0	0	0	0	546	
2	0	0	0	0	545	
3	0	0	0	0	543	
4	0	0	0	0	542	
5	0	0	0	0	540	
6	0	0	0	0	538	
7	0	0	0	0	536	
8	0	0	0	0	534	
9	0	0	0	0	532	
10	0	0	0	0	530	
11	0	0	0	0	528	
12	0	0	0	0	526	
13	0	0	0	0	524	
14	0	0	0	0	522	
15	0	0	0	0	519	
0	0	0	0	0	516	
1	0	0	0	0	514	
2	0	0	0	0	512	
3	0	0	0	0	510	
4	0	0	0	0	507	
5	0	0	0	0	504	
6	0	0	0	0	502	
7	0	0	0	0	499	
8	0	0	0	0	497	
9	0	0	0	0	496	
10	0	0	0	0	494	
11	0	0	0	0	491	
12	0	0	0	0	488	
13	0	0	0	0	486	
14	0	0	0	0	484	
15	0	0	0	0	481	
0	0	0	0	0	480	
1	0	0	0	0	477	
2	0	0	0	0	475	
3	0	0	0	0	473	
4	0	0	0	0	472	
5	0	0	0	0	471	
6	0	0	0	0	469	
7	0	0	0	0	467	
8	0	0	0	0	466	
9	0	0	0	0	464	
10	0	0	0	0	463	
11	0	0	0	0	463	
12	0	0	0	0	463	
13	0	0	0	0	463	
14	0	0	0	0	462	
15	0	0	0	0	462	
0	0	0	0	0	462	
1	0	0	0	0	461	
2	0	0	0	0	460	
3	0	0	0	0	460	
4	0	0	0	0	460	
5	0	0	0	0	459	
6	0	0	0	0	457	
7	0	0	0	0	456	
8	0	0	0	0	456	
9	0	0	0	0	456	
10	0	0	0	0	457	
11	0	0	0	0	457	
12	0	0	0	0	457	
13	0	0	0	0	456	
14	0	0	0	0	457	
15	0	0	0	0	457	
0	0	0	0	0	456	
1	0	0	0	0	456	
2	0	0	0	0	457	
3	0	0	0	0	457	
4	0	0	0	0	457	
5	0	0	0	0	457	
6	0	0	0	0	457	
7	0	0	0	0	456	
8	0	0	0	0	457	
9	0	0	0	0	458	
10	0	0	0	0	459	
11	0	0	0	0	460	
12	0	0	0	0	459	
13	0	0	0	0	460	
14	0	0	0	0	461	
15	0	0	0	0	463	
0	0	0	0	0	463	
1	0	0	0	0	464	
2	0	0	0	0	465	
3	0	0	0	0	466	
4	0	0	0	0	465	
5	0	0	0	0	467	
6	0	0	0	0	467	
7	0	0	0	0	467	
8	0	0	0	0	467	
9	0	0	0	0	467	
10	0	0	0	0	467	
11	0	0	0	0	469	
12	0	0	0	0	470	
13	0	0	0	0	470	
14	0	0	0	0	471	
15	0	0	0	0	472	
0	0	0	0	0	472	
1	0	0	0	0	473	
2	0	0	0	0	475	
3	0	0	0	0	476	
4	0	0	0	0	476	
5	0	0	0	0	477	
6	0	0	0	0	478	
7	0	0	0	0	479	
8	0	0	0	0	479	
9	0	0	0	0	479	
10	0	0	0	0	479	
11	0	0	0	0	480	
12	0	0	0	0	480	
13	0	0	0	0	481	
14	0	0	0	0	482	
15	0	0	0	0	483	
0	0	0	0	0	484	
1	0	0	0	0	485	
2	0	0	0	0	486	
3	0	0	0	0	486	
4	0	0	0	0	487	
5	0	0	0	0	488	
6	0	0	0	0	489	
7	0	0	0	0	490	
8	0	0	0	0	491	
9	0	0	0	0	491	
10	0	0	0	0	492	
11	0	0	0	0	492	
12	0	0	0	0	493	
13	0	0	0	0	494	
14	0	0	0	0	494	
15	0	0	0	0	495	
0	0	0	0	0	496	
1	0	0	0	0	497	
2	0	0	0	0	498	
3	0	0	0	0	498	
4	0	0	0	0	498	
5	0	0	0	0	497	
6	0	0	0	0	497	
7	0	0	0	0	497	
8	0	0	0	0	499	
9	0	0	0	0	500	
10	0	0	0	0	501	
11	0	0	0	0	501	
12	0	0	0	0	503	
13	0	0	0	0	504	
14	0	0	0	0	505	
15	0	0	0	0	506	
0	0	0	0	0	507	
1	0	0	0	0	508	
2	0	0	0	0	508	
3	0	0	0	0	508	
4	0	0	0	0	508	
5	0	0	0	0	509	
6	0	0	0	0	509	
7	0	0	0	0	508	
8	0	0	0	0	508	
9	0	0	0	0	508	
10	0	0	0	0	508	
11	0	0	0	0	509	
12	0	0	0	0	508	
13	0	0	0	0	510	
14	0	0	0	0	511	
15	0	0	0	0	510	
0	0	0	0	0	510	
1	0	0	0	0	510	
2	0	0	0	0	511	
3	0	0	0	0	511	
4	0	0	0	0	511	
5	0	0	0	0	512	
6	0	0	0	0	512	
7	0	0	0	0	512	
8	0	0	0	0	513	
9	0	0	0	0	512	
10	0	0	0	0	511	
11	0	0	0	0	510	
12	0	0	0	0	511	
13	0	0	0	0	512	
14	0	0	0	0	512	
15	0	0	0	0	512	
0	0	0	0	0	512	
1	0	0	0	0	512	
2	0	0	0	0	512	
3	0	0	0	0	512	
4	0	0	0	0	513	
5	0	0	0	0	512	
6	0	0	0	0	513	
7	0	0	0	0	513	
8	0	0	0	0	513	
9	0	0	0	0	514	
10	0	0	0	0	514	
11	0	0	0	0	514	
12	0	0	0	0	514	
13	0	0	0	0	514	
14	0	0	0	0	514	
15	0	0	0	0	514	
0	0	0	0	0	513	
1	0	0	0	0	514	
2	0	0	0	0	513	
3	0	0	0	0	514	
4	0	0	0	0	515	
5	0	0	0	0	515	
6	0	0	0	0	516	
7	0	0	0	0	518	
8	0	0	0	0	518	
9	0	0	0	0	518	
10	0	0	0	0	519	
11	0	0	0	0	519	
12	0	0	0	0	519	
13	0	0	0	0	519	
14	0	0	0	0	520	
15	0	0	0	0	519	
0	0	0	0	0	518	
1	0	0	0	0	518	
2	0	0	0	0	518	
3	0	0	0	0	519	
4	0	0	0	0	519	
5	0	0	0	0	519	
6	0	0	0	0	519	
7	0	0	0	0	519	
8	0	0	0	0	519	
9	0	0	0	0	519	
10	0	0	0	0	518	
11	0	0	0	0	516	
12	0	0	0	0	517	
13	0	0	0	0	518	
14	0	0	0	0	518	
15	0	0	0	0	517	
0	0	0	0	0	517	
1	0	0	0	0	518	
2	0	0	0	0	517	
3	0	0	0	0	517	
4	0	0	0	0	517	
5	0	0	0	0	517	
6	0	0	0	0	519	
7	0	0	0	0	517	
8	0	0	0	0	517	
9	0	0	0	0	517	
10	0	0	0	0	516	
11	0	0	0	0	517	
12	0	0	0	0	518	
13	0	0	0	0	518	
14	0	0	0	0	518	
15	0	0	0	0	518	
0	0	0	0	0	519	
1	0	0	0	0	519	
2	0	0	0	0	520	
3	0	0	0	0	520	
4	0	0	0	0	519	
5	0	0	0	0	520	
6	0	0	0	0	520	
7	0	0	0	0	519	
8	0	0	0	0	518	
9	0	0	0	0	518	
10	0	0	0	0	518	
11	0	0	0	0	519	
12	0	0	0	0	519	
13	0	0	0	0	520	
14	0	0	0	0	520	
15	0	0	0	0	520	
0	0	0	0	0	520	
1	0	0	0	0	521	
2	0	0	0	0	519	
3	0	0	0	0	518	
4	0	0	0	0	517	
5	0	0	0	0	516	
6	0	0	0	0	515	
7	0	0	0	0	515	
8	0	0	0	0	516	
9	0	0	0	0	518	
10	0	0	0	0	518	
11	0	0	0	0	518	
12	0	0	0	0	519	
13	0	0	0	0	518	
14	0	0	0	0	518	
15	0	0	0	0	517	
0	0	0	0	0	517	
1	0	0	0	0	516	
2	0	0	0	0	516	
3	0	0	0	0	517	
4	0	0	0	0	516	
5	0	0	0	0	516	
6	0	0	0	0	516	
7	0	0	0	0	515	
8	0	0	0	0	517	
9	0	0	0	0	517	
10	0	0	0	0	518	
11	0	0	0	0	519	
12	0	0	0	0	519	
13	0	0	0	0	521	
14	0	0	0	0	521	
15	0	0	0	0	521	
0	0	0	0	0	520	
1	0	0	0	0	520	
2	0	0	0	0	519	
3	0	0	0	0	519	
4	0	0	0	0	519	
5	0	0	0	0	519	
6	0	0	0	0	519	
7	0	0	0	0	519	
8	0	0	0	0	518	
9	0	0	0	0	517	
10	0	0	0	0	517	
11	0	0	0	0	517	
12	0	0	0	0	518	
13	0	0	0	0	519	
14	0	0	0	0	519	
15	0	0	0	0	518	
0	0	0	0	0	518	
1	0	0	0	0	519	
2	0	0	0	0	519	
3	0	0	0	0	519	
4	0	0	0	0	519	
5	0	0	0	0	519	
6	0	0	0	0	520	
7	0	0	0	0	520	
8	0	0	0	0	521	
9	0	0	0	0	521	
10	0	0	0	0	520	
11	0	0	0	0	519	
12	0	0	0	0	520	
13	0	0	0	0	519	
14	0	0	0	0	519	
15	0	0	0	0	519	
0	0	0	0	0	519	
1	0	0	0	0	519	
2	0	0	0	0	519	
3	0	0	0	0	518	
4	0	0	0	0	518	
5	0	0	0	0	518	
6	0	0	0	0	518	
7	0	0	0	0	516	
8	0	0	0	0	515	
9	0	0	0	0	515	
10	0	0	0	0	516	
11	0	0	0	0	518	
12	0	0	0	0	519	
13	0	0	0	0	520	
14	0	0	0	0	519	
15	0	0	0	0	518	
0	0	0	0	0	518	
1	0	0	0	0	519	
2	0	0	0	0	519	
3	0	0	0	0	519	
4	0	0	0	0	519	
5	0	0	0	0	519	
6	0	0	0	0	518	
7	0	0	0	0	519	
8	0	0	0	0	519	
9	0	0	0	0	519	
10	0	0	0	0	519	
11	0	0	0	0	518	
12	0	0	0	0	519	
13	0	0	0	0	519	
14	0	0	0	0	519	
15	0	0	0	0	517	
0	0	0	0	0	518	
1	0	0	0	0	517	
2	0	0	0	0	516	
3	0	0	0	0	515	
4	0	0	0	0	515	
5	0	0	0	0	516	
6	0	0	0	0	517	
7	0	0	0	0	517	
8	0	0	0	0	518	
9	0	0	0	0	517	
10	0	0	0	0	515	
11	0	0	0	0	516	
12	0	0	0	0	516	
13	0	0	0	0	516	
14	0	0	0	0	516	
15	0	0	0	0	517	
0	0	0	0	0	516	
1	0	0	0	0	516	
2	0	0	0	0	518	
3	0	0	0	0	518	
4	0	0	0	0	518	
5	0	0	0	0	518	
6	0	0	0	0	518	
7	0	0	0	0	518	
8	0	0	0	0	517	
9	0	0	0	0	518	
10	0	0	0	0	517	
11	0	0	0	0	516	
12	0	0	0	0	515	
13	0	0	0	0	515	
14	0	0	0	0	515	
15	0	0	0	0	514	
0	0	0	0	0	513	
1	0	0	0	0	515	
2	0	0	0	0	517	
3	0	0	0	0	517	
4	0	0	0	0	516	
5	0	0	0	0	516	
6	0	0	0	0	516	
7	0	0	0	0	516	
8	0	0	0	0	517	
9	0	0	0	0	518	
10	0	0	0	0	517	
11	0	0	0	0	517	
12	0	0	0	0	517	
13	0	0	0	0	518	
14	0	0	0	0	517	
15	0	0	0	0	517	
0	0	0	0	0	518	
1	0	0	0	0	519	
2	0	0	0	0	519	
3	0	0	0	0	520	
4	0	0	0	0	521	
5	0	0	0	0	520	
6	0	0	0	0	520	
7	0	0	0	0	519	
8	0	0	0	0	519	
9	0	0	0	0	519	
10	0	0	0	0	519	
11	0	0	0	0	518	
12	0	0	0	0	518	
13	0	0	0	0	517	
14	0	0	0	0	517	
15	0	0	0	0	518	
0	0	0	0	0	518	
1	0	0	0	0	517	
2	0	0	0	0	517	
3	0	0	0	0	516	
4	0	0	0	0	515	
5	0	0	0	0	514	
6	0	0	0	0	513	
7	0	0	0	0	513	
8	0	0	0	0	514	
9	0	0	0	0	515	
10	0	0	0	0	515	
11	0	0	0	0	514	
12	0	0	0	0	514	
13	0	0	0	0	514	
14	0	0	0	0	514	
15	0	0	0	0	515	
0	0	0	0	0	516	
1	0	0	0	0	516	
2	0	0	0	0	516	
3	0	0	0	0	518	
4	0	0	0	0	518	
5	0	0	0	0	518	
6	0	0	0	0	519	
7	0	0	0	0	518	
8	0	0	0	0	518	
9	0	0	0	0	518	
10	0	0	0	0	517	
11	0	0	0	0	515	
12	0	0	0	0	513	
13	0	0	0	0	513	
14	0	0	0	0	513	
15	0	0	0	0	514	
0	0	0	0	0	515	
1	0	0	0	0	514	
2	0	0	0	0	514	
3	0	0	0	0	514	
4	0	0	0	0	514	
5	0	0	0	0	514	
6	0	0	0	0	514	
7	0	0	0	0	513	
8	0	0	0	0	513	
9	0	0	0	0	513	
10	0	0	0	0	513	
11	0	0	0	0	515	
12	0	0	0	0	516	
13	0	0	0	0	517	
14	0	0	0	0	516	
15	0	0	0	0	516	
0	0	0	0	0	516	
1	0	0	0	0	517	
2	0	0	0	0	517	
3	0	0	0	0	518	
4	0	0	0	0	517	
5	0	0	0	0	516	
6	0	0	0	0	515	
7	0	0	0	0	515	
8	0	0	0	0	517	
9	0	0	0	0	519	
10	0	0	0	0	520	
11	0	0	0	0	520	
12	0	0	0	0	520	
13	0	0	0	0	523	
14	0	0	0	0	523	
15	0	0	0	0	525	
0	0	0	0	0	525	
1	0	0	0	0	525	
2	0	0	0	0	526	
3	0	0	0	0	524	
4	0	0	0	0	524	
5	0	0	0	0	524	
6	0	0	0	0	526	
7	0	0	0	0	526	
8	0	0	0	0	526	
9	0	0	0	0	526	
10	0	0	0	0	526	
11	0	0	0	0	526	
12	0	0	0	0	525	
13	0	0	0	0	524	
14	0	0	0	0	523	
15	0	0	0	0	525	
0	0	0	0	0	527	
1	0	0	0	0	529	
2	0	0	0	0	531	
3	0	0	0	0	532	
4	0	0	0	0	534	
5	0	0	0	0	534	
6	0	0	0	0	536	
7	0	0	0	0	538	
8	0	0	0	0	538	
9	0	0	0	0	539	
10	0	0	0	0	540	
11	0	0	0	0	540	
12	0	0	0	0	540	
13	0	0	0	0	541	
14	0	0	0	0	541	
15	0	0	0	0	540	
0	0	0	0	0	540	
1	0	0	0	0	540	
2	0	0	0	0	539	
3	0	0	0	0	539	
4	0	0	0	0	539	
5	0	0	0	0	539	
6	0	0	0	0	539	
7	0	0	0	0	537	
8	0	0	0	0	536	
9	0	0	0	0	536	
10	0	0	0	0	536	
11	0	0	0	0	536	
12	0	0	0	0	535	
13	0	0	0	0	535	
14	0	0	0	0	534	
15	0	0	0	0	532	
0	0	0	0	0	531	
1	0	0	0	0	530	
2	0	0	0	0	528	
3	0	0	0	0	526	
4	0	0	0	0	524	
5	0	0	0	0	524	
6	0	0	0	0	525	
7	0	0	0	0	526	
8	0	0	0	0	524	
9	0	0	0	0	524	
10	0	0	0	0	524	
11	0	0	0	0	524	
12	0	0	0	0	523	
13	0	0	0	0	520	
14	0	0	0	0	521	
15	0	0	0	0	520	
0	0	0	0	0	519	
1	0	0	0	0	520	
2	0	0	0	0	519	
3	0	0	0	0	518	
4	0	0	0	0	518	
5	0	0	0	0	517	
6	0	0	0	0	515	
7	0	0	0	0	514	
8	0	0	0	0	513	
9	0	0	0	0	511	
10	0	0	0	0	511	
11	0	0	0	0	511	
12	0	0	0	0	511	
13	0	0	0	0	511	
14	0	0	0	0	511	
15	0	0	0	0	510	
0	0	0	0	0	510	
1	0	0	0	0	510	
2	0	0	0	0	510	
3	0	0	0	0	510	
4	0	0	0	0	509	
5	0	0	0	0	508	
6	0	0	0	0	506	
7	0	0	0	0	504	
8	0	0	0	0	504	
9	0	0	0	0	503	
10	0	0	0	0	504	
11	0	0	0	0	504	
12	0	0	0	0	506	
13	0	0	0	0	506	
14	0	0	0	0	507	
15	0	0	0	0	507	
0	0	0	0	0	507	
1	0	0	0	0	507	
2	0	0	0	0	508	
3	0	0	0	0	508	
4	0	0	0	0	509	
5	0	0	0	0	508	
6	0	0	0	0	510	
7	0	0	0	0	509	
8	0	0	0	0	507	
9	0	0	0	0	507	
10	0	0	0	0	508	
11	0	0	0	0	508	
12	0	0	0	0	507	
13	0	0	0	0	507	
14	0	0	0	0	507	
15	0	0	0	0	507	
0	0	0	0	0	506	
1	0	0	0	0	505	
2	0	0	0	0	504	
3	0	0	0	0	505	
4	0	0	0	0	504	
5	0	0	0	0	501	
6	0	0	0	0	500	
7	0	0	0	0	499	
8	0	0	0	0	498	
9	0	0	0	0	497	
10	0	0	0	0	497	
11	0	0	0	0	496	
12	0	0	0	0	495	
13	0	0	0	0	493	
14	0	0	0	0	490	
15	0	0	0	0	486	
0	0	0	0	0	482	
1	0	0	0	0	478	
2	0	0	0	0	475	
3	0	0	0	0	472	
4	0	0	0	0	470	
5	0	0	0	0	468	
6	0	0	0	0	468	
7	0	0	0	0	470	
8	0	0	0	0	472	
9	0	0	0	0	475	
10	0	0	0	0	476	
11	0	0	0	0	480	
12	0	0	0	0	487	
13	0	0	0	0	495	
14	0	0	0	0	504	
15	0	0	0	0	515	
0	0	0	0	0	526	
1	0	0	0	0	537	
2	0	0	0	0	550	
3	0	0	0	0	562	
4	0	0	0	0	577	
5	0	0	0	0	594	
6	0	0	0	0	611	
7	0	0	0	0	627	
8	0	0	0	0	647	
9	0	0	0	0	666	
10	0	0	0	0	684	
11	0	0	0	0	702	
12	0	0	0	0	717	
13	0	0	0	0	735	
14	0	0	0	0	753	
15	0	0	0	0	772	
0	0	0	0	0	790	
1	0	0	0	0	800	
2	0	0	0	0	803	
3	0	0	0	0	798	
4	0	0	0	0	788	
5	0	0	0	0	774	
6	0	0	0	0	756	
7	0	0	0	0	736	
8	0	0	0	0	716	
9	0	0	0	0	694	
10	0	0	0	0	673	
11	0	0	0	0	651	
12	0	0	0	0	625	
13	0	0	0	0	598	
14	0	0	0	0	570	
15	0	0	0	0	545	
0	0	0	0	0	522	
1	0	0	0	0	501	
2	0	0	0	0	481	
3	0	0	0	0	463	
4	0	0	0	0	449	
5	0	0	0	0	438	
6	0	0	0	0	431	
7	0	0	0	0	425	
8	0	0	0	0	423	
9	0	0	0	0	422	
10	0	0	0	0	423	
11	0	0	0	0	425	
12	0	0	0	0	429	
13	0	0	0	0	432	
14	0	0	0	0	436	
15	0	0	0	0	438	
0	0	0	0	0	440	
1	0	0	0	0	446	
2	0	0	0	0	450	
3	0	0	0	0	455	
4	0	0	0	0	458	
5	0	0	0	0	462	
6	0	0	0	0	466	
7	0	0	0	0	470	
8	0	0	0	0	475	
9	0	0	0	0	478	
10	0	0	0	0	480	
11	0	0	0	0	480	
12	0	0	0	0	480	
13	0	0	0	0	480	
14	0	0	0	0	480	
15	0	0	0	0	478	
0	0	0	0	0	478	
1	0	0	0	0	478	
2	0	0	0	0	479	
3	0	0	0	0	478	
4	0	0	0	0	478	
5	0	0	0	0	479	
6	0	0	0	0	479	
7	0	0	0	0	480	
8	0	0	0	0	483	
9	0	0	0	0	484	
10	0	0	0	0	484	
11	0	0	0	0	484	
12	0	0	0	0	484	
13	0	0	0	0	484	
14	0	0	0	0	484	
15	0	0	0	0	483	
0	0	0	0	0	483	
1	0	0	0	0	483	
2	0	0	0	0	486	
3	0	0	0	0	487	
4	0	0	0	0	487	
5	0	0	0	0	487	
6	0	0	0	0	487	
7	0	0	0	0	487	
8	0	0	0	0	488	
9	0	0	0	0	486	
10	0	0	0	0	485	
11	0	0	0	0	487	
12	0	0	0	0	485	
13	0	0	0	0	485	
14	0	0	0	0	487	
15	0	0	0	0	488	
0	0	0	0	0	488	
1	0	0	0	0	489	
2	0	0	0	0	490	
3	0	0	0	0	489	
4	0	0	0	0	487	
5	0	0	0	0	487	
6	0	0	0	0	488	
7	0	0	0	0	490	
8	0	0	0	0	491	
9	0	0	0	0	492	
10	0	0	0	0	492	
11	0	0	0	0	493	
12	0	0	0	0	493	
13	0	0	0	0	493	
14	0	0	0	0	493	
15	0	0	0	0	492	
0	0	0	0	0	492	
1	0	0	0	0	492	
2	0	0	0	0	492	
3	0	0	0	0	491	
4	0	0	0	0	490	
5	0	0	0	0	492	
6	0	0	0	0	496	
7	0	0	0	0	497	
8	0	0	0	0	498	
9	0	0	0	0	498	
10	0	0	0	0	498	
11	0	0	0	0	499	
12	0	0	0	0	500	
13	0	0	0	0	499	
14	0	0	0	0	500	
15	0	0	0	0	499	
0	0	0	0	0	499	
1	0	0	0	0	499	
2	0	0	0	0	500	
3	0	0	0	0	501	
4	0	0	0	0	501	
5	0	0	0	0	501	
6	0	0	0	0	503	
7	0	0	0	0	504	
8	0	0	0	0	507	
9	0	0	0	0	505	
10	0	0	0	0	506	
11	0	0	0	0	507	
12	0	0	0	0	507	
13	0	0	0	0	507	
14	0	0	0	0	507	
15	0	0	0	0	506	
0	0	0	0	0	507	
1	0	0	0	0	508	
2	0	0	0	0	511	
3	0	0	0	0	512	
4	0	0	0	0	511	
5	0	0	0	0	513	
6	0	0	0	0	514	
7	0	0	0	0	513	
8	0	0	0	0	512	
9	0	0	0	0	514	
10	0	0	0	0	515	
11	0	0	0	0	513	
12	0	0	0	0	512	
13	0	0	0	0	513	
14	0	0	0	0	515	
15	0	0	0	0	515	
0	0	0	0	0	515	
1	0	0	0	0	514	
2	0	0	0	0	514	
3	0	0	0	0	516	
4	0	0	0	0	518	
5	0	0	0	0	519	
6	0	0	0	0	520	
7	0	0	0	0	521	
8	0	0	0	0	518	
9	0	0	0	0	515	
10	0	0	0	0	515	
11	0	0	0	0	516	
12	0	0	0	0	517	
13	0	0	0	0	519	
14	0	0	0	0	521	
15	0	0	0	0	523	
0	0	0	0	0	524	
1	0	0	0	0	522	
2	0	0	0	0	523	
3	0	0	0	0	526	
4	0	0	0	0	527	
5	0	0	0	0	527	
6	0	0	0	0	528	
7	0	0	0	0	529	
8	0	0	0	0	531	
9	0	0	0	0	529	
10	0	0	0	0	529	
11	0	0	0	0	531	
12	0	0	0	0	532	
13	0	0	0	0	533	
14	0	0	0	0	533	
15	0	0	0	0	532	
0	0	0	0	0	533	
1	0	0	0	0	534	
2	0	0	0	0	534	
3	0	0	0	0	534	
4	0	0	0	0	532	
5	0	0	0	0	532	
6	0	0	0	0	532	
7	0	0	0	0	533	
8	0	0	0	0	533	
9	0	0	0	0	533	
10	0	0	0	0	534	
11	0	0	0	0	535	
12	0	0	0	0	536	
13	0	0	0	0	536	
14	0	0	0	0	537	
15	0	0	0	0	537	
0	0	0	0	0	539	
1	0	0	0	0	540	
2	0	0	0	0	539	
3	0	0	0	0	538	
4	0	0	0	0	538	
5	0	0	0	0	540	
6	0	0	0	0	543	
7	0	0	0	0	543	
8	0	0	0	0	544	
9	0	0	0	0	545	
10	0	0	0	0	548	
11	0	0	0	0	547	
12	0	0	0	0	547	
13	0	0	0	0	547	
14	0	0	0	0	548	
15	0	0	0	0	549	
0	0	0	0	0	550	
1	0	0	0	0	551	
2	0	0	0	0	551	
3	0	0	0	0	551	
4	0	0	0	0	553	
5	0	0	0	0	556	
6	0	0	0	0	556	
7	0	0	0	0	556	
8	0	0	0	0	557	
9	0	0	0	0	558	
10	0	0	0	0	560	
11	0	0	0	0	561	
12	0	0	0	0	562	
13	0	0	0	0	563	
14	0	0	0	0	564	
15	0	0	0	0	563	
0	0	0	0	0	565	
1	0	0	0	0	568	
2	0	0	0	0	569	
3	0	0	0	0	568	
4	0	0	0	0	569	
5	0	0	0	0	568	
6	0	0	0	0	567	
7	0	0	0	0	567	
8	0	0	0	0	569	
9	0	0	0	0	571	
10	0	0	0	0	572	
11	0	0	0	0	572	
12	0	0	0	0	571	
13	0	0	0	0	570	
14	0	0	0	0	568	
15	0	0	0	0	567	
0	0	0	0	0	568	
1	0	0	0	0	568	
2	0	0	0	0	569	
3	0	0	0	0	570	
4	0	0	0	0	569	
5	0	0	0	0	569	
6	0	0	0	0	570	
7	0	0	0	0	569	
8	0	0	0	0	568	
9	0	0	0	0	567	
10	0	0	0	0	567	
11	0	0	0	0	565	
12	0	0	0	0	563	
13	0	0	0	0	563	
14	0	0	0	0	561	
15	0	0	0	0	560	
0	0	0	0	0	560	
1	0	0	0	0	559	
2	0	0	0	0	558	
3	0	0	0	0	557	
4	0	0	0	0	554	
5	0	0	0	0	550	
6	0	0	0	0	548	
7	0	0	0	0	547	
8	0	0	0	0	545	
9	0	0	0	0	541	
10	0	0	0	0	536	
11	0	0	0	0	533	
12	0	0	0	0	530	
13	0	0	0	0	530	
14	0	0	0	0	530	
15	0	0	0	0	526	
0	0	0	0	0	524	
1	0	0	0	0	521	
2	0	0	0	0	516	
3	0	0	0	0	512	
4	0	0	0	0	508	
5	0	0	0	0	505	
6	0	0	0	0	502	
7	0	0	0	0	499	
8	0	0	0	0	498	
9	0	0	0	0	496	
10	0	0	0	0	495	
11	0	0	0	0	492	
12	0	0	0	0	491	
13	0	0	0	0	489	
14	0	0	0	0	487	
15	0	0	0	0	484	
0	0	0	0	0	481	
1	0	0	0	0	481	
2	0	0	0	0	482	
3	0	0	0	0	483	
4	0	0	0	0	481	
5	0	0	0	0	478	
6	0	0	0	0	476	
7	0	0	0	0	474	
8	0	0	0	0	471	
9	0	0	0	0	467	
10	0	0	0	0	466	
11	0	0	0	0	467	
12	0	0	0	0	467	
13	0	0	0	0	467	
14	0	0	0	0	467	
15	0	0	0	0	466	
0	0	0	0	0	465	
1	0	0	0	0	466	
2	0	0	0	0	465	
3	0	0	0	0	467	
4	0	0	0	0	466	
5	0	0	0	0	466	
6	0	0	0	0	466	
7	0	0	0	0	465	
8	0	0	0	0	464	
9	0	0	0	0	464	
10	0	0	0	0	463	
11	0	0	0	0	464	
12	0	0	0	0	464	
13	0	0	0	0	465	
14	0	0	0	0	466	
15	0	0	0	0	464	
0	0	0	0	0	461	
1	0	0	0	0	459	
2	0	0	0	0	460	
3	0	0	0	0	460	
4	0	0	0	0	462	
5	0	0	0	0	464	
6	0	0	0	0	465	
7	0	0	0	0	465	
8	0	0	0	0	464	
9	0	0	0	0	465	
10	0	0	0	0	465	
11	0	0	0	0	466	
12	0	0	0	0	466	
13	0	0	0	0	465	
14	0	0	0	0	464	
15	0	0	0	0	464	
0	0	0	0	0	466	
1	0	0	0	0	467	
2	0	0	0	0	467	
3	0	0	0	0	469	
4	0	0	0	0	470	
5	0	0	0	0	470	
6	0	0	0	0	471	
7	0	0	0	0	473	
8	0	0	0	0	476	
9	0	0	0	0	479	
10	0	0	0	0	479	
11	0	0	0	0	480	
12	0	0	0	0	481	
13	0	0	0	0	480	
14	0	0	0	0	479	
15	0	0	0	0	479	
0	0	0	0	0	480	
1	0	0	0	0	481	
2	0	0	0	0	481	
3	0	0	0	0	482	
4	0	0	0	0	483	
5	0	0	0	0	483	
6	0	0	0	0	483	
7	0	0	0	0	483	
8	0	0	0	0	484	
9	0	0	0	0	484	
10	0	0	0	0	485	
11	0	0	0	0	487	
12	0	0	0	0	486	
13	0	0	0	0	483	
14	0	0	0	0	480	
15	0	0	0	0	481	
0	0	0	0	0	483	
1	0	0	0	0	485	
2	0	0	0	0	487	
3	0	0	0	0	485	
4	0	0	0	0	484	
5	0	0	0	0	482	
6	0	0	0	0	483	
7	0	0	0	0	485	
8	0	0	0	0	485	
9	0	0	0	0	485	
10	0	0	0	0	484	
11	0	0	0	0	486	
12	0	0	0	0	487	
13	0	0	0	0	484	
14	0	0	0	0	483	
15	0	0	0	0	486	
0	0	0	0	0	490	
1	0	0	0	0	493	
2	0	0	0	0	494	
3	0	0	0	0	494	
4	0	0	0	0	496	
5	0	0	0	0	497	
6	0	0	0	0	497	
7	0	0	0	0	497	
8	0	0	0	0	498	
9	0	0	0	0	499	
10	0	0	0	0	499	
11	0	0	0	0	497	
12	0	0	0	0	497	
13	0	0	0	0	499	
14	0	0	0	0	498	
15	0	0	0	0	496	
0	0	0	0	0	495	
1	0	0	0	0	496	
2	0	0	0	0	497	
3	0	0	0	0	498	
4	0	0	0	0	498	
5	0	0	0	0	497	
6	0	0	0	0	499	
7	0	0	0	0	499	
8	0	0	0	0	499	
9	0	0	0	0	499	
10	0	0	0	0	499	
11	0	0	0	0	501	
12	0	0	0	0	500	
13	0	0	0	0	500	
14	0	0	0	0	499	
15	0	0	0	0	499	
0	0	0	0	0	499	
1	0	0	0	0	500	
2	0	0	0	0	502	
3	0	0	0	0	503	
4	0	0	0	0	502	
5	0	0	0	0	500	
6	0	0	0	0	499	
7	0	0	0	0	502	
8	0	0	0	0	504	
9	0	0	0	0	504	
10	0	0	0	0	504	
11	0	0	0	0	504	
12	0	0	0	0	503	
13	0	0	0	0	501	
14	0	0	0	0	503	
15	0	0	0	0	505	
0	0	0	0	0	507	
1	0	0	0	0	506	
2	0	0	0	0	506	
3	0	0	0	0	507	
4	0	0	0	0	508	
5	0	0	0	0	510	
6	0	0	0	0	511	
7	0	0	0	0	512	
8	0	0	0	0	512	
9	0	0	0	0	513	
10	0	0	0	0	512	
11	0	0	0	0	510	
12	0	0	0	0	509	
13	0	0	0	0	509	
14	0	0	0	0	509	
15	0	0	0	0	507	
0	0	0	0	0	507	
1	0	0	0	0	504	
2	0	0	0	0	503	
3	0	0	0	0	503	
4	0	0	0	0	506	
5	0	0	0	0	508	
6	0	0	0	0	509	
7	0	0	0	0	510	
8	0	0	0	0	510	
9	0	0	0	0	512	
10	0	0	0	0	513	
11	0	0	0	0	513	
12	0	0	0	0	513	
13	0	0	0	0	513	
14	0	0	0	0	512	
15	0	0	0	0	512	
0	0	0	0	0	512	
1	0	0	0	0	513	
2	0	0	0	0	513	
3	0	0	0	0	515	
4	0	0	0	0	514	
5	0	0	0	0	512	
6	0	0	0	0	510	
7	0	0	0	0	512	
8	0	0	0	0	515	
9	0	0	0	0	514	
10	0	0	0	0	514	
11	0	0	0	0	513	
12	0	0	0	0	514	
13	0	0	0	0	515	
14	0	0	0	0	514	
15	0	0	0	0	513	
0	0	0	0	0	513	
1	0	0	0	0	514	
2	0	0	0	0	514	
3	0	0	0	0	515	
4	0	0	0	0	513	
5	0	0	0	0	513	
6	0	0	0	0	513	
7	0	0	0	0	513	
8	0	0	0	0	513	
9	0	0	0	0	513	
10	0	0	0	0	515	
11	0	0	0	0	515	
12	0	0	0	0	514	
13	0	0	0	0	515	
14	0	0	0	0	515	
15	0	0	0	0	516	
0	0	0	0	0	517	
1	0	0	0	0	521	
2	0	0	0	0	522	
3	0	0	0	0	520	
4	0	0	0	0	517	
5	0	0	0	0	518	
6	0	0	0	0	517	
7	0	0	0	0	516	
8	0	0	0	0	518	
9	0	0	0	0	519	
10	0	0	0	0	518	
11	0	0	0	0	516	
12	0	0	0	0	516	
13	0	0	0	0	516	
14	0	0	0	0	517	
15	0	0	0	0	518	
0	0	0	0	0	519	
1	0	0	0	0	520	
2	0	0	0	0	520	
3	0	0	0	0	520	
4	0	0	0	0	520	
5	0	0	0	0	520	
6	0	0	0	0	519	
7	0	0	0	0	515	
8	0	0	0	0	515	
9	0	0	0	0	515	
10	0	0	0	0	512	
11	0	0	0	0	515	
12	0	0	0	0	518	
13	0	0	0	0	519	
14	0	0	0	0	519	
15	0	0	0	0	521	
0	0	0	0	0	521	
1	0	0	0	0	521	
2	0	0	0	0	521	
3	0	0	0	0	520	
4	0	0	0	0	519	
5	0	0	0	0	518	
6	0	0	0	0	518	
7	0	0	0	0	517	
8	0	0	0	0	516	
9	0	0	0	0	514	
10	0	0	0	0	515	
11	0	0	0	0	515	
12	0	0	0	0	517	
13	0	0	0	0	518	
14	0	0	0	0	517	
15	0	0	0	0	514	
0	0	0	0	0	514	
1	0	0	0	0	518	
2	0	0	0	0	519	
3	0	0	0	0	521	
4	0	0	0	0	520	
5	0	0	0	0	518	
6	0	0	0	0	518	
7	0	0	0	0	518	
8	0	0	0	0	519	
9	0	0	0	0	519	
10	0	0	0	0	520	
11	0	0	0	0	521	
12	0	0	0	0	522	
13	0	0	0	0	524	
14	0	0	0	0	524	
15	0	0	0	0	523	
0	0	0	0	0	525	
1	0	0	0	0	524	
2	0	0	0	0	524	
3	0	0	0	0	523	
4	0	0	0	0	521	
5	0	0	0	0	521	
6	0	0	0	0	523	
7	0	0	0	0	523	
8	0	0	0	0	521	
9	0	0	0	0	520	
10	0	0	0	0	519	
11	0	0	0	0	518	
12	0	0	0	0	514	
13	0	0	0	0	516	
14	0	0	0	0	518	
15	0	0	0	0	519	
0	0	0	0	0	519	
1	0	0	0	0	519	
2	0	0	0	0	517	
3	0	0	0	0	518	
4	0	0	0	0	523	
5	0	0	0	0	524	
6	0	0	0	0	525	
7	0	0	0	0	526	
8	0	0	0	0	527	
9	0	0	0	0	525	
10	0	0	0	0	524	
11	0	0	0	0	525	
12	0	0	0	0	524	
13	0	0	0	0	524	
14	0	0	0	0	524	
15	0	0	0	0	524	
0	0	0	0	0	523	
1	0	0	0	0	523	
2	0	0	0	0	522	
3	0	0	0	0	522	
4	0	0	0	0	522	
5	0	0	0	0	521	
6	0	0	0	0	522	
7	0	0	0	0	522	
8	0	0	0	0	523	
9	0	0	0	0	522	
10	0	0	0	0	524	
11	0	0	0	0	524	
12	0	0	0	0	525	
13	0	0	0	0	527	
14	0	0	0	0	527	
15	0	0	0	0	528	
0	0	0	0	0	527	
1	0	0	0	0	527	
2	0	0	0	0	527	
3	0	0	0	0	527	
4	0	0	0	0	528	
5	0	0	0	0	528	
6	0	0	0	0	526	
7	0	0	0	0	526	
8	0	0	0	0	528	
9	0	0	0	0	527	
10	0	0	0	0	527	
11	0	0	0	0	527	
12	0	0	0	0	530	
13	0	0	0	0	530	
14	0	0	0	0	531	
15	0	0	0	0	535	
0	0	0	0	0	536	
1	0	0	0	0	536	
2	0	0	0	0	534	
3	0	0	0	0	535	
4	0	0	0	0	536	
5	0	0	0	0	537	
6	0	0	0	0	537	
7	0	0	0	0	536	
8	0	0	0	0	536	
9	0	0	0	0	534	
10	0	0	0	0	531	
11	0	0	0	0	529	
12	0	0	0	0	527	
13	0	0	0	0	529	
14	0	0	0	0	531	
15	0	0	0	0	531	
0	0	0	0	0	530	
1	0	0	0	0	531	
2	0	0	0	0	536	
3	0	0	0	0	537	
4	0	0	0	0	536	
5	0	0	0	0	535	
6	0	0	0	0	535	
7	0	0	0	0	533	
8	0	0	0	0	533	
9	0	0	0	0	532	
10	0	0	0	0	531	
11	0	0	0	0	529	
12	0	0	0	0	527	
13	0	0	0	0	523	
14	0	0	0	0	517	
15	0	0	0	0	515	
0	0	0	0	0	515	
1	0	0	0	0	519	
2	0	0	0	0	520	
3	0	0	0	0	520	
4	0	0	0	0	521	
5	0	0	0	0	525	
6	0	0	0	0	524	
7	0	0	0	0	522	
8	0	0	0	0	523	
9	0	0	0	0	522	
10	0	0	0	0	520	
11	0	0	0	0	520	
12	0	0	0	0	520	
13	0	0	0	0	519	
14	0	0	0	0	517	
15	0	0	0	0	515	
0	0	0	0	0	515	
1	0	0	0	0	515	
2	0	0	0	0	515	
3	0	0	0	0	513	
4	0	0	0	0	513	
5	0	0	0	0	514	
6	0	0	0	0	514	
7	0	0	0	0	515	
8	0	0	0	0	514	
9	0	0	0	0	515	
10	0	0	0	0	515	
11	0	0	0	0	513	
12	0	0	0	0	512	
13	0	0	0	0	512	
14	0	0	0	0	511	
15	0	0	0	0	512	
0	0	0	0	0	511	
1	0	0	0	0	512	
2	0	0	0	0	510	
3	0	0	0	0	512	
4	0	0	0	0	513	
5	0	0	0	0	514	
6	0	0	0	0	517	
7	0	0	0	0	520	
8	0	0	0	0	518	
9	0	0	0	0	512	
10	0	0	0	0	511	
11	0	0	0	0	510	
12	0	0	0	0	511	
13	0	0	0	0	512	
14	0	0	0	0	513	
15	0	0	0	0	514	
0	0	0	0	0	514	
1	0	0	0	0	515	
2	0	0	0	0	515	
3	0	0	0	0	515	
4	0	0	0	0	513	
5	0	0	0	0	512	
6	0	0	0	0	515	
7	0	0	0	0	515	
8	0	0	0	0	514	
9	0	0	0	0	512	
10	0	0	0	0	511	
11	0	0	0	0	513	
12	0	0	0	0	515	
13	0	0	0	0	512	
14	0	0	0	0	510	
15	0	0	0	0	508	
0	0	0	0	0	508	
1	0	0	0	0	507	
2	0	0	0	0	508	
3	0	0	0	0	507	
4	0	0	0	0	506	
5	0	0	0	0	505	
6	0	0	0	0	503	
7	0	0	0	0	500	
8	0	0	0	0	496	
9	0	0	0	0	490	
10	0	0	0	0	487	
11	0	0	0	0	485	
12	0	0	0	0	481	
13	0	0	0	0	482	
14	0	0	0	0	480	
15	0	0	0	0	479	
0	0	0	0	0	479	
1	0	0	0	0	478	
2	0	0	0	0	479	
3	0	0	0	0	482	
4	0	0	0	0	487	
5	0	0	0	0	492	
6	0	0	0	0	496	
7	0	0	0	0	500	
8	0	0	0	0	504	
9	0	0	0	0	512	
10	0	0	0	0	519	
11	0	0	0	0	528	
12	0	0	0	0	539	
13	0	0	0	0	552	
14	0	0	0	0	568	
15	0	0	0	0	584	
0	0	0	0	0	599	
1	0	0	0	0	610	
2	0	0	0	0	626	
3	0	0	0	0	644	
4	0	0	0	0	658	
5	0	0	0	0	671	
6	0	0	0	0	687	
7	0	0	0	0	702	
8	0	0	0	0	716	
9	0	0	0	0	731	
10	0	0	0	0	740	
11	0	0	0	0	745	
12	0	0	0	0	748	
13	0	0	0	0	744	
14	0	0	0	0	734	
15	0	0	0	0	726	
0	0	0	0	0	712	
1	0	0	0	0	695	
2	0	0	0	0	675	
3	0	0	0	0	658	
4	0	0	0	0	638	
5	0	0	0	0	613	
6	0	0	0	0	586	
7	0	0	0	0	562	
8	0	0	0	0	542	
9	0	0	0	0	521	
10	0	0	0	0	502	
11	0	0	0	0	483	
12	0	0	0	0	471	
13	0	0	0	0	457	
14	0	0	0	0	448	
15	0	0	0	0	438	
0	0	0	0	0	430	
1	0	0	0	0	428	
2	0	0	0	0	427	
3	0	0	0	0	427	
4	0	0	0	0	429	
5	0	0	0	0	435	
6	0	0	0	0	441	
7	0	0	0	0	444	
8	0	0	0	0	444	
9	0	0	0	0	444	
10	0	0	0	0	445	
11	0	0	0	0	452	
12	0	0	0	0	455	
13	0	0	0	0	460	
14	0	0	0	0	466	
15	0	0	0	0	472	
0	0	0	0	0	476	
1	0	0	0	0	479	
2	0	0	0	0	485	
3	0	0	0	0	491	
4	0	0	0	0	495	
5	0	0	0	0	497	
6	0	0	0	0	499	
7	0	0	0	0	498	
8	0	0	0	0	498	
9	0	0	0	0	498	
10	0	0	0	0	497	
11	0	0	0	0	495	
12	0	0	0	0	494	
13	0	0	0	0	495	
14	0	0	0	0	497	
15	0	0	0	0	498	
0	0	0	0	0	499	
1	0	0	0	0	498	
2	0	0	0	0	497	
3	0	0	0	0	495	
4	0	0	0	0	494	
5	0	0	0	0	492	
6	0	0	0	0	493	
7	0	0	0	0	495	
8	0	0	0	0	494	
9	0	0	0	0	496	
10	0	0	0	0	496	
11	0	0	0	0	499	
12	0	0	0	0	502	
13	0	0	0	0	502	
14	0	0	0	0	502	
15	0	0	0	0	501	
0	0	0	0	0	499	
1	0	0	0	0	499	
2	0	0	0	0	500	
3	0	0	0	0	499	
4	0	0	0	0	496	
5	0	0	0	0	494	
6	0	0	0	0	496	
7	0	0	0	0	497	
8	0	0	0	0	498	
9	0	0	0	0	500	
10	0	0	0	0	501	
11	0	0	0	0	501	
12	0	0	0	0	503	
13	0	0	0	0	505	
14	0	0	0	0	510	
15	0	0	0	0	510	
0	0	0	0	0	507	
1	0	0	0	0	504	
2	0	0	0	0	503	
3	0	0	0	0	505	
4	0	0	0	0	505	
5	0	0	0	0	504	
6	0	0	0	0	504	
7	0	0	0	0	505	
8	0	0	0	0	511	
9	0	0	0	0	513	
10	0	0	0	0	513	
11	0	0	0	0	512	
12	0	0	0	0	512	
13	0	0	0	0	512	
14	0	0	0	0	512	
15	0	0	0	0	511	
0	0	0	0	0	511	
1	0	0	0	0	514	
2	0	0	0	0	513	
3	0	0	0	0	512	
4	0	0	0	0	512	
5	0	0	0	0	513	
6	0	0	0	0	515	
7	0	0	0	0	515	
8	0	0	0	0	514	
9	0	0	0	0	513	
10	0	0	0	0	512	
11	0	0	0	0	512	
12	0	0	0	0	512	
13	0	0	0	0	514	
14	0	0	0	0	517	
15	0	0	0	0	516	
0	0	0	0	0	514	
1	0	0	0	0	513	
2	0	0	0	0	512	
3	0	0	0	0	510	
4	0	0	0	0	510	
5	0	0	0	0	514	
6	0	0	0	0	516	
7	0	0	0	0	517	
8	0	0	0	0	518	
9	0	0	0	0	517	
10	0	0	0	0	516	
11	0	0	0	0	516	
12	0	0	0	0	518	
13	0	0	0	0	517	
14	0	0	0	0	516	
15	0	0	0	0	516	
0	0	0	0	0	515	
1	0	0	0	0	516	
2	0	0	0	0	514	
3	0	0	0	0	515	
4	0	0	0	0	516	
5	0	0	0	0	516	
6	0	0	0	0	515	
7	0	0	0	0	513	
8	0	0	0	0	515	
9	0	0	0	0	519	
10	0	0	0	0	524	
11	0	0	0	0	524	
12	0	0	0	0	525	
13	0	0	0	0	526	
14	0	0	0	0	526	
15	0	0	0	0	526	
0	0	0	0	0	527	
1	0	0	0	0	526	
2	0	0	0	0	524	
3	0	0	0	0	526	
4	0	0	0	0	527	
5	0	0	0	0	528	
6	0	0	0	0	530	
7	0	0	0	0	530	
8	0	0	0	0	529	
9	0	0	0	0	528	
10	0	0	0	0	527	
11	0	0	0	0	527	
12	0	0	0	0	527	
13	0	0	0	0	527	
14	0	0	0	0	526	
15	0	0	0	0	525	
0	0	0	0	0	526	
1	0	0	0	0	527	
2	0	0	0	0	527	
3	0	0	0	0	528	
4	0	0	0	0	531	
5	0	0	0	0	534	
6	0	0	0	0	535	
7	0	0	0	0	535	
8	0	0	0	0	536	
9	0	0	0	0	535	
10	0	0	0	0	535	
11	0	0	0	0	537	
12	0	0	0	0	537	
13	0	0	0	0	537	
14	0	0	0	0	538	
15	0	0	0	0	539	
0	0	0	0	0	538	
1	0	0	0	0	536	
2	0	0	0	0	534	
3	0	0	0	0	537	
4	0	0	0	0	537	
5	0	0	0	0	536	
6	0	0	0	0	537	
7	0	0	0	0	538	
8	0	0	0	0	540	
9	0	0	0	0	545	
10	0	0	0	0	547	
11	0	0	0	0	545	
12	0	0	0	0	546	
13	0	0	0	0	547	
14	0	0	0	0	548	
15	0	0	0	0	549	
0	0	0	0	0	550	
1	0	0	0	0	550	
2	0	0	0	0	551	
3	0	0	0	0	552	
4	0	0	0	0	556	
5	0	0	0	0	557	
6	0	0	0	0	555	
7	0	0	0	0	555	
8	0	0	0	0	555	
9	0	0	0	0	551	
10	0	0	0	0	554	
11	0	0	0	0	556	
12	0	0	0	0	558	
13	0	0	0	0	556	
14	0	0	0	0	559	
15	0	0	0	0	562	
0	0	0	0	0	562	
1	0	0	0	0	563	
2	0	0	0	0	564	
3	0	0	0	0	564	
4	0	0	0	0	566	
5	0	0	0	0	566	
6	0	0	0	0	566	
7	0	0	0	0	568	
8	0	0	0	0	570	
9	0	0	0	0	569	
10	0	0	0	0	568	
11	0	0	0	0	573	
12	0	0	0	0	575	
13	0	0	0	0	572	
14	0	0	0	0	569	
15	0	0	0	0	569	
0	0	0	0	0	569	
1	0	0	0	0	566	
2	0	0	0	0	566	
3	0	0	0	0	567	
4	0	0	0	0	565	
5	0	0	0	0	564	
6	0	0	0	0	567	
7	0	0	0	0	567	
8	0	0	0	0	566	
9	0	0	0	0	566	
10	0	0	0	0	567	
11	0	0	0	0	567	
12	0	0	0	0	566	
13	0	0	0	0	564	
14	0	0	0	0	560	
15	0	0	0	0	556	
0	0	0	0	0	556	
1	0	0	0	0	556	
2	0	0	0	0	555	
3	0	0	0	0	551	
4	0	0	0	0	550	
5	0	0	0	0	550	
6	0	0	0	0	550	
7	0	0	0	0	553	
8	0	0	0	0	552	
9	0	0	0	0	548	
10	0	0	0	0	544	
11	0	0	0	0	543	
12	0	0	0	0	540	
13	0	0	0	0	539	
14	0	0	0	0	534	
15	0	0	0	0	532	
0	0	0	0	0	530	
1	0	0	0	0	527	
2	0	0	0	0	525	
3	0	0	0	0	521	
4	0	0	0	0	515	
5	0	0	0	0	512	
6	0	0	0	0	510	
7	0	0	0	0	507	
8	0	0	0	0	507	
9	0	0	0	0	505	
10	0	0	0	0	503	
11	0	0	0	0	501	
12	0	0	0	0	499	
13	0	0	0	0	497	
14	0	0	0	0	492	
15	0	0	0	0	490	
0	0	0	0	0	491	
1	0	0	0	0	489	
2	0	0	0	0	487	
3	0	0	0	0	486	
4	0	0	0	0	482	
5	0	0	0	0	482	
6	0	0	0	0	480	
7	0	0	0	0	476	
8	0	0	0	0	472	
9	0	0	0	0	470	
10	0	0	0	0	470	
11	0	0	0	0	467	
12	0	0	0	0	470	
13	0	0	0	0	470	
14	0	0	0	0	468	
15	0	0	0	0	465	
0	0	0	0	0	463	
1	0	0	0	0	464	
2	0	0	0	0	465	
3	0	0	0	0	468	
4	0	0	0	0	466	
5	0	0	0	0	463	
6	0	0	0	0	463	
7	0	0	0	0	464	
8	0	0	0	0	464	
9	0	0	0	0	464	
10	0	0	0	0	464	
11	0	0	0	0	464	
12	0	0	0	0	464	
13	0	0	0	0	463	
14	0	0	0	0	457	
15	0	0	0	0	455	
0	0	0	0	0	459	
1	0	0	0	0	457	
2	0	0	0	0	456	
3	0	0	0	0	455	
4	0	0	0	0	455	
5	0	0	0	0	458	
6	0	0	0	0	458	
7	0	0	0	0	456	
8	0	0	0	0	456	
9	0	0	0	0	459	
10	0	0	0	0	461	
11	0	0	0	0	463	
12	0	0	0	0	465	
13	0	0	0	0	465	
14	0	0	0	0	467	
15	0	0	0	0	468	
0	0	0	0	0	467	
1	0	0	0	0	464	
2	0	0	0	0	461	
3	0	0	0	0	464	
4	0	0	0	0	467	
5	0	0	0	0	468	
6	0	0	0	0	467	
7	0	0	0	0	464	
8	0	0	0	0	465	
9	0	0	0	0	468	
10	0	0	0	0	470	
11	0	0	0	0	469	
12	0	0	0	0	469	
13	0	0	0	0	466	
14	0	0	0	0	466	
15	0	0	0	0	467	
0	0	0	0	0	467	
1	0	0	0	0	467	
2	0	0	0	0	469	
3	0	0	0	0	470	
4	0	0	0	0	470	
5	0	0	0	0	472	
6	0	0	0	0	475	
7	0	0	0	0	473	
8	0	0	0	0	476	
9	0	0	0	0	477	
10	0	0	0	0	475	
11	0	0	0	0	474	
12	0	0	0	0	475	
13	0	0	0	0	479	
14	0	0	0	0	483	
15	0	0	0	0	484	
0	0	0	0	0	482	
1	0	0	0	0	481	
2	0	0	0	0	484	
3	0	0	0	0	485	
4	0	0	0	0	483	
5	0	0	0	0	481	
6	0	0	0	0	483	
7	0	0	0	0	484	
8	0	0	0	0	484	
9	0	0	0	0	480	
10	0	0	0	0	479	
11	0	0	0	0	478	
12	0	0	0	0	477	
13	0	0	0	0	475	
14	0	0	0	0	476	
15	0	0	0	0	478	
0	0	0	0	0	479	
1	0	0	0	0	482	
2	0	0	0	0	486	
3	0	0	0	0	488	
4	0	0	0	0	487	
5	0	0	0	0	485	
6	0	0	0	0	487	
7	0	0	0	0	490	
8	0	0	0	0	489	
9	0	0	0	0	489	
10	0	0	0	0	492	
11	0	0	0	0	494	
12	0	0	0	0	494	
13	0	0	0	0	491	
14	0	0	0	0	488	
15	0	0	0	0	489	
0	0	0	0	0	487	
1	0	0	0	0	488	
2	0	0	0	0	490	
3	0	0	0	0	492	
4	0	0	0	0	495	
5	0	0	0	0	497	
6	0	0	0	0	495	
7	0	0	0	0	493	
8	0	0	0	0	491	
9	0	0	0	0	492	
10	0	0	0	0	494	
11	0	0	0	0	490	
12	0	0	0	0	489	
13	0	0	0	0	491	
14	0	0	0	0	491	
15	0	0	0	0	491	
0	0	0	0	0	493	
1	0	0	0	0	494	
2	0	0	0	0	496	
3	0	0	0	0	493	
4	0	0	0	0	495	
5	0	0	0	0	499	
6	0	0	0	0	501	
7	0	0	0	0	503	
8	0	0	0	0	502	
9	0	0	0	0	500	
10	0	0	0	0	499	
11	0	0	0	0	501	
12	0	0	0	0	503	
13	0	0	0	0	504	
14	0	0	0	0	501	
15	0	0	0	0	499	
0	0	0	0	0	495	
1	0	0	0	0	494	
2	0	0	0	0	493	
3	0	0	0	0	491	
4	0	0	0	0	494	
5	0	0	0	0	497	
6	0	0	0	0	497	
7	0	0	0	0	496	
8	0	0	0	0	496	
9	0	0	0	0	497	
10	0	0	0	0	496	
11	0	0	0	0	496	
12	0	0	0	0	498	
13	0	0	0	0	499	
14	0	0	0	0	500	
15	0	0	0	0	500	
0	0	0	0	0	502	
1	0	0	0	0	501	
2	0	0	0	0	503	
3	0	0	0	0	505	
4	0	0	0	0	504	
5	0	0	0	0	501	
6	0	0	0	0	499	
7	0	0	0	0	499	
8	0	0	0	0	500	
9	0	0	0	0	502	
10	0	0	0	0	502	
11	0	0	0	0	499	
12	0	0	0	0	499	
13	0	0	0	0	499	
14	0	0	0	0	502	
15	0	0	0	0	502	
0	0	0	0	0	500	
1	0	0	0	0	503	
2	0	0	0	0	504	
3	0	0	0	0	504	
4	0	0	0	0	506	
5	0	0	0	0	505	
6	0	0	0	0	505	
7	0	0	0	0	506	
8	0	0	0	0	503	
9	0	0	0	0	501	
10	0	0	0	0	504	
11	0	0	0	0	507	
12	0	0	0	0	505	
13	0	0	0	0	508	
14	0	0	0	0	511	
15	0	0	0	0	511	
0	0	0	0	0	511	
1	0	0	0	0	511	
2	0	0	0	0	512	
3	0	0	0	0	513	
4	0	0	0	0	509	
5	0	0	0	0	504	
6	0	0	0	0	502	
7	0	0	0	0	502	
8	0	0	0	0	502	
9	0	0	0	0	502	
10	0	0	0	0	504	
11	0	0	0	0	507	
12	0	0	0	0	506	
13	0	0	0	0	508	
14	0	0	0	0	507	
15	0	0	0	0	509	
0	0	0	0	0	512	
1	0	0	0	0	512	
2	0	0	0	0	512	
3	0	0	0	0	508	
4	0	0	0	0	506	
5	0	0	0	0	507	
6	0	0	0	0	508	
7	0	0	0	0	506	
8	0	0	0	0	507	
9	0	0	0	0	505	
10	0	0	0	0	501	
11	0	0	0	0	499	
12	0	0	0	0	501	
13	0	0	0	0	503	
14	0	0	0	0	504	
15	0	0	0	0	507	
0	0	0	0	0	507	
1	0	0	0	0	504	
2	0	0	0	0	506	
3	0	0	0	0	509	
4	0	0	0	0	510	
5	0	0	0	0	513	
6	0	0	0	0	516	
7	0	0	0	0	516	
8	0	0	0	0	513	
9	0	0	0	0	511	
10	0	0	0	0	512	
11	0	0	0	0	513	
12	0	0	0	0	510	
13	0	0	0	0	511	
14	0	0	0	0	509	
15	0	0	0	0	510	
0	0	0	0	0	509	
1	0	0	0	0	511	
2	0	0	0	0	513	
3	0	0	0	0	511	
4	0	0	0	0	506	
5	0	0	0	0	511	
6	0	0	0	0	515	
7	0	0	0	0	513	
8	0	0	0	0	509	
9	0	0	0	0	511	
10	0	0	0	0	512	
11	0	0	0	0	515	
12	0	0	0	0	517	
13	0	0	0	0	517	
14	0	0	0	0	516	
15	0	0	0	0	515	
0	0	0	0	0	515	
1	0	0	0	0	516	
2	0	0	0	0	520	
3	0	0	0	0	521	
4	0	0	0	0	519	
5	0	0	0	0	518	
6	0	0	0	0	516	
7	0	0	0	0	516	
8	0	0	0	0	514	
9	0	0	0	0	512	
10	0	0	0	0	511	
11	0	0	0	0	510	
12	0	0	0	0	513	
13	0	0	0	0	514	
14	0	0	0	0	516	
15	0	0	0	0	519	
0	0	0	0	0	520	
1	0	0	0	0	523	
2	0	0	0	0	522	
3	0	0	0	0	519	
4	0	0	0	0	518	
5	0	0	0	0	524	
6	0	0	0	0	527	
7	0	0	0	0	528	
8	0	0	0	0	526	
9	0	0	0	0	525	
10	0	0	0	0	526	
11	0	0	0	0	526	
12	0	0	0	0	526	
13	0	0	0	0	525	
14	0	0	0	0	523	
15	0	0	0	0	519	
0	0	0	0	0	517	
1	0	0	0	0	520	
2	0	0	0	0	521	
3	0	0	0	0	517	
4	0	0	0	0	514	
5	0	0	0	0	511	
6	0	0	0	0	509	
7	0	0	0	0	509	
8	0	0	0	0	508	
9	0	0	0	0	511	
10	0	0	0	0	512	
11	0	0	0	0	508	
12	0	0	0	0	508	
13	0	0	0	0	509	
14	0	0	0	0	512	
15	0	0	0	0	511	
0	0	0	0	0	509	
1	0	0	0	0	506	
2	0	0	0	0	505	
3	0	0	0	0	502	
4	0	0	0	0	503	
5	0	0	0	0	505	
6	0	0	0	0	505	
7	0	0	0	0	502	
8	0	0	0	0	502	
9	0	0	0	0	503	
10	0	0	0	0	502	
11	0	0	0	0	503	
12	0	0	0	0	500	
13	0	0	0	0	500	
14	0	0	0	0	503	
15	0	0	0	0	504	
0	0	0	0	0	503	
1	0	0	0	0	504	
2	0	0	0	0	504	
3	0	0	0	0	504	
4	0	0	0	0	503	
5	0	0	0	0	499	
6	0	0	0	0	498	
7	0	0	0	0	501	
8	0	0	0	0	504	
9	0	0	0	0	504	
10	0	0	0	0	504	
11	0	0	0	0	503	
12	0	0	0	0	501	
13	0	0	0	0	504	
14	0	0	0	0	504	
15	0	0	0	0	503	
0	0	0	0	0	503	
1	0	0	0	0	505	
2	0	0	0	0	506	
3	0	0	0	0	506	
4	0	0	0	0	504	
5	0	0	0	0	503	
6	0	0	0	0	500	
7	0	0	0	0	500	
8	0	0	0	0	500	
9	0	0	0	0	499	
10	0	0	0	0	497	
11	0	0	0	0	497	
12	0	0	0	0	496	
13	0	0	0	0	495	
14	0	0	0	0	496	
15	0	0	0	0	495	
0	0	0	0	0	496	
1	0	0	0	0	499	
2	0	0	0	0	496	
3	0	0	0	0	492	
4	0	0	0	0	492	
5	0	0	0	0	495	
6	0	0	0	0	497	
7	0	0	0	0	497	
8	0	0	0	0	497	
9	0	0	0	0	496	
10	0	0	0	0	494	
11	0	0	0	0	491	
12	0	0	0	0	491	
13	0	0	0	0	490	
14	0	0	0	0	489	
15	0	0	0	0	483	
0	0	0	0	0	479	
1	0	0	0	0	479	
2	0	0	0	0	479	
3	0	0	0	0	478	
4	0	0	0	0	475	
5	0	0	0	0	475	
6	0	0	0	0	476	
7	0	0	0	0	478	
8	0	0	0	0	480	
9	0	0	0	0	483	
10	0	0	0	0	488	
11	0	0	0	0	493	
12	0	0	0	0	499	
13	0	0	0	0	510	
14	0	0	0	0	519	
15	0	0	0	0	526	
0	0	0	0	0	531	
1	0	0	0	0	539	
2	0	0	0	0	546	
3	0	0	0	0	556	
4	0	0	0	0	566	
5	0	0	0	0	572	
6	0	0	0	0	583	
7	0	0	0	0	599	
8	0	0	0	0	621	
9	0	0	0	0	639	
10	0	0	0	0	653	
11	0	0	0	0	667	
12	0	0	0	0	682	
13	0	0	0	0	692	
14	0	0	0	0	701	
15	0	0	0	0	707	
0	0	0	0	0	706	
1	0	0	0	0	698	
2	0	0	0	0	689	
3	0	0	0	0	681	
4	0	0	0	0	668	
5	0	0	0	0	654	
6	0	0	0	0	638	
7	0	0	0	0	621	
8	0	0	0	0	606	
9	0	0	0	0	587	
10	0	0	0	0	565	
11	0	0	0	0	544	
12	0	0	0	0	524	
13	0	0	0	0	507	
14	0	0	0	0	492	
15	0	0	0	0	478	
0	0	0	0	0	465	
1	0	0	0	0	454	
2	0	0	0	0	447	
3	0	0	0	0	439	
4	0	0	0	0	434	
5	0	0	0	0	430	
6	0	0	0	0	427	
7	0	0	0	0	429	
8	0	0	0	0	431	
9	0	0	0	0	432	
10	0	0	0	0	433	
11	0	0	0	0	437	
12	0	0	0	0	439	
13	0	0	0	0	438	
14	0	0	0	0	441	
15	0	0	0	0	447	
0	0	0	0	0	455	
1	0	0	0	0	460	
2	0	0	0	0	465	
3	0	0	0	0	468	
4	0	0	0	0	472	
5	0	0	0	0	473	
6	0	0	0	0	474	
7	0	0	0	0	480	
8	0	0	0	0	482	
9	0	0	0	0	484	
10	0	0	0	0	489	
11	0	0	0	0	489	
12	0	0	0	0	490	
13	0	0	0	0	494	
14	0	0	0	0	494	
15	0	0	0	0	498	
0	0	0	0	0	499	
1	0	0	0	0	495	
2	0	0	0	0	487	
3	0	0	0	0	486	
4	0	0	0	0	487	
5	0	0	0	0	487	
6	0	0	0	0	490	
7	0	0	0	0	490	
8	0	0	0	0	487	
9	0	0	0	0	486	
10	0	0	0	0	487	
11	0	0	0	0	487	
12	0	0	0	0	491	
13	0	0	0	0	493	
14	0	0	0	0	492	
15	0	0	0	0	492	
0	0	0	0	0	494	
1	0	0	0	0	497	
2	0	0	0	0	498	
3	0	0	0	0	499	
4	0	0	0	0	503	
5	0	0	0	0	501	
6	0	0	0	0	502	
7	0	0	0	0	503	
8	0	0	0	0	504	
9	0	0	0	0	505	
10	0	0	0	0	502	
11	0	0	0	0	500	
12	0	0	0	0	499	
13	0	0	0	0	498	
14	0	0	0	0	500	
15	0	0	0	0	499	
0	0	0	0	0	499	
1	0	0	0	0	497	
2	0	0	0	0	497	
3	0	0	0	0	497	
4	0	0	0	0	499	
5	0	0	0	0	497	
6	0	0	0	0	493	
7	0	0	0	0	489	
8	0	0	0	0	490	
9	0	0	0	0	494	
10	0	0	0	0	496	
11	0	0	0	0	499	
12	0	0	0	0	499	
13	0	0	0	0	496	
14	0	0	0	0	498	
15	0	0	0	0	500	
0	0	0	0	0	499	
1	0	0	0	0	498	
2	0	0	0	0	498	
3	0	0	0	0	500	
4	0	0	0	0	499	
5	0	0	0	0	503	
6	0	0	0	0	504	
7	0	0	0	0	502	
8	0	0	0	0	504	
9	0	0	0	0	504	
10	0	0	0	0	499	
11	0	0	0	0	498	
12	0	0	0	0	500	
13	0	0	0	0	499	
14	0	0	0	0	498	
15	0	0	0	0	502	
0	0	0	0	0	504	
1	0	0	0	0	504	
2	0	0	0	0	505	
3	0	0	0	0	509	
4	0	0	0	0	509	
5	0	0	0	0	507	
6	0	0	0	0	507	
7	0	0	0	0	506	
8	0	0	0	0	506	
9	0	0	0	0	507	
10	0	0	0	0	505	
11	0	0	0	0	505	
12	0	0	0	0	505	
13	0	0	0	0	506	
14	0	0	0	0	504	
15	0	0	0	0	507	
0	0	0	0	0	507	
1	0	0	0	0	507	
2	0	0	0	0	508	
3	0	0	0	0	509	
4	0	0	0	0	508	
5	0	0	0	0	509	
6	0	0	0	0	510	
7	0	0	0	0	510	
8	0	0	0	0	510	
9	0	0	0	0	508	
10	0	0	0	0	507	
11	0	0	0	0	502	
12	0	0	0	0	504	
13	0	0	0	0	498	
14	0	0	0	0	497	
15	0	0	0	0	499	
0	0	0	0	0	502	
1	0	0	0	0	508	
2	0	0	0	0	509	
3	0	0	0	0	502	
4	0	0	0	0	502	
5	0	0	0	0	504	
6	0	0	0	0	506	
7	0	0	0	0	506	
8	0	0	0	0	509	
9	0	0	0	0	509	
10	0	0	0	0	508	
11	0	0	0	0	509	
12	0	0	0	0	508	
13	0	0	0	0	508	
14	0	0	0	0	512	
15	0	0	0	0	519	
0	0	0	0	0	519	
1	0	0	0	0	511	
2	0	0	0	0	506	
3	0	0	0	0	508	
4	0	0	0	0	512	
5	0	0	0	0	512	
6	0	0	0	0	515	
7	0	0	0	0	518	
8	0	0	0	0	519	
9	0	0	0	0	523	
10	0	0	0	0	524	
11	0	0	0	0	525	
12	0	0	0	0	528	
13	0	0	0	0	527	
14	0	0	0	0	531	
15	0	0	0	0	537	
0	0	0	0	0	539	
1	0	0	0	0	538	
2	0	0	0	0	536	
3	0	0	0	0	536	
4	0	0	0	0	536	
5	0	0	0	0	530	
6	0	0	0	0	527	
7	0	0	0	0	527	
8	0	0	0	0	527	
9	0	0	0	0	528	
10	0	0	0	0	528	
11	0	0	0	0	528	
12	0	0	0	0	529	
13	0	0	0	0	532	
14	0	0	0	0	536	
15	0	0	0	0	536	
0	0	0	0	0	536	
1	0	0	0	0	534	
2	0	0	0	0	533	
3	0	0	0	0	534	
4	0	0	0	0	535	
5	0	0	0	0	537	
6	0	0	0	0	538	
7	0	0	0	0	537	
8	0	0	0	0	540	
9	0	0	0	0	540	
10	0	0	0	0	540	
11	0	0	0	0	541	
12	0	0	0	0	543	
13	0	0	0	0	544	
14	0	0	0	0	543	
15	0	0	0	0	543	
0	0	0	0	0	543	
1	0	0	0	0	546	
2	0	0	0	0	550	
3	0	0	0	0	551	
4	0	0	0	0	551	
5	0	0	0	0	551	
6	0	0	0	0	552	
7	0	0	0	0	552	
8	0	0	0	0	551	
9	0	0	0	0	551	
10	0	0	0	0	552	
11	0	0	0	0	553	
12	0	0	0	0	555	
13	0	0	0	0	553	
14	0	0	0	0	553	
15	0	0	0	0	551	
0	0	0	0	0	547	
1	0	0	0	0	545	
2	0	0	0	0	544	
3	0	0	0	0	548	
4	0	0	0	0	550	
5	0	0	0	0	549	
6	0	0	0	0	548	
7	0	0	0	0	543	
8	0	0	0	0	544	
9	0	0	0	0	542	
10	0	0	0	0	537	
11	0	0	0	0	537	
12	0	0	0	0	539	
13	0	0	0	0	541	
14	0	0	0	0	545	
15	0	0	0	0	545	
0	0	0	0	0	545	
1	0	0	0	0	544	
2	0	0	0	0	544	
3	0	0	0	0	543	
4	0	0	0	0	543	
5	0	0	0	0	547	
6	0	0	0	0	545	
7	0	0	0	0	539	
8	0	0	0	0	529	
9	0	0	0	0	525	
10	0	0	0	0	521	
11	0	0	0	0	511	
12	0	0	0	0	501	
13	0	0	0	0	502	
14	0	0	0	0	510	
15	0	0	0	0	515	
0	0	0	0	0	513	
1	0	0	0	0	511	
2	0	0	0	0	510	
3	0	0	0	0	503	
4	0	0	0	0	493	
5	0	0	0	0	490	
6	0	0	0	0	488	
7	0	0	0	0	489	
8	0	0	0	0	490	
9	0	0	0	0	493	
10	0	0	0	0	498	
11	0	0	0	0	499	
12	0	0	0	0	491	
13	0	0	0	0	487	
14	0	0	0	0	491	
15	0	0	0	0	491	
0	0	0	0	0	488	
1	0	0	0	0	487	
2	0	0	0	0	487	
3	0	0	0	0	480	
4	0	0	0	0	476	
5	0	0	0	0	475	
6	0	0	0	0	477	
7	0	0	0	0	477	
8	0	0	0	0	473	
9	0	0	0	0	471	
10	0	0	0	0	472	
11	0	0	0	0	472	
12	0	0	0	0	473	
13	0	0	0	0	472	
14	0	0	0	0	470	
15	0	0	0	0	468	
0	0	0	0	0	469	
1	0	0	0	0	468	
2	0	0	0	0	467	
3	0	0	0	0	466	
4	0	0	0	0	466	
5	0	0	0	0	466	
6	0	0	0	0	466	
7	0	0	0	0	467	
8	0	0	0	0	467	
9	0	0	0	0	468	
10	0	0	0	0	466	
11	0	0	0	0	464	
12	0	0	0	0	465	
13	0	0	0	0	466	
14	0	0	0	0	466	
15	0	0	0	0	465	
0	0	0	0	0	464	
1	0	0	0	0	463	
2	0	0	0	0	462	
3	0	0	0	0	461	
4	0	0	0	0	461	
5	0	0	0	0	460	
6	0	0	0	0	462	
7	0	0	0	0	461	
8	0	0	0	0	460	
9	0	0	0	0	453	
10	0	0	0	0	450	
11	0	0	0	0	455	
12	0	0	0	0	459	
13	0	0	0	0	463	
14	0	0	0	0	463	
15	0	0	0	0	461	
0	0	0	0	0	461	
1	0	0	0	0	460	
2	0	0	0	0	460	
3	0	0	0	0	462	
4	0	0	0	0	465	
5	0	0	0	0	472	
6	0	0	0	0	474	
7	0	0	0	0	471	
8	0	0	0	0	470	
9	0	0	0	0	468	
10	0	0	0	0	472	
11	0	0	0	0	476	
12	0	0	0	0	476	
13	0	0	0	0	475	
14	0	0	0	0	472	
15	0	0	0	0	473	
0	0	0	0	0	473	
1	0	0	0	0	470	
2	0	0	0	0	469	
3	0	0	0	0	470	
4	0	0	0	0	470	
5	0	0	0	0	471	
6	0	0	0	0	474	
7	0	0	0	0	472	
8	0	0	0	0	471	
9	0	0	0	0	471	
10	0	0	0	0	470	
11	0	0	0	0	470	
12	0	0	0	0	472	
13	0	0	0	0	473	
14	0	0	0	0	473	
15	0	0	0	0	468	
0	0	0	0	0	467	
1	0	0	0	0	467	
2	0	0	0	0	471	
3	0	0	0	0	473	
4	0	0	0	0	479	
5	0	0	0	0	475	
6	0	0	0	0	470	
7	0	0	0	0	469	
8	0	0	0	0	475	
9	0	0	0	0	479	
10	0	0	0	0	481	
11	0	0	0	0	486	
12	0	0	0	0	483	
13	0	0	0	0	482	
14	0	0	0	0	484	
15	0	0	0	0	491	
0	0	0	0	0	492	
1	0	0	0	0	495	
2	0	0	0	0	499	
3	0	0	0	0	496	
4	0	0	0	0	490	
5	0	0	0	0	493	
6	0	0	0	0	495	
7	0	0	0	0	495	
8	0	0	0	0	495	
9	0	0	0	0	493	
10	0	0	0	0	489	
11	0	0	0	0	489	
12	0	0	0	0	493	
13	0	0	0	0	495	
14	0	0	0	0	496	
15	0	0	0	0	497	
0	0	0	0	0	495	
1	0	0	0	0	495	
2	0	0	0	0	491	
3	0	0	0	0	494	
4	0	0	0	0	496	
5	0	0	0	0	493	
6	0	0	0	0	493	
7	0	0	0	0	489	
8	0	0	0	0	488	
9	0	0	0	0	488	
10	0	0	0	0	489	
11	0	0	0	0	491	
12	0	0	0	0	492	
13	0	0	0	0	492	
14	0	0	0	0	488	
15	0	0	0	0	491	
0	0	0	0	0	493	
1	0	0	0	0	492	
2	0	0	0	0	492	
3	0	0	0	0	491	
4	0	0	0	0	490	
5	0	0	0	0	490	
6	0	0	0	0	489	
7	0	0	0	0	491	
8	0	0	0	0	492	
9	0	0	0	0	491	
10	0	0	0	0	496	
11	0	0	0	0	496	
12	0	0	0	0	495	
13	0	0	0	0	496	
14	0	0	0	0	496	
15	0	0	0	0	497	
0	0	0	0	0	499	
1	0	0	0	0	502	
2	0	0	0	0	502	
3	0	0	0	0	501	
4	0	0	0	0	501	
5	0	0	0	0	502	
6	0	0	0	0	502	
7	0	0	0	0	501	
8	0	0	0	0	500	
9	0	0	0	0	502	
10	0	0	0	0	501	
11	0	0	0	0	501	
12	0	0	0	0	501	
13	0	0	0	0	496	
14	0	0	0	0	490	
15	0	0	0	0	490	
0	0	0	0	0	493	
1	0	0	0	0	496	
2	0	0	0	0	496	
3	0	0	0	0	495	
4	0	0	0	0	495	
5	0	0	0	0	496	
6	0	0	0	0	498	
7	0	0	0	0	500	
8	0	0	0	0	499	
9	0	0	0	0	497	
10	0	0	0	0	500	
11	0	0	0	0	505	
12	0	0	0	0	502	
13	0	0	0	0	503	
14	0	0	0	0	504	
15	0	0	0	0	502	
0	0	0	0	0	505	
1	0	0	0	0	507	
2	0	0	0	0	508	
3	0	0	0	0	512	
4	0	0	0	0	512	
5	0	0	0	0	509	
6	0	0	0	0	507	
7	0	0	0	0	507	
8	0	0	0	0	504	
9	0	0	0	0	499	
10	0	0	0	0	503	
11	0	0	0	0	504	
12	0	0	0	0	505	
13	0	0	0	0	505	
14	0	0	0	0	505	
15	0	0	0	0	507	
0	0	0	0	0	508	
1	0	0	0	0	511	
2	0	0	0	0	512	
3	0	0	0	0	512	
4	0	0	0	0	512	
5	0	0	0	0	510	
6	0	0	0	0	506	
7	0	0	0	0	505	
8	0	0	0	0	506	
9	0	0	0	0	505	
10	0	0	0	0	506	
11	0	0	0	0	507	
12	0	0	0	0	508	
13	0	0	0	0	510	
14	0	0	0	0	508	
15	0	0	0	0	506	
0	0	0	0	0	507	
1	0	0	0	0	505	
2	0	0	0	0	504	
3	0	0	0	0	508	
4	0	0	0	0	510	
5	0	0	0	0	510	
6	0	0	0	0	512	
7	0	0	0	0	513	
8	0	0	0	0	515	
9	0	0	0	0	515	
10	0	0	0	0	514	
11	0	0	0	0	514	
12	0	0	0	0	512	
13	0	0	0	0	509	
14	0	0	0	0	506	
15	0	0	0	0	505	
0	0	0	0	0	502	
1	0	0	0	0	501	
2	0	0	0	0	503	
3	0	0	0	0	504	
4	0	0	0	0	508	
5	0	0	0	0	512	
6	0	0	0	0	513	
7	0	0	0	0	504	
8	0	0	0	0	503	
9	0	0	0	0	500	
10	0	0	0	0	494	
11	0	0	0	0	493	
12	0	0	0	0	500	
13	0	0	0	0	503	
14	0	0	0	0	505	
15	0	0	0	0	504	
0	0	0	0	0	508	
1	0	0	0	0	510	
2	0	0	0	0	512	
3	0	0	0	0	511	
4	0	0	0	0	515	
5	0	0	0	0	519	
6	0	0	0	0	519	
7	0	0	0	0	519	
8	0	0	0	0	518	
9	0	0	0	0	515	
10	0	0	0	0	516	
11	0	0	0	0	515	
12	0	0	0	0	512	
13	0	0	0	0	508	
14	0	0	0	0	505	
15	0	0	0	0	505	
0	0	0	0	0	510	
1	0	0	0	0	515	
2	0	0	0	0	517	
3	0	0	0	0	517	
4	0	0	0	0	519	
5	0	0	0	0	519	
6	0	0	0	0	516	
7	0	0	0	0	521	
8	0	0	0	0	522	
9	0	0	0	0	518	
10	0	0	0	0	516	
11	0	0	0	0	513	
12	0	0	0	0	513	
13	0	0	0	0	513	
14	0	0	0	0	515	
15	0	0	0	0	518	
0	0	0	0	0	520	
1	0	0	0	0	520	
2	0	0	0	0	520	
3	0	0	0	0	521	
4	0	0	0	0	524	
5	0	0	0	0	525	
6	0	0	0	0	523	
7	0	0	0	0	521	
8	0	0	0	0	520	
9	0	0	0	0	518	
10	0	0	0	0	515	
11	0	0	0	0	508	
12	0	0	0	0	505	
13	0	0	0	0	505	
14	0	0	0	0	509	
15	0	0	0	0	514	
0	0	0	0	0	518	
1	0	0	0	0	516	
2	0	0	0	0	516	
3	0	0	0	0	515	
4	0	0	0	0	513	
5	0	0	0	0	509	
6	0	0	0	0	508	
7	0	0	0	0	511	
8	0	0	0	0	512	
9	0	0	0	0	509	
10	0	0	0	0	509	
11	0	0	0	0	507	
12	0	0	0	0	502	
13	0	0	0	0	495	
14	0	0	0	0	488	
15	0	0	0	0	489	
0	0	0	0	0	492	
1	0	0	0	0	494	
2	0	0	0	0	496	
3	0	0	0	0	494	
4	0	0	0	0	496	
5	0	0	0	0	503	
6	0	0	0	0	507	
7	0	0	0	0	507	
8	0	0	0	0	506	
9	0	0	0	0	510	
10	0	0	0	0	513	
11	0	0	0	0	517	
12	0	0	0	0	519	
13	0	0	0	0	519	
14	0	0	0	0	516	
15	0	0	0	0	512	
0	0	0	0	0	508	
1	0	0	0	0	504	
2	0	0	0	0	503	
3	0	0	0	0	504	
4	0	0	0	0	504	
5	0	0	0	0	505	
6	0	0	0	0	502	
7	0	0	0	0	499	
8	0	0	0	0	500	
9	0	0	0	0	503	
10	0	0	0	0	502	
11	0	0	0	0	500	
12	0	0	0	0	499	
13	0	0	0	0	499	
14	0	0	0	0	499	
15	0	0	0	0	490	
0	0	0	0	0	491	
1	0	0	0	0	497	
2	0	0	0	0	500	
3	0	0	0	0	508	
4	0	0	0	0	510	
5	0	0	0	0	508	
6	0	0	0	0	511	
7	0	0	0	0	510	
8	0	0	0	0	510	
9	0	0	0	0	509	
10	0	0	0	0	510	
11	0	0	0	0	506	
12	0	0	0	0	503	
13	0	0	0	0	501	
14	0	0	0	0	499	
15	0	0	0	0	497	
0	0	0	0	0	494	
1	0	0	0	0	495	
2	0	0	0	0	498	
3	0	0	0	0	503	
4	0	0	0	0	500	
5	0	0	0	0	499	
6	0	0	0	0	498	
7	0	0	0	0	496	
8	0	0	0	0	492	
9	0	0	0	0	492	
10	0	0	0	0	491	
11	0	0	0	0	486	
12	0	0	0	0	483	
13	0	0	0	0	484	
14	0	0	0	0	479	
15	0	0	0	0	476	
0	0	0	0	0	478	
1	0	0	0	0	476	
2	0	0	0	0	474	
3	0	0	0	0	476	
4	0	0	0	0	484	
5	0	0	0	0	488	
6	0	0	0	0	492	
7	0	0	0	0	501	
8	0	0	0	0	510	
9	0	0	0	0	516	
10	0	0	0	0	520	
11	0	0	0	0	529	
12	0	0	0	0	536	
13	0	0	0	0	545	
14	0	0	0	0	551	
15	0	0	0	0	562	
0	0	0	0	0	572	
1	0	0	0	0	577	
2	0	0	0	0	588	
3	0	0	0	0	602	
4	0	0	0	0	614	
5	0	0	0	0	626	
6	0	0	0	0	633	
7	0	0	0	0	644	
8	0	0	0	0	656	
9	0	0	0	0	667	
10	0	0	0	0	680	
11	0	0	0	0	689	
12	0	0	0	0	690	
13	0	0	0	0	680	
14	0	0	0	0	673	
15	0	0	0	0	666	
0	0	0	0	0	653	
1	0	0	0	0	641	
2	0	0	0	0	633	
3	0	0	0	0	620	
4	0	0	0	0	603	
5	0	0	0	0	580	
6	0	0	0	0	561	
7	0	0	0	0	540	
8	0	0	0	0	521	
9	0	0	0	0	512	
10	0	0	0	0	503	
11	0	0	0	0	492	
12	0	0	0	0	470	
13	0	0	0	0	459	
14	0	0	0	0	453	
15	0	0	0	0	450	
0	0	0	0	0	450	
1	0	0	0	0	448	
2	0	0	0	0	444	
3	0	0	0	0	439	
4	0	0	0	0	435	
5	0	0	0	0	435	
6	0	0	0	0	444	
7	0	0	0	0	448	
8	0	0	0	0	450	
9	0	0	0	0	452	
10	0	0	0	0	453	
11	0	0	0	0	455	
12	0	0	0	0	459	
13	0	0	0	0	463	
14	0	0	0	0	471	
15	0	0	0	0	476	
0	0	0	0	0	483	
1	0	0	0	0	488	
2	0	0	0	0	488	
3	0	0	0	0	491	
4	0	0	0	0	490	
5	0	0	0	0	495	
6	0	0	0	0	497	
7	0	0	0	0	497	
8	0	0	0	0	497	
9	0	0	0	0	498	
10	0	0	0	0	497	
11	0	0	0	0	494	
12	0	0	0	0	491	
13	0	0	0	0	490	
14	0	0	0	0	492	
15	0	0	0	0	492	
0	0	0	0	0	493	
1	0	0	0	0	496	
2	0	0	0	0	497	
3	0	0	0	0	498	
4	0	0	0	0	494	
5	0	0	0	0	492	
6	0	0	0	0	493	
7	0	0	0	0	495	
8	0	0	0	0	496	
9	0	0	0	0	493	
10	0	0	0	0	494	
11	0	0	0	0	496	
12	0	0	0	0	492	
13	0	0	0	0	492	
14	0	0	0	0	492	
15	0	0	0	0	493	
0	0	0	0	0	494	
1	0	0	0	0	496	
2	0	0	0	0	494	
3	0	0	0	0	494	
4	0	0	0	0	493	
5	0	0	0	0	495	
6	0	0	0	0	497	
7	0	0	0	0	500	
8	0	0	0	0	500	
9	0	0	0	0	497	
10	0	0	0	0	492	
11	0	0	0	0	492	
12	0	0	0	0	494	
13	0	0	0	0	497	
14	0	0	0	0	498	
15	0	0	0	0	499	
0	0	0	0	0	500	
1	0	0	0	0	499	
2	0	0	0	0	496	
3	0	0	0	0	495	
4	0	0	0	0	492	
5	0	0	0	0	489	
6	0	0	0	0	493	
7	0	0	0	0	496	
8	0	0	0	0	496	
9	0	0	0	0	496	
10	0	0	0	0	494	
11	0	0	0	0	494	
12	0	0	0	0	494	
13	0	0	0	0	499	
14	0	0	0	0	505	
15	0	0	0	0	504	
0	0	0	0	0	504	
1	0	0	0	0	502	
2	0	0	0	0	506	
3	0	0	0	0	504	
4	0	0	0	0	500	
5	0	0	0	0	497	
6	0	0	0	0	495	
7	0	0	0	0	497	
8	0	0	0	0	497	
9	0	0	0	0	502	
10	0	0	0	0	507	
11	0	0	0	0	505	
12	0	0	0	0	502	
13	0	0	0	0	503	
14	0	0	0	0	507	
15	0	0	0	0	509	
0	0	0	0	0	505	
1	0	0	0	0	502	
2	0	0	0	0	504	
3	0	0	0	0	504	
4	0	0	0	0	505	
5	0	0	0	0	509	
6	0	0	0	0	511	
7	0	0	0	0	510	
8	0	0	0	0	510	
9	0	0	0	0	509	
10	0	0	0	0	509	
11	0	0	0	0	510	
12	0	0	0	0	512	
13	0	0	0	0	511	
14	0	0	0	0	506	
15	0	0	0	0	500	
0	0	0	0	0	499	
1	0	0	0	0	504	
2	0	0	0	0	510	
3	0	0	0	0	509	
4	0	0	0	0	510	
5	0	0	0	0	512	
6	0	0	0	0	510	
7	0	0	0	0	509	
8	0	0	0	0	507	
9	0	0	0	0	504	
10	0	0	0	0	503	
11	0	0	0	0	505	
12	0	0	0	0	505	
13	0	0	0	0	506	
14	0	0	0	0	508	
15	0	0	0	0	507	
0	0	0	0	0	507	
1	0	0	0	0	511	
2	0	0	0	0	513	
3	0	0	0	0	514	
4	0	0	0	0	516	
5	0	0	0	0	516	
6	0	0	0	0	516	
7	0	0	0	0	513	
8	0	0	0	0	513	
9	0	0	0	0	513	
10	0	0	0	0	515	
11	0	0	0	0	514	
12	0	0	0	0	510	
13	0	0	0	0	508	
14	0	0	0	0	511	
15	0	0	0	0	511	
0	0	0	0	0	508	
1	0	0	0	0	508	
2	0	0	0	0	511	
3	0	0	0	0	510	
4	0	0	0	0	510	
5	0	0	0	0	513	
6	0	0	0	0	518	
7	0	0	0	0	519	
8	0	0	0	0	518	
9	0	0	0	0	518	
10	0	0	0	0	516	
11	0	0	0	0	515	
12	0	0	0	0	517	
13	0	0	0	0	523	
14	0	0	0	0	530	
15	0	0	0	0	530	
0	0	0	0	0	526	
1	0	0	0	0	524	
2	0	0	0	0	523	
3	0	0	0	0	519	
4	0	0	0	0	521	
5	0	0	0	0	526	
6	0	0	0	0	528	
7	0	0	0	0	526	
8	0	0	0	0	526	
9	0	0	0	0	526	
10	0	0	0	0	528	
11	0	0	0	0	530	
12	0	0	0	0	532	
13	0	0	0	0	533	
14	0	0	0	0	533	
15	0	0	0	0	536	
0	0	0	0	0	536	
1	0	0	0	0	536	
2	0	0	0	0	534	
3	0	0	0	0	533	
4	0	0	0	0	531	
5	0	0	0	0	531	
6	0	0	0	0	534	
7	0	0	0	0	538	
8	0	0	0	0	537	
9	0	0	0	0	537	
10	0	0	0	0	538	
11	0	0	0	0	539	
12	0	0	0	0	542	
13	0	0	0	0	540	
14	0	0	0	0	537	
15	0	0	0	0	539	
0	0	0	0	0	539	
1	0	0	0	0	541	
2	0	0	0	0	544	
3	0	0	0	0	542	
4	0	0	0	0	541	
5	0	0	0	0	540	
6	0	0	0	0	542	
7	0	0	0	0	545	
8	0	0	0	0	545	
9	0	0	0	0	541	
10	0	0	0	0	540	
11	0	0	0	0	543	
12	0	0	0	0	543	
13	0	0	0	0	545	
14	0	0	0	0	545	
15	0	0	0	0	545	
0	0	0	0	0	545	
1	0	0	0	0	546	
2	0	0	0	0	546	
3	0	0	0	0	546	
4	0	0	0	0	545	
5	0	0	0	0	547	
6	0	0	0	0	546	
7	0	0	0	0	544	
8	0	0	0	0	543	
9	0	0	0	0	539	
10	0	0	0	0	541	
11	0	0	0	0	544	
12	0	0	0	0	542	
13	0	0	0	0	539	
14	0	0	0	0	538	
15	0	0	0	0	539	
0	0	0	0	0	541	
1	0	0	0	0	537	
2	0	0	0	0	532	
3	0	0	0	0	531	
4	0	0	0	0	526	
5	0	0	0	0	519	
6	0	0	0	0	517	
7	0	0	0	0	518	
8	0	0	0	0	522	
9	0	0	0	0	520	
10	0	0	0	0	518	
11	0	0	0	0	515	
12	0	0	0	0	512	
13	0	0	0	0	512	
14	0	0	0	0	510	
15	0	0	0	0	504	
0	0	0	0	0	502	
1	0	0	0	0	500	
2	0	0	0	0	496	
3	0	0	0	0	494	
4	0	0	0	0	494	
5	0	0	0	0	493	
6	0	0	0	0	494	
7	0	0	0	0	493	
8	0	0	0	0	489	
9	0	0	0	0	489	
10	0	0	0	0	485	
11	0	0	0	0	483	
12	0	0	0	0	484	
13	0	0	0	0	481	
14	0	0	0	0	476	
15	0	0	0	0	474	
0	0	0	0	0	478	
1	0	0	0	0	480	
2	0	0	0	0	481	
3	0	0	0	0	483	
4	0	0	0	0	481	
5	0	0	0	0	480	
6	0	0	0	0	479	
7	0	0	0	0	475	
8	0	0	0	0	472	
9	0	0	0	0	473	
10	0	0	0	0	473	
11	0	0	0	0	472	
12	0	0	0	0	472	
13	0	0	0	0	469	
14	0	0	0	0	466	
15	0	0	0	0	464	
0	0	0	0	0	465	
1	0	0	0	0	465	
2	0	0	0	0	468	
3	0	0	0	0	468	
4	0	0	0	0	468	
5	0	0	0	0	468	
6	0	0	0	0	468	
7	0	0	0	0	467	
8	0	0	0	0	467	
9	0	0	0	0	465	
10	0	0	0	0	465	
11	0	0	0	0	465	
12	0	0	0	0	465	
13	0	0	0	0	465	
14	0	0	0	0	463	
15	0	0	0	0	464	
0	0	0	0	0	466	
1	0	0	0	0	464	
2	0	0	0	0	464	
3	0	0	0	0	465	
4	0	0	0	0	466	
5	0	0	0	0	466	
6	0	0	0	0	466	
7	0	0	0	0	465	
8	0	0	0	0	466	
9	0	0	0	0	466	
10	0	0	0	0	469	
11	0	0	0	0	468	
12	0	0	0	0	470	
13	0	0	0	0	473	
14	0	0	0	0	473	
15	0	0	0	0	475	
0	0	0	0	0	477	
1	0	0	0	0	475	
2	0	0	0	0	476	
3	0	0	0	0	476	
4	0	0	0	0	475	
5	0	0	0	0	475	
6	0	0	0	0	476	
7	0	0	0	0	477	
8	0	0	0	0	483	
9	0	0	0	0	486	
10	0	0	0	0	482	
11	0	0	0	0	481	
12	0	0	0	0	481	
13	0	0	0	0	482	
14	0	0	0	0	484	
15	0	0	0	0	486	
0	0	0	0	0	483	
1	0	0	0	0	481	
2	0	0	0	0	480	
3	0	0	0	0	480	
4	0	0	0	0	481	
5	0	0	0	0	482	
6	0	0	0	0	482	
7	0	0	0	0	483	
8	0	0	0	0	482	
9	0	0	0	0	485	
10	0	0	0	0	487	
11	0	0	0	0	487	
12	0	0	0	0	485	
13	0	0	0	0	484	
14	0	0	0	0	486	
15	0	0	0	0	487	
0	0	0	0	0	487	
1	0	0	0	0	489	
2	0	0	0	0	489	
3	0	0	0	0	488	
4	0	0	0	0	489	
5	0	0	0	0	487	
6	0	0	0	0	486	
7	0	0	0	0	487	
8	0	0	0	0	490	
9	0	0	0	0	490	
10	0	0	0	0	487	
11	0	0	0	0	487	
12	0	0	0	0	485	
13	0	0	0	0	486	
14	0	0	0	0	487	
15	0	0	0	0	489	
0	0	0	0	0	490	
1	0	0	0	0	488	
2	0	0	0	0	490	
3	0	0	0	0	492	
4	0	0	0	0	492	
5	0	0	0	0	492	
6	0	0	0	0	493	
7	0	0	0	0	492	
8	0	0	0	0	491	
9	0	0	0	0	492	
10	0	0	0	0	492	
11	0	0	0	0	492	
12	0	0	0	0	492	
13	0	0	0	0	491	
14	0	0	0	0	491	
15	0	0	0	0	494	
0	0	0	0	0	495	
1	0	0	0	0	493	
2	0	0	0	0	495	
3	0	0	0	0	496	
4	0	0	0	0	495	
5	0	0	0	0	497	
6	0	0	0	0	500	
7	0	0	0	0	502	
8	0	0	0	0	502	
9	0	0	0	0	500	
10	0	0	0	0	501	
11	0	0	0	0	500	
12	0	0	0	0	498	
13	0	0	0	0	494	
14	0	0	0	0	492	
15	0	0	0	0	494	
0	0	0	0	0	498	
1	0	0	0	0	499	
2	0	0	0	0	497	
3	0	0	0	0	499	
4	0	0	0	0	499	
5	0	0	0	0	498	
6	0	0	0	0	498	
7	0	0	0	0	501	
8	0	0	0	0	502	
9	0	0	0	0	503	
10	0	0	0	0	502	
11	0	0	0	0	503	
12	0	0	0	0	500	
13	0	0	0	0	500	
14	0	0	0	0	500	
15	0	0	0	0	502	
0	0	0	0	0	503	
1	0	0	0	0	505	
2	0	0	0	0	508	
3	0	0	0	0	509	
4	0	0	0	0	506	
5	0	0	0	0	506	
6	0	0	0	0	507	
7	0	0	0	0	507	
8	0	0	0	0	510	
9	0	0	0	0	510	
10	0	0	0	0	510	
11	0	0	0	0	509	
12	0	0	0	0	509	
13	0	0	0	0	510	
14	0	0	0	0	510	
15	0	0	0	0	508	
0	0	0	0	0	507	
1	0	0	0	0	507	
2	0	0	0	0	509	
3	0	0	0	0	509	
4	0	0	0	0	507	
5	0	0	0	0	506	
6	0	0	0	0	506	
7	0	0	0	0	504	
8	0	0	0	0	507	
9	0	0	0	0	508	
10	0	0	0	0	510	
11	0	0	0	0	511	
12	0	0	0	0	512	
13	0	0	0	0	513	
14	0	0	0	0	514	
15	0	0	0	0	515	
0	0	0	0	0	517	
1	0	0	0	0	515	
2	0	0	0	0	513	
3	0	0	0	0	509	
4	0	0	0	0	510	
5	0	0	0	0	513	
6	0	0	0	0	516	
7	0	0	0	0	516	
8	0	0	0	0	515	
9	0	0	0	0	513	
10	0	0	0	0	513	
11	0	0	0	0	510	
12	0	0	0	0	509	
13	0	0	0	0	509	
14	0	0	0	0	511	
15	0	0	0	0	511	
0	0	0	0	0	511	
1	0	0	0	0	511	
2	0	0	0	0	511	
3	0	0	0	0	512	
4	0	0	0	0	513	
5	0	0	0	0	513	
6	0	0	0	0	514	
7	0	0	0	0	513	
8	0	0	0	0	511	
9	0	0	0	0	508	
10	0	0	0	0	507	
11	0	0	0	0	509	
12	0	0	0	0	512	
13	0	0	0	0	512	
14	0	0	0	0	514	
15	0	0	0	0	513	
0	0	0	0	0	513	
1	0	0	0	0	513	
2	0	0	0	0	514	
3	0	0	0	0	513	
4	0	0	0	0	515	
5	0	0	0	0	516	
6	0	0	0	0	515	
7	0	0	0	0	514	
8	0	0	0	0	515	
9	0	0	0	0	512	
10	0	0	0	0	510	
11	0	0	0	0	514	
12	0	0	0	0	515	
13	0	0	0	0	515	
14	0	0	0	0	514	
15	0	0	0	0	514	
0	0	0	0	0	513	
1	0	0	0	0	513	
2	0	0	0	0	515	
3	0	0	0	0	515	
4	0	0	0	0	515	
5	0	0	0	0	515	
6	0	0	0	0	517	
7	0	0	0	0	519	
8	0	0	0	0	519	
9	0	0	0	0	519	
10	0	0	0	0	520	
11	0	0	0	0	519	
12	0	0	0	0	518	
13	0	0	0	0	516	
14	0	0	0	0	515	
15	0	0	0	0	515	
0	0	0	0	0	515	
1	0	0	0	0	516	
2	0	0	0	0	516	
3	0	0	0	0	513	
4	0	0	0	0	510	
5	0	0	0	0	510	
6	0	0	0	0	512	
7	0	0	0	0	512	
8	0	0	0	0	512	
9	0	0	0	0	515	
10	0	0	0	0	516	
11	0	0	0	0	512	
12	0	0	0	0	513	
13	0	0	0	0	518	
14	0	0	0	0	521	
15	0	0	0	0	522	
0	0	0	0	0	522	
1	0	0	0	0	523	
2	0	0	0	0	523	
3	0	0	0	0	521	
4	0	0	0	0	521	
5	0	0	0	0	521	
6	0	0	0	0	522	
7	0	0	0	0	523	
8	0	0	0	0	524	
9	0	0	0	0	523	
10	0	0	0	0	526	
11	0	0	0	0	527	
12	0	0	0	0	527	
13	0	0	0	0	527	
14	0	0	0	0	527	
15	0	0	0	0	528	
0	0	0	0	0	529	
1	0	0	0	0	527	
2	0	0	0	0	524	
3	0	0	0	0	523	
4	0	0	0	0	524	
5	0	0	0	0	526	
6	0	0	0	0	527	
7	0	0	0	0	527	
8	0	0	0	0	526	
9	0	0	0	0	528	
10	0	0	0	0	529	
11	0	0	0	0	528	
12	0	0	0	0	527	
13	0	0	0	0	528	
14	0	0	0	0	530	
15	0	0	0	0	531	
0	0	0	0	0	530	
1	0	0	0	0	525	
2	0	0	0	0	520	
3	0	0	0	0	523	
4	0	0	0	0	524	
5	0	0	0	0	526	
6	0	0	0	0	527	
7	0	0	0	0	528	
8	0	0	0	0	526	
9	0	0	0	0	526	
10	0	0	0	0	525	
11	0	0	0	0	526	
12	0	0	0	0	527	
13	0	0	0	0	528	
14	0	0	0	0	527	
15	0	0	0	0	527	
0	0	0	0	0	525	
1	0	0	0	0	523	
2	0	0	0	0	525	
3	0	0	0	0	526	
4	0	0	0	0	524	
5	0	0	0	0	522	
6	0	0	0	0	523	
7	0	0	0	0	524	
8	0	0	0	0	519	
9	0	0	0	0	520	
10	0	0	0	0	519	
11	0	0	0	0	516	
12	0	0	0	0	517	
13	0	0	0	0	517	
14	0	0	0	0	515	
15	0	0	0	0	513	
0	0	0	0	0	512	
1	0	0	0	0	512	
2	0	0	0	0	511	
3	0	0	0	0	512	
4	0	0	0	0	517	
5	0	0	0	0	519	
6	0	0	0	0	519	
7	0	0	0	0	519	
8	0	0	0	0	519	
9	0	0	0	0	517	
10	0	0	0	0	515	
11	0	0	0	0	513	
12	0	0	0	0	511	
13	0	0	0	0	511	
14	0	0	0	0	516	
15	0	0	0	0	521	
0	0	0	0	0	519	
1	0	0	0	0	517	
2	0	0	0	0	519	
3	0	0	0	0	517	
4	0	0	0	0	519	
5	0	0	0	0	521	
6	0	0	0	0	522	
7	0	0	0	0	519	
8	0	0	0	0	516	
9	0	0	0	0	515	
10	0	0	0	0	513	
11	0	0	0	0	513	
12	0	0	0	0	512	
13	0	0	0	0	510	
14	0	0	0	0	512	
15	0	0	0	0	514	
0	0	0	0	0	514	
1	0	0	0	0	516	
2	0	0	0	0	516	
3	0	0	0	0	518	
4	0	0	0	0	518	
5	0	0	0	0	519	
6	0	0	0	0	519	
7	0	0	0	0	519	
8	0	0	0	0	520	
9	0	0	0	0	519	
10	0	0	0	0	519	
11	0	0	0	0	518	
12	0	0	0	0	518	
13	0	0	0	0	517	
14	0	0	0	0	518	
15	0	0	0	0	517	
0	0	0	0	0	516	
1	0	0	0	0	517	
2	0	0	0	0	518	
3	0	0	0	0	518	
4	0	0	0	0	518	
5	0	0	0	0	517	
6	0	0	0	0	515	
7	0	0	0	0	513	
8	0	0	0	0	512	
9	0	0	0	0	508	
10	0	0	0	0	502	
11	0	0	0	0	499	
12	0	0	0	0	496	
13	0	0	0	0	495	
14	0	0	0	0	494	
15	0	0	0	0	492	
0	0	0	0	0	490	
1	0	0	0	0	487	
2	0	0	0	0	488	
3	0	0	0	0	490	
4	0	0	0	0	491	
5	0	0	0	0	496	
6	0	0	0	0	502	
7	0	0	0	0	506	
8	0	0	0	0	510	
9	0	0	0	0	518	
10	0	0	0	0	524	
11	0	0	0	0	531	
12	0	0	0	0	539	
13	0	0	0	0	547	
14	0	0	0	0	553	
15	0	0	0	0	560	
0	0	0	0	0	569	
1	0	0	0	0	579	
2	0	0	0	0	591	
3	0	0	0	0	605	
4	0	0	0	0	617	
5	0	0	0	0	629	
6	0	0	0	0	643	
7	0	0	0	0	657	
8	0	0	0	0	670	
9	0	0	0	0	682	
10	0	0	0	0	694	
11	0	0	0	0	709	
12	0	0	0	0	720	
13	0	0	0	0	725	
14	0	0	0	0	724	
15	0	0	0	0	719	
0	0	0	0	0	714	
1	0	0	0	0	703	
2	0	0	0	0	689	
3	0	0	0	0	676	
4	0	0	0	0	661	
5	0	0	0	0	647	
6	0	0	0	0	631	
7	0	0	0	0	613	
8	0	0	0	0	591	
9	0	0	0	0	568	
10	0	0	0	0	550	
11	0	0	0	0	539	
12	0	0	0	0	528	
13	0	0	0	0	516	
14	0	0	0	0	504	
15	0	0	0	0	492	
0	0	0	0	0	482	
1	0	0	0	0	473	
2	0	0	0	0	469	
3	0	0	0	0	469	
4	0	0	0	0	470	
5	0	0	0	0	471	
6	0	0	0	0	472	
7	0	0	0	0	473	
8	0	0	0	0	472	
9	0	0	0	0	474	
10	0	0	0	0	477	
11	0	0	0	0	481	
12	0	0	0	0	484	
13	0	0	0	0	487	
14	0	0	0	0	491	
15	0	0	0	0	494	
0	0	0	0	0	497	
1	0	0	0	0	499	
2	0	0	0	0	503	
3	0	0	0	0	502	
4	0	0	0	0	503	
5	0	0	0	0	506	
6	0	0	0	0	508	
7	0	0	0	0	510	
8	0	0	0	0	512	
9	0	0	0	0	512	
10	0	0	0	0	512	
11	0	0	0	0	513	
12	0	0	0	0	512	
13	0	0	0	0	511	
14	0	0	0	0	512	
15	0	0	0	0	511	
0	0	0	0	0	511	
1	0	0	0	0	511	
2	0	0	0	0	516	
3	0	0	0	0	516	
4	0	0	0	0	514	
5	0	0	0	0	515	
6	0	0	0	0	516	
7	0	0	0	0	514	
8	0	0	0	0	516	
9	0	0	0	0	518	
10	0	0	0	0	517	
11	0	0	0	0	517	
12	0	0	0	0	516	
13	0	0	0	0	515	
14	0	0	0	0	514	
15	0	0	0	0	515	
0	0	0	0	0	516	
1	0	0	0	0	515	
2	0	0	0	0	515	
3	0	0	0	0	516	
4	0	0	0	0	517	
5	0	0	0	0	518	
6	0	0	0	0	519	
7	0	0	0	0	517	
8	0	0	0	0	517	
9	0	0	0	0	519	
10	0	0	0	0	520	
11	0	0	0	0	518	
12	0	0	0	0	518	
13	0	0	0	0	520	
14	0	0	0	0	523	
15	0	0	0	0	525	
0	0	0	0	0	525	
1	0	0	0	0	525	
2	0	0	0	0	527	
3	0	0	0	0	527	
4	0	0	0	0	527	
5	0	0	0	0	526	
6	0	0	0	0	528	
7	0	0	0	0	527	
8	0	0	0	0	526	
9	0	0	0	0	526	
10	0	0	0	0	527	
11	0	0	0	0	527	
12	0	0	0	0	528	
13	0	0	0	0	525	
14	0	0	0	0	523	
15	0	0	0	0	523	
0	0	0	0	0	524	
1	0	0	0	0	525	
2	0	0	0	0	527	
3	0	0	0	0	529	
4	0	0	0	0	528	
5	0	0	0	0	529	
6	0	0	0	0	530	
7	0	0	0	0	531	
8	0	0	0	0	531	
9	0	0	0	0	530	
10	0	0	0	0	531	
11	0	0	0	0	531	
12	0	0	0	0	532	
13	0	0	0	0	534	
14	0	0	0	0	534	
15	0	0	0	0	534	
0	0	0	0	0	536	
1	0	0	0	0	536	
2	0	0	0	0	536	
3	0	0	0	0	535	
4	0	0	0	0	534	
5	0	0	0	0	534	
6	0	0	0	0	536	
7	0	0	0	0	536	
8	0	0	0	0	535	
9	0	0	0	0	534	
10	0	0	0	0	533	
11	0	0	0	0	536	
12	0	0	0	0	538	
13	0	0	0	0	539	
14	0	0	0	0	540	
15	0	0	0	0	540	
0	0	0	0	0	538	
1	0	0	0	0	538	
2	0	0	0	0	540	
3	0	0	0	0	542	
4	0	0	0	0	545	
5	0	0	0	0	544	
6	0	0	0	0	543	
7	0	0	0	0	544	
8	0	0	0	0	543	
9	0	0	0	0	542	
10	0	0	0	0	544	
11	0	0	0	0	544	
12	0	0	0	0	544	
13	0	0	0	0	545	
14	0	0	0	0	546	
15	0	0	0	0	547	
0	0	0	0	0	547	
1	0	0	0	0	547	
2	0	0	0	0	547	
3	0	0	0	0	549	
4	0	0	0	0	549	
5	0	0	0	0	547	
6	0	0	0	0	544	
7	0	0	0	0	543	
8	0	0	0	0	545	
9	0	0	0	0	549	
10	0	0	0	0	552	
11	0	0	0	0	554	
12	0	0	0	0	551	
13	0	0	0	0	552	
14	0	0	0	0	553	
15	0	0	0	0	553	
0	0	0	0	0	553	
1	0	0	0	0	551	
2	0	0	0	0	553	
3	0	0	0	0	551	
4	0	0	0	0	553	
5	0	0	0	0	555	
6	0	0	0	0	558	
7	0	0	0	0	558	
8	0	0	0	0	559	
9	0	0	0	0	560	
10	0	0	0	0	561	
11	0	0	0	0	560	
12	0	0	0	0	558	
13	0	0	0	0	557	
14	0	0	0	0	558	
15	0	0	0	0	560	
0	0	0	0	0	560	
1	0	0	0	0	558	
2	0	0	0	0	558	
3	0	0	0	0	560	
4	0	0	0	0	561	
5	0	0	0	0	561	
6	0	0	0	0	561	
7	0	0	0	0	561	
8	0	0	0	0	563	
9	0	0	0	0	566	
10	0	0	0	0	566	
11	0	0	0	0	566	
12	0	0	0	0	565	
13	0	0	0	0	567	
14	0	0	0	0	569	
15	0	0	0	0	568	
0	0	0	0	0	569	
1	0	0	0	0	571	
2	0	0	0	0	570	
3	0	0	0	0	574	
4	0	0	0	0	574	
5	0	0	0	0	573	
6	0	0	0	0	576	
7	0	0	0	0	580	
8	0	0	0	0	579	
9	0	0	0	0	579	
10	0	0	0	0	580	
11	0	0	0	0	580	
12	0	0	0	0	581	
13	0	0	0	0	580	
14	0	0	0	0	578	
15	0	0	0	0	580	
0	0	0	0	0	578	
1	0	0	0	0	579	
2	0	0	0	0	583	
3	0	0	0	0	586	
4	0	0	0	0	585	
5	0	0	0	0	587	
6	0	0	0	0	587	
7	0	0	0	0	585	
8	0	0	0	0	585	
9	0	0	0	0	585	
10	0	0	0	0	585	
11	0	0	0	0	586	
12	0	0	0	0	587	
13	0	0	0	0	588	
14	0	0	0	0	588	
15	0	0	0	0	588	
0	0	0	0	0	588	
1	0	0	0	0	590	
2	0	0	0	0	591	
3	0	0	0	0	589	
4	0	0	0	0	588	
5	0	0	0	0	589	
6	0	0	0	0	591	
7	0	0	0	0	592	
8	0	0	0	0	594	
9	0	0	0	0	595	
10	0	0	0	0	595	
11	0	0	0	0	594	
12	0	0	0	0	593	
13	0	0	0	0	593	
14	0	0	0	0	591	
15	0	0	0	0	589	
0	0	0	0	0	588	
1	0	0	0	0	587	
2	0	0	0	0	587	
3	0	0	0	0	585	
4	0	0	0	0	584	
5	0	0	0	0	586	
6	0	0	0	0	584	
7	0	0	0	0	584	
8	0	0	0	0	582	
9	0	0	0	0	582	
10	0	0	0	0	580	
11	0	0	0	0	578	
12	0	0	0	0	573	
13	0	0	0	0	568	
14	0	0	0	0	566	
15	0	0	0	0	563	
0	0	0	0	0	561	
1	0	0	0	0	559	
2	0	0	0	0	559	
3	0	0	0	0	560	
4	0	0	0	0	559	
5	0	0	0	0	559	
6	0	0	0	0	558	
7	0	0	0	0	557	
8	0	0	0	0	555	
9	0	0	0	0	553	
10	0	0	0	0	551	
11	0	0	0	0	549	
12	0	0	0	0	547	
13	0	0	0	0	543	
14	0	0	0	0	543	
15	0	0	0	0	543	
0	0	0	0	0	544	
1	0	0	0	0	543	
2	0	0	0	0	540	
3	0	0	0	0	537	
4	0	0	0	0	537	
5	0	0	0	0	537	
6	0	0	0	0	535	
7	0	0	0	0	533	
8	0	0	0	0	535	
9	0	0	0	0	535	
10	0	0	0	0	533	
11	0	0	0	0	532	
12	0	0	0	0	534	
13	0	0	0	0	533	
14	0	0	0	0	533	
15	0	0	0	0	534	
0	0	0	0	0	534	
1	0	0	0	0	535	
2	0	0	0	0	534	
3	0	0	0	0	534	
4	0	0	0	0	532	
5	0	0	0	0	529	
6	0	0	0	0	529	
7	0	0	0	0	530	
8	0	0	0	0	530	
9	0	0	0	0	530	
10	0	0	0	0	530	
11	0	0	0	0	531	
12	0	0	0	0	532	
13	0	0	0	0	531	
14	0	0	0	0	533	
15	0	0	0	0	532	
0	0	0	0	0	530	
1	0	0	0	0	528	
2	0	0	0	0	529	
3	0	0	0	0	531	
4	0	0	0	0	531	
5	0	0	0	0	533	
6	0	0	0	0	535	
7	0	0	0	0	537	
8	0	0	0	0	536	
9	0	0	0	0	536	
10	0	0	0	0	536	
11	0	0	0	0	536	
12	0	0	0	0	537	
13	0	0	0	0	535	
14	0	0	0	0	537	
15	0	0	0	0	538	
0	0	0	0	0	539	
1	0	0	0	0	539	
2	0	0	0	0	539	
3	0	0	0	0	539	
4	0	0	0	0	542	
5	0	0	0	0	542	
6	0	0	0	0	540	
7	0	0	0	0	539	
8	0	0	0	0	538	
9	0	0	0	0	541	
10	0	0	0	0	546	
11	0	0	0	0	546	
12	0	0	0	0	545	
13	0	0	0	0	544	
14	0	0	0	0	546	
15	0	0	0	0	547	
0	0	0	0	0	550	
1	0	0	0	0	552	
2	0	0	0	0	553	
3	0	0	0	0	553	
4	0	0	0	0	553	
5	0	0	0	0	553	
6	0	0	0	0	553	
7	0	0	0	0	553	
8	0	0	0	0	553	
9	0	0	0	0	553	
10	0	0	0	0	553	
11	0	0	0	0	554	
12	0	0	0	0	556	
13	0	0	0	0	555	
14	0	0	0	0	555	
15	0	0	0	0	555	
0	0	0	0	0	557	
1	0	0	0	0	557	
2	0	0	0	0	558	
3	0	0	0	0	558	
4	0	0	0	0	557	
5	0	0	0	0	557	
6	0	0	0	0	558	
7	0	0	0	0	558	
8	0	0	0	0	560	
9	0	0	0	0	560	
10	0	0	0	0	558	
11	0	0	0	0	556	
12	0	0	0	0	556	
13	0	0	0	0	560	
14	0	0	0	0	563	
15	0	0	0	0	562	
0	0	0	0	0	558	
1	0	0	0	0	559	
2	0	0	0	0	562	
3	0	0	0	0	563	
4	0	0	0	0	561	
5	0	0	0	0	559	
6	0	0	0	0	558	
7	0	0	0	0	556	
8	0	0	0	0	558	
9	0	0	0	0	559	
10	0	0	0	0	559	
11	0	0	0	0	560	
12	0	0	0	0	562	
13	0	0	0	0	563	
14	0	0	0	0	564	
15	0	0	0	0	567	
0	0	0	0	0	567	
1	0	0	0	0	566	
2	0	0	0	0	564	
3	0	0	0	0	564	
4	0	0	0	0	563	
5	0	0	0	0	561	
6	0	0	0	0	562	
7	0	0	0	0	565	
8	0	0	0	0	566	
9	0	0	0	0	563	
10	0	0	0	0	564	
11	0	0	0	0	566	
12	0	0	0	0	567	
13	0	0	0	0	566	
14	0	0	0	0	567	
15	0	0	0	0	568	
0	0	0	0	0	568	
1	0	0	0	0	566	
2	0	0	0	0	565	
3	0	0	0	0	566	
4	0	0	0	0	567	
5	0	0	0	0	568	
6	0	0	0	0	568	
7	0	0	0	0	568	
8	0	0	0	0	568	
9	0	0	0	0	568	
10	0	0	0	0	567	
11	0	0	0	0	566	
12	0	0	0	0	568	
13	0	0	0	0	570	
14	0	0	0	0	572	
15	0	0	0	0	574	
0	0	0	0	0	572	
1	0	0	0	0	569	
2	0	0	0	0	569	
3	0	0	0	0	568	
4	0	0	0	0	568	
5	0	0	0	0	569	
6	0	0	0	0	570	
7	0	0	0	0	569	
8	0	0	0	0	569	
9	0	0	0	0	570	
10	0	0	0	0	569	
11	0	0	0	0	570	
12	0	0	0	0	569	
13	0	0	0	0	569	
14	0	0	0	0	571	
15	0	0	0	0	569	
0	0	0	0	0	566	
1	0	0	0	0	569	
2	0	0	0	0	570	
3	0	0	0	0	567	
4	0	0	0	0	568	
5	0	0	0	0	569	
6	0	0	0	0	568	
7	0	0	0	0	568	
8	0	0	0	0	568	
9	0	0	0	0	569	
10	0	0	0	0	569	
11	0	0	0	0	568	
12	0	0	0	0	569	
13	0	0	0	0	568	
14	0	0	0	0	568	
15	0	0	0	0	569	
0	0	0	0	0	568	
1	0	0	0	0	568	
2	0	0	0	0	565	
3	0	0	0	0	564	
4	0	0	0	0	564	
5	0	0	0	0	562	
6	0	0	0	0	562	
7	0	0	0	0	562	
8	0	0	0	0	562	
9	0	0	0	0	561	
10	0	0	0	0	563	
11	0	0	0	0	563	
12	0	0	0	0	563	
13	0	0	0	0	562	
14	0	0	0	0	563	
15	0	0	0	0	564	
0	0	0	0	0	563	
1	0	0	0	0	563	
2	0	0	0	0	566	
3	0	0	0	0	567	
4	0	0	0	0	566	
5	0	0	0	0	564	
6	0	0	0	0	562	
7	0	0	0	0	558	
8	0	0	0	0	560	
9	0	0	0	0	562	
10	0	0	0	0	564	
11	0	0	0	0	564	
12	0	0	0	0	564	
13	0	0	0	0	563	
14	0	0	0	0	567	
15	0	0	0	0	568	
0	0	0	0	0	567	
1	0	0	0	0	565	
2	0	0	0	0	566	
3	0	0	0	0	566	
4	0	0	0	0	563	
5	0	0	0	0	560	
6	0	0	0	0	561	
7	0	0	0	0	563	
8	0	0	0	0	562	
9	0	0	0	0	563	
10	0	0	0	0	563	
11	0	0	0	0	561	
12	0	0	0	0	562	
13	0	0	0	0	562	
14	0	0	0	0	560	
15	0	0	0	0	561	
0	0	0	0	0	561	
1	0	0	0	0	560	
2	0	0	0	0	562	
3	0	0	0	0	562	
4	0	0	0	0	562	
5	0	0	0	0	563	
6	0	0	0	0	564	
7	0	0	0	0	563	
8	0	0	0	0	563	
9	0	0	0	0	560	
10	0	0	0	0	560	
11	0	0	0	0	561	
12	0	0	0	0	559	
13	0	0	0	0	558	
14	0	0	0	0	557	
15	0	0	0	0	555	
0	0	0	0	0	557	
1	0	0	0	0	557	
2	0	0	0	0	556	
3	0	0	0	0	558	
4	0	0	0	0	559	
5	0	0	0	0	561	
6	0	0	0	0	561	
7	0	0	0	0	560	
8	0	0	0	0	559	
9	0	0	0	0	558	
10	0	0	0	0	558	
11	0	0	0	0	558	
12	0	0	0	0	555	
13	0	0	0	0	556	
14	0	0	0	0	556	
15	0	0	0	0	555	
0	0	0	0	0	555	
1	0	0	0	0	555	
2	0	0	0	0	555	
3	0	0	0	0	555	
4	0	0	0	0	555	
5	0	0	0	0	556	
6	0	0	0	0	556	
7	0	0	0	0	556	
8	0	0	0	0	554	
9	0	0	0	0	553	
10	0	0	0	0	552	
11	0	0	0	0	553	
12	0	0	0	0	551	
13	0	0	0	0	551	
14	0	0	0	0	551	
15	0	0	0	0	549	
0	0	0	0	0	547	
1	0	0	0	0	545	
2	0	0	0	0	545	
3	0	0	0	0	546	
4	0	0	0	0	545	
5	0	0	0	0	543	
6	0	0	0	0	544	
7	0	0	0	0	541	
8	0	0	0	0	540	
9	0	0	0	0	542	
10	0	0	0	0	545	
11	0	0	0	0	546	
12	0	0	0	0	544	
13	0	0	0	0	545	
14	0	0	0	0	546	
15	0	0	0	0	546	
0	0	0	0	0	545	
1	0	0	0	0	545	
2	0	0	0	0	545	
3	0	0	0	0	545	
4	0	0	0	0	544	
5	0	0	0	0	543	
6	0	0	0	0	542	
7	0	0	0	0	541	
8	0	0	0	0	541	
9	0	0	0	0	541	
10	0	0	0	0	539	
11	0	0	0	0	539	
12	0	0	0	0	539	
13	0	0	0	0	538	
14	0	0	0	0	538	
15	0	0	0	0	540	
0	0	0	0	0	537	
1	0	0	0	0	536	
2	0	0	0	0	536	
3	0	0	0	0	537	
4	0	0	0	0	540	
5	0	0	0	0	540	
6	0	0	0	0	542	
7	0	0	0	0	539	
8	0	0	0	0	538	
9	0	0	0	0	538	
10	0	0	0	0	537	
11	0	0	0	0	536	
12	0	0	0	0	536	
13	0	0	0	0	535	
14	0	0	0	0	532	
15	0	0	0	0	529	
0	0	0	0	0	529	
1	0	0	0	0	527	
2	0	0	0	0	530	
3	0	0	0	0	534	
4	0	0	0	0	535	
5	0	0	0	0	534	
6	0	0	0	0	533	
7	0	0	0	0	532	
8	0	0	0	0	533	
9	0	0	0	0	532	
10	0	0	0	0	531	
11	0	0	0	0	530	
12	0	0	0	0	529	
13	0	0	0	0	531	
14	0	0	0	0	531	
15	0	0	0	0	532	
0	0	0	0	0	531	
1	0	0	0	0	530	
2	0	0	0	0	530	
3	0	0	0	0	532	
4	0	0	0	0	533	
5	0	0	0	0	532	
6	0	0	0	0	532	
7	0	0	0	0	532	
8	0	0	0	0	531	
9	0	0	0	0	530	
10	0	0	0	0	528	
11	0	0	0	0	527	
12	0	0	0	0	528	
13	0	0	0	0	529	
14	0	0	0	0	529	
15	0	0	0	0	526	
0	0	0	0	0	524	
1	0	0	0	0	524	
2	0	0	0	0	526	
3	0	0	0	0	527	
4	0	0	0	0	527	
5	0	0	0	0	525	
6	0	0	0	0	524	
7	0	0	0	0	522	
8	0	0	0	0	520	
9	0	0	0	0	520	
10	0	0	0	0	521	
11	0	0	0	0	524	
12	0	0	0	0	526	
13	0	0	0	0	527	
14	0	0	0	0	528	
15	0	0	0	0	527	
0	0	0	0	0	526	
1	0	0	0	0	524	
2	0	0	0	0	524	
3	0	0	0	0	526	
4	0	0	0	0	526	
5	0	0	0	0	523	
6	0	0	0	0	521	
7	0	0	0	0	521	
8	0	0	0	0	518	
9	0	0	0	0	518	
10	0	0	0	0	519	
11	0	0	0	0	517	
12	0	0	0	0	515	
13	0	0	0	0	515	
14	0	0	0	0	516	
15	0	0	0	0	519	
0	0	0	0	0	520	
1	0	0	0	0	519	
2	0	0	0	0	519	
3	0	0	0	0	518	
4	0	0	0	0	518	
5	0	0	0	0	520	
6	0	0	0	0	521	
7	0	0	0	0	518	
8	0	0	0	0	515	
9	0	0	0	0	515	
10	0	0	0	0	518	
11	0	0	0	0	518	
12	0	0	0	0	521	
13	0	0	0	0	520	
14	0	0	0	0	519	
15	0	0	0	0	518	
0	0	0	0	0	515	
1	0	0	0	0	513	
2	0	0	0	0	514	
3	0	0	0	0	515	
4	0	0	0	0	512	
5	0	0	0	0	511	
6	0	0	0	0	513	
7	0	0	0	0	514	
8	0	0	0	0	515	
9	0	0	0	0	516	
10	0	0	0	0	515	
11	0	0	0	0	515	
12	0	0	0	0	513	
13	0	0	0	0	511	
14	0	0	0	0	510	
15	0	0	0	0	510	
0	0	0	0	0	511	
1	0	0	0	0	511	
2	0	0	0	0	511	
3	0	0	0	0	511	
4	0	0	0	0	511	
5	0	0	0	0	512	
6	0	0	0	0	513	
7	0	0	0	0	514	
8	0	0	0	0	512	
9	0	0	0	0	511	
10	0	0	0	0	512	
11	0	0	0	0	511	
12	0	0	0	0	512	
13	0	0	0	0	512	
14	0	0	0	0	513	
15	0	0	0	0	513	
0	0	0	0	0	511	
1	0	0	0	0	511	
2	0	0	0	0	510	
3	0	0	0	0	512	
4	0	0	0	0	510	
5	0	0	0	0	510	
6	0	0	0	0	511	
7	0	0	0	0	511	
8	0	0	0	0	511	
9	0	0	0	0	510	
10	0	0	0	0	511	
11	0	0	0	0	513	
12	0	0	0	0	514	
13	0	0	0	0	513	
14	0	0	0	0	510	
15	0	0	0	0	509	
0	0	0	0	0	509	
1	0	0	0	0	507	
2	0	0	0	0	507	
3	0	0	0	0	504	
4	0	0	0	0	505	
5	0	0	0	0	503	
6	0	0	0	0	501	
7	0	0	0	0	503	
8	0	0	0	0	504	
9	0	0	0	0	503	
10	0	0	0	0	503	
11	0	0	0	0	504	
12	0	0	0	0	505	
13	0	0	0	0	505	
14	0	0	0	0	507	
15	0	0	0	0	507	
0	0	0	0	0	507	
1	0	0	0	0	506	
2	0	0	0	0	505	
3	0	0	0	0	508	
4	0	0	0	0	507	
5	0	0	0	0	505	
6	0	0	0	0	507	
7	0	0	0	0	508	
8	0	0	0	0	508	
9	0	0	0	0	506	
10	0	0	0	0	504	
11	0	0	0	0	501	
12	0	0	0	0	498	
13	0	0	0	0	496	
14	0	0	0	0	498	
15	0	0	0	0	500	
0	0	0	0	0	503	
1	0	0	0	0	504	
2	0	0	0	0	506	
3	0	0	0	0	506	
4	0	0	0	0	506	
5	0	0	0	0	507	
6	0	0	0	0	507	
7	0	0	0	0	507	
8	0	0	0	0	507	
9	0	0	0	0	504	
10	0	0	0	0	503	
11	0	0	0	0	504	
12	0	0	0	0	505	
13	0	0	0	0	504	
14	0	0	0	0	506	
15	0	0	0	0	505	
0	0	0	0	0	503	
1	0	0	0	0	501	
2	0	0	0	0	504	
3	0	0	0	0	505	
4	0	0	0	0	504	
5	0	0	0	0	504	
6	0	0	0	0	505	
7	0	0	0	0	504	
8	0	0	0	0	504	
9	0	0	0	0	502	
10	0	0	0	0	500	
11	0	0	0	0	502	
12	0	0	0	0	503	
13	0	0	0	0	504	
14	0	0	0	0	503	
15	0	0	0	0	500	
0	0	0	0	0	500	
1	0	0	0	0	499	
2	0	0	0	0	502	
3	0	0	0	0	501	
4	0	0	0	0	503	
5	0	0	0	0	504	
6	0	0	0	0	502	
7	0	0	0	0	500	
8	0	0	0	0	501	
9	0	0	0	0	502	
10	0	0	0	0	501	
11	0	0	0	0	503	
12	0	0	0	0	503	
13	0	0	0	0	500	
14	0	0	0	0	502	
15	0	0	0	0	502	
0	0	0	0	0	502	
1	0	0	0	0	499	
2	0	0	0	0	497	
3	0	0	0	0	498	
4	0	0	0	0	499	
5	0	0	0	0	500	
6	0	0	0	0	500	
7	0	0	0	0	501	
8	0	0	0	0	502	
9	0	0	0	0	501	
10	0	0	0	0	502	
11	0	0	0	0	504	
12	0	0	0	0	504	
13	0	0	0	0	504	
14	0	0	0	0	505	
15	0	0	0	0	506	
0	0	0	0	0	504	
1	0	0	0	0	502	
2	0	0	0	0	501	
3	0	0	0	0	502	
4	0	0	0	0	501	
5	0	0	0	0	502	
6	0	0	0	0	501	
7	0	0	0	0	501	
8	0	0	0	0	500	
9	0	0	0	0	499	
10	0	0	0	0	499	
11	0	0	0	0	500	
12	0	0	0	0	502	
13	0	0	0	0	503	
14	0	0	0	0	502	
15	0	0	0	0	500	
0	0	0	0	0	502	
1	0	0	0	0	505	
2	0	0	0	0	505	
3	0	0	0	0	506	
4	0	0	0	0	504	
5	0	0	0	0	501	
6	0	0	0	0	499	
7	0	0	0	0	500	
8	0	0	0	0	500	
9	0	0	0	0	497	
10	0	0	0	0	496	
11	0	0	0	0	498	
12	0	0	0	0	498	
13	0	0	0	0	496	
14	0	0	0	0	493	
15	0	0	0	0	493	
0	0	0	0	0	493	
1	0	0	0	0	496	
2	0	0	0	0	498	
3	0	0	0	0	498	
4	0	0	0	0	500	
5	0	0	0	0	499	
6	0	0	0	0	496	
7	0	0	0	0	495	
8	0	0	0	0	494	
9	0	0	0	0	495	
10	0	0	0	0	493	
11	0	0	0	0	491	
12	0	0	0	0	490	
13	0	0	0	0	488	
14	0	0	0	0	488	
15	0	0	0	0	485	
0	0	0	0	0	483	
1	0	0	0	0	485	
2	0	0	0	0	486	
3	0	0	0	0	487	
4	0	0	0	0	485	
5	0	0	0	0	485	
6	0	0	0	0	485	
7	0	0	0	0	485	
8	0	0	0	0	483	
9	0	0	0	0	479	
10	0	0	0	0	479	
11	0	0	0	0	481	
12	0	0	0	0	487	
13	0	0	0	0	489	
14	0	0	0	0	491	
15	0	0	0	0	492	
0	0	0	0	0	490	
1	0	0	0	0	486	
2	0	0	0	0	486	
3	0	0	0	0	484	
4	0	0	0	0	485	
5	0	0	0	0	486	
6	0	0	0	0	487	
7	0	0	0	0	487	
8	0	0	0	0	486	
9	0	0	0	0	484	
10	0	0	0	0	483	
11	0	0	0	0	482	
12	0	0	0	0	482	
13	0	0	0	0	480	
14	0	0	0	0	481	
15	0	0	0	0	478	
0	0	0	0	0	480	
1	0	0	0	0	481	
2	0	0	0	0	482	
3	0	0	0	0	485	
4	0	0	0	0	487	
5	0	0	0	0	486	
6	0	0	0	0	486	
7	0	0	0	0	486	
8	0	0	0	0	487	
9	0	0	0	0	485	
10	0	0	0	0	482	
11	0	0	0	0	479	
12	0	0	0	0	478	
13	0	0	0	0	480	
14	0	0	0	0	481	
15	0	0	0	0	480	
0	0	0	0	0	478	
1	0	0	0	0	477	
2	0	0	0	0	477	
3	0	0	0	0	476	
4	0	0	0	0	475	
5	0	0	0	0	476	
6	0	0	0	0	476	
7	0	0	0	0	478	
8	0	0	0	0	480	
9	0	0	0	0	479	
10	0	0	0	0	478	
11	0	0	0	0	474	
12	0	0	0	0	470	
13	0	0	0	0	468	
14	0	0	0	0	467	
15	0	0	0	0	462	
0	0	0	0	0	459	
1	0	0	0	0	455	
2	0	0	0	0	454	
3	0	0	0	0	453	
4	0	0	0	0	453	
5	0	0	0	0	453	
6	0	0	0	0	454	
7	0	0	0	0	454	
8	0	0	0	0	455	
9	0	0	0	0	456	
10	0	0	0	0	461	
11	0	0	0	0	467	
12	0	0	0	0	472	
13	0	0	0	0	475	
14	0	0	0	0	479	
15	0	0	0	0	486	
0	0	0	0	0	496	
1	0	0	0	0	502	
2	0	0	0	0	511	
3	0	0	0	0	519	
4	0	0	0	0	531	
5	0	0	0	0	545	
6	0	0	0	0	559	
7	0	0	0	0	574	
8	0	0	0	0	588	
9	0	0	0	0	599	
10	0	0	0	0	609	
11	0	0	0	0	623	
12	0	0	0	0	638	
13	0	0	0	0	652	
14	0	0	0	0	665	
15	0	0	0	0	678	
0	0	0	0	0	688	
1	0	0	0	0	696	
2	0	0	0	0	699	
3	0	0	0	0	693	
4	0	0	0	0	685	
5	0	0	0	0	671	
6	0	0	0	0	659	
7	0	0	0	0	647	
8	0	0	0	0	632	
9	0	0	0	0	615	
10	0	0	0	0	599	
11	0	0	0	0	583	
12	0	0	0	0	563	
13	0	0	0	0	542	
14	0	0	0	0	526	
15	0	0	0	0	514	
0	0	0	0	0	503	
1	0	0	0	0	489	
2	0	0	0	0	478	
3	0	0	0	0	466	
4	0	0	0	0	458	
5	0	0	0	0	451	
6	0	0	0	0	446	
7	0	0	0	0	443	
8	0	0	0	0	443	
9	0	0	0	0	442	
10	0	0	0	0	440	
11	0	0	0	0	439	
12	0	0	0	0	441	
13	0	0	0	0	444	
14	0	0	0	0	448	
15	0	0	0	0	450	
0	0	0	0	0	447	
1	0	0	0	0	448	
2	0	0	0	0	449	
3	0	0	0	0	450	
4	0	0	0	0	451	
5	0	0	0	0	456	
6	0	0	0	0	458	
7	0	0	0	0	459	
8	0	0	0	0	459	
9	0	0	0	0	460	
10	0	0	0	0	459	
11	0	0	0	0	461	
12	0	0	0	0	459	
13	0	0	0	0	457	
14	0	0	0	0	456	
15	0	0	0	0	456	
0	0	0	0	0	459	
1	0	0	0	0	459	
2	0	0	0	0	461	
3	0	0	0	0	462	
4	0	0	0	0	460	
5	0	0	0	0	459	
6	0	0	0	0	460	
7	0	0	0	0	462	
8	0	0	0	0	462	
9	0	0	0	0	462	
10	0	0	0	0	460	
11	0	0	0	0	460	
12	0	0	0	0	460	
13	0	0	0	0	460	
14	0	0	0	0	459	
15	0	0	0	0	461	
0	0	0	0	0	460	
1	0	0	0	0	459	
2	0	0	0	0	459	
3	0	0	0	0	459	
4	0	0	0	0	459	
5	0	0	0	0	462	
6	0	0	0	0	463	
7	0	0	0	0	463	
8	0	0	0	0	463	
9	0	0	0	0	462	
10	0	0	0	0	463	
11	0	0	0	0	461	
12	0	0	0	0	459	
13	0	0	0	0	460	
14	0	0	0	0	462	
15	0	0	0	0	464	
0	0	0	0	0	460	
1	0	0	0	0	459	
2	0	0	0	0	461	
3	0	0	0	0	461	
4	0	0	0	0	460	
5	0	0	0	0	461	
6	0	0	0	0	463	
7	0	0	0	0	463	
8	0	0	0	0	462	
9	0	0	0	0	464	
10	0	0	0	0	466	
11	0	0	0	0	464	
12	0	0	0	0	462	
13	0	0	0	0	463	
14	0	0	0	0	467	
15	0	0	0	0	466	
0	0	0	0	0	466	
1	0	0	0	0	466	
2	0	0	0	0	465	
3	0	0	0	0	464	
4	0	0	0	0	466	
5	0	0	0	0	470	
6	0	0	0	0	473	
7	0	0	0	0	474	
8	0	0	0	0	475	
9	0	0	0	0	474	
10	0	0	0	0	475	
11	0	0	0	0	476	
12	0	0	0	0	475	
13	0	0	0	0	475	
14	0	0	0	0	476	
15	0	0	0	0	476	
0	0	0	0	0	476	
1	0	0	0	0	478	
2	0	0	0	0	480	
3	0	0	0	0	480	
4	0	0	0	0	479	
5	0	0	0	0	480	
6	0	0	0	0	479	
7	0	0	0	0	478	
8	0	0	0	0	478	
9	0	0	0	0	480	
10	0	0	0	0	479	
11	0	0	0	0	479	
12	0	0	0	0	480	
13	0	0	0	0	481	
14	0	0	0	0	483	
15	0	0	0	0	483	
0	0	0	0	0	482	
1	0	0	0	0	480	
2	0	0	0	0	479	
3	0	0	0	0	476	
4	0	0	0	0	474	
5	0	0	0	0	473	
6	0	0	0	0	476	
7	0	0	0	0	480	
8	0	0	0	0	483	
9	0	0	0	0	484	
10	0	0	0	0	484	
11	0	0	0	0	483	
12	0	0	0	0	485	
13	0	0	0	0	485	
14	0	0	0	0	483	
15	0	0	0	0	483	
0	0	0	0	0	484	
1	0	0	0	0	486	
2	0	0	0	0	488	
3	0	0	0	0	487	
4	0	0	0	0	487	
5	0	0	0	0	485	
6	0	0	0	0	485	
7	0	0	0	0	484	
8	0	0	0	0	488	
9	0	0	0	0	488	
10	0	0	0	0	488	
11	0	0	0	0	489	
12	0	0	0	0	487	
13	0	0	0	0	488	
14	0	0	0	0	487	
15	0	0	0	0	486	
0	0	0	0	0	484	
1	0	0	0	0	484	
2	0	0	0	0	484	
3	0	0	0	0	485	
4	0	0	0	0	487	
5	0	0	0	0	485	
6	0	0	0	0	487	
7	0	0	0	0	487	
8	0	0	0	0	486	
9	0	0	0	0	487	
10	0	0	0	0	487	
11	0	0	0	0	487	
12	0	0	0	0	487	
13	0	0	0	0	489	
14	0	0	0	0	491	
15	0	0	0	0	492	
0	0	0	0	0	492	
1	0	0	0	0	487	
2	0	0	0	0	487	
3	0	0	0	0	487	
4	0	0	0	0	487	
5	0	0	0	0	487	
6	0	0	0	0	489	
7	0	0	0	0	492	
8	0	0	0	0	493	
9	0	0	0	0	492	
10	0	0	0	0	491	
11	0	0	0	0	491	
12	0	0	0	0	491	
13	0	0	0	0	492	
14	0	0	0	0	496	
15	0	0	0	0	497	
0	0	0	0	0	497	
1	0	0	0	0	497	
2	0	0	0	0	497	
3	0	0	0	0	499	
4	0	0	0	0	499	
5	0	0	0	0	499	
6	0	0	0	0	501	
7	0	0	0	0	501	
8	0	0	0	0	502	
9	0	0	0	0	503	
10	0	0	0	0	503	
11	0	0	0	0	504	
12	0	0	0	0	503	
13	0	0	0	0	501	
14	0	0	0	0	501	
15	0	0	0	0	500	
0	0	0	0	0	501	
1	0	0	0	0	501	
2	0	0	0	0	503	
3	0	0	0	0	504	
4	0	0	0	0	504	
5	0	0	0	0	505	
6	0	0	0	0	506	
7	0	0	0	0	508	
8	0	0	0	0	508	
9	0	0	0	0	508	
10	0	0	0	0	507	
11	0	0	0	0	508	
12	0	0	0	0	509	
13	0	0	0	0	508	
14	0	0	0	0	507	
15	0	0	0	0	510	
0	0	0	0	0	514	
1	0	0	0	0	516	
2	0	0	0	0	517	
3	0	0	0	0	518	
4	0	0	0	0	519	
5	0	0	0	0	519	
6	0	0	0	0	518	
7	0	0	0	0	519	
8	0	0	0	0	519	
9	0	0	0	0	519	
10	0	0	0	0	519	
11	0	0	0	0	520	
12	0	0	0	0	521	
13	0	0	0	0	519	
14	0	0	0	0	516	
15	0	0	0	0	516	
0	0	0	0	0	518	
1	0	0	0	0	519	
2	0	0	0	0	522	
3	0	0	0	0	521	
4	0	0	0	0	520	
5	0	0	0	0	520	
6	0	0	0	0	520	
7	0	0	0	0	520	
8	0	0	0	0	519	
9	0	0	0	0	518	
10	0	0	0	0	515	
11	0	0	0	0	514	
12	0	0	0	0	515	
13	0	0	0	0	515	
14	0	0	0	0	514	
15	0	0	0	0	513	
0	0	0	0	0	512	
1	0	0	0	0	509	
2	0	0	0	0	507	
3	0	0	0	0	507	
4	0	0	0	0	508	
5	0	0	0	0	507	
6	0	0	0	0	505	
7	0	0	0	0	507	
8	0	0	0	0	505	
9	0	0	0	0	502	
10	0	0	0	0	502	
11	0	0	0	0	502	
12	0	0	0	0	501	
13	0	0	0	0	500	
14	0	0	0	0	498	
15	0	0	0	0	496	
0	0	0	0	0	496	
1	0	0	0	0	494	
2	0	0	0	0	491	
3	0	0	0	0	486	
4	0	0	0	0	482	
5	0	0	0	0	482	
6	0	0	0	0	482	
7	0	0	0	0	482	
8	0	0	0	0	481	
9	0	0	0	0	481	
10	0	0	0	0	480	
11	0	0	0	0	478	
12	0	0	0	0	477	
13	0	0	0	0	474	
14	0	0	0	0	472	
15	0	0	0	0	471	
0	0	0	0	0	471	
1	0	0	0	0	471	
2	0	0	0	0	471	
3	0	0	0	0	467	
4	0	0	0	0	466	
5	0	0	0	0	464	
6	0	0	0	0	462	
7	0	0	0	0	463	
8	0	0	0	0	463	
9	0	0	0	0	462	
10	0	0	0	0	462	
11	0	0	0	0	462	
12	0	0	0	0	461	
13	0	0	0	0	463	
14	0	0	0	0	462	
15	0	0	0	0	463	
0	0	0	0	0	464	
1	0	0	0	0	463	
2	0	0	0	0	461	
3	0	0	0	0	460	
4	0	0	0	0	456	
5	0	0	0	0	455	
6	0	0	0	0	454	
7	0	0	0	0	452	
8	0	0	0	0	454	
9	0	0	0	0	455	
10	0	0	0	0	456	
11	0	0	0	0	457	
12	0	0	0	0	457	
13	0	0	0	0	459	
14	0	0	0	0	460	
15	0	0	0	0	459	
0	0	0	0	0	459	
1	0	0	0	0	458	
2	0	0	0	0	458	
3	0	0	0	0	458	
4	0	0	0	0	459	
5	0	0	0	0	461	
6	0	0	0	0	459	
7	0	0	0	0	459	
8	0	0	0	0	457	
9	0	0	0	0	457	
10	0	0	0	0	459	
11	0	0	0	0	460	
12	0	0	0	0	461	
13	0	0	0	0	460	
14	0	0	0	0	461	
15	0	0	0	0	461	
0	0	0	0	0	463	
1	0	0	0	0	462	
2	0	0	0	0	462	
3	0	0	0	0	460	
4	0	0	0	0	459	
5	0	0	0	0	458	
6	0	0	0	0	460	
7	0	0	0	0	463	
8	0	0	0	0	466	
9	0	0	0	0	465	
10	0	0	0	0	463	
11	0	0	0	0	462	
12	0	0	0	0	463	
13	0	0	0	0	466	
14	0	0	0	0	467	
15	0	0	0	0	465	
0	0	0	0	0	464	
1	0	0	0	0	463	
2	0	0	0	0	463	
3	0	0	0	0	466	
4	0	0	0	0	467	
5	0	0	0	0	468	
6	0	0	0	0	468	
7	0	0	0	0	470	
8	0	0	0	0	471	
9	0	0	0	0	471	
10	0	0	0	0	468	
11	0	0	0	0	467	
12	0	0	0	0	466	
13	0	0	0	0	465	
14	0	0	0	0	464	
15	0	0	0	0	466	
0	0	0	0	0	468	
1	0	0	0	0	469	
2	0	0	0	0	470	
3	0	0	0	0	470	
4	0	0	0	0	470	
5	0	0	0	0	472	
6	0	0	0	0	472	
7	0	0	0	0	470	
8	0	0	0	0	469	
9	0	0	0	0	472	
10	0	0	0	0	473	
11	0	0	0	0	474	
12	0	0	0	0	473	
13	0	0	0	0	474	
14	0	0	0	0	475	
15	0	0	0	0	476	
0	0	0	0	0	477	
1	0	0	0	0	476	
2	0	0	0	0	473	
3	0	0	0	0	472	
4	0	0	0	0	475	
5	0	0	0	0	476	
6	0	0	0	0	476	
7	0	0	0	0	475	
8	0	0	0	0	474	
9	0	0	0	0	475	
10	0	0	0	0	474	
11	0	0	0	0	474	
12	0	0	0	0	475	
13	0	0	0	0	476	
14	0	0	0	0	476	
15	0	0	0	0	477	
0	0	0	0	0	476	
1	0	0	0	0	475	
2	0	0	0	0	473	
3	0	0	0	0	472	
4	0	0	0	0	472	
5	0	0	0	0	473	
6	0	0	0	0	474	
7	0	0	0	0	472	
8	0	0	0	0	472	
9	0	0	0	0	476	
10	0	0	0	0	481	
11	0	0	0	0	482	
12	0	0	0	0	481	
13	0	0	0	0	480	
14	0	0	0	0	478	
15	0	0	0	0	479	
0	0	0	0	0	480	
1	0	0	0	0	479	
2	0	0	0	0	479	
3	0	0	0	0	477	
4	0	0	0	0	476	
5	0	0	0	0	475	
6	0	0	0	0	477	
7	0	0	0	0	478	
8	0	0	0	0	479	
9	0	0	0	0	480	
10	0	0	0	0	481	
11	0	0	0	0	479	
12	0	0	0	0	476	
13	0	0	0	0	479	
14	0	0	0	0	480	
15	0	0	0	0	480	
0	0	0	0	0	481	
1	0	0	0	0	480	
2	0	0	0	0	480	
3	0	0	0	0	478	
4	0	0	0	0	478	
5	0	0	0	0	480	
6	0	0	0	0	479	
7	0	0	0	0	479	
8	0	0	0	0	478	
9	0	0	0	0	476	
10	0	0	0	0	476	
11	0	0	0	0	475	
12	0	0	0	0	475	
13	0	0	0	0	475	
14	0	0	0	0	476	
15	0	0	0	0	479	
0	0	0	0	0	480	
1	0	0	0	0	482	
2	0	0	0	0	481	
3	0	0	0	0	480	
4	0	0	0	0	481	
5	0	0	0	0	482	
6	0	0	0	0	482	
7	0	0	0	0	480	
8	0	0	0	0	477	
9	0	0	0	0	476	
10	0	0	0	0	478	
11	0	0	0	0	482	
12	0	0	0	0	483	
13	0	0	0	0	481	
14	0	0	0	0	481	
15	0	0	0	0	482	
0	0	0	0	0	483	
1	0	0	0	0	480	
2	0	0	0	0	480	
3	0	0	0	0	481	
4	0	0	0	0	484	
5	0	0	0	0	486	
6	0	0	0	0	486	
7	0	0	0	0	485	
8	0	0	0	0	486	
9	0	0	0	0	485	
10	0	0	0	0	486	
11	0	0	0	0	486	
12	0	0	0	0	484	
13	0	0	0	0	483	
14	0	0	0	0	483	
15	0	0	0	0	485	
0	0	0	0	0	483	
1	0	0	0	0	483	
2	0	0	0	0	480	
3	0	0	0	0	479	
4	0	0	0	0	480	
5	0	0	0	0	483	
6	0	0	0	0	483	
7	0	0	0	0	483	
8	0	0	0	0	483	
9	0	0	0	0	481	
10	0	0	0	0	481	
11	0	0	0	0	482	
12	0	0	0	0	483	
13	0	0	0	0	484	
14	0	0	0	0	484	
15	0	0	0	0	483	
0	0	0	0	0	483	
1	0	0	0	0	483	
2	0	0	0	0	485	
3	0	0	0	0	484	
4	0	0	0	0	486	
5	0	0	0	0	486	
6	0	0	0	0	485	
7	0	0	0	0	486	
8	0	0	0	0	485	
9	0	0	0	0	487	
10	0	0	0	0	487	
11	0	0	0	0	487	
12	0	0	0	0	487	
13	0	0	0	0	487	
14	0	0	0	0	487	
15	0	0	0	0	487	
0	0	0	0	0	484	
1	0	0	0	0	481	
2	0	0	0	0	480	
3	0	0	0	0	485	
4	0	0	0	0	489	
5	0	0	0	0	492	
6	0	0	0	0	492	
7	0	0	0	0	489	
8	0	0	0	0	487	
9	0	0	0	0	487	
10	0	0	0	0	491	
11	0	0	0	0	492	
12	0	0	0	0	489	
13	0	0	0	0	487	
14	0	0	0	0	487	
15	0	0	0	0	486	
0	0	0	0	0	488	
1	0	0	0	0	490	
2	0	0	0	0	491	
3	0	0	0	0	490	
4	0	0	0	0	489	
5	0	0	0	0	487	
6	0	0	0	0	485	
7	0	0	0	0	483	
8	0	0	0	0	482	
9	0	0	0	0	482	
10	0	0	0	0	484	
11	0	0	0	0	485	
12	0	0	0	0	485	
13	0	0	0	0	483	
14	0	0	0	0	482	
15	0	0	0	0	484	
0	0	0	0	0	487	
1	0	0	0	0	487	
2	0	0	0	0	487	
3	0	0	0	0	487	
4	0	0	0	0	487	
5	0	0	0	0	488	
6	0	0	0	0	487	
7	0	0	0	0	486	
8	0	0	0	0	489	
9	0	0	0	0	490	
10	0	0	0	0	490	
11	0	0	0	0	491	
12	0	0	0	0	492	
13	0	0	0	0	492	
14	0	0	0	0	493	
15	0	0	0	0	492	
0	0	0	0	0	491	
1	0	0	0	0	487	
2	0	0	0	0	487	
3	0	0	0	0	489	
4	0	0	0	0	490	
5	0	0	0	0	488	
6	0	0	0	0	488	
7	0	0	0	0	490	
8	0	0	0	0	491	
9	0	0	0	0	489	
10	0	0	0	0	489	
11	0	0	0	0	492	
12	0	0	0	0	493	
13	0	0	0	0	491	
14	0	0	0	0	491	
15	0	0	0	0	491	
0	0	0	0	0	491	
1	0	0	0	0	490	
2	0	0	0	0	490	
3	0	0	0	0	489	
4	0	0	0	0	489	
5	0	0	0	0	492	
6	0	0	0	0	495	
7	0	0	0	0	493	
8	0	0	0	0	491	
9	0	0	0	0	488	
10	0	0	0	0	489	
11	0	0	0	0	492	
12	0	0	0	0	493	
13	0	0	0	0	491	
14	0	0	0	0	492	
15	0	0	0	0	489	
0	0	0	0	0	489	
1	0	0	0	0	488	
2	0	0	0	0	488	
3	0	0	0	0	488	
4	0	0	0	0	488	
5	0	0	0	0	490	
6	0	0	0	0	493	
7	0	0	0	0	492	
8	0	0	0	0	493	
9	0	0	0	0	493	
10	0	0	0	0	494	
11	0	0	0	0	495	
12	0	0	0	0	494	
13	0	0	0	0	493	
14	0	0	0	0	493	
15	0	0	0	0	494	
0	0	0	0	0	494	
1	0	0	0	0	493	
2	0	0	0	0	492	
3	0	0	0	0	490	
4	0	0	0	0	489	
5	0	0	0	0	490	
6	0	0	0	0	490	
7	0	0	0	0	489	
8	0	0	0	0	492	
9	0	0	0	0	492	
10	0	0	0	0	491	
11	0	0	0	0	493	
12	0	0	0	0	496	
13	0	0	0	0	495	
14	0	0	0	0	493	
15	0	0	0	0	492	
0	0	0	0	0	492	
1	0	0	0	0	491	
2	0	0	0	0	491	
3	0	0	0	0	492	
4	0	0	0	0	492	
5	0	0	0	0	491	
6	0	0	0	0	492	
7	0	0	0	0	493	
8	0	0	0	0	492	
9	0	0	0	0	492	
10	0	0	0	0	491	
11	0	0	0	0	491	
12	0	0	0	0	492	
13	0	0	0	0	491	
14	0	0	0	0	491	
15	0	0	0	0	489	
0	0	0	0	0	488	
1	0	0	0	0	490	
2	0	0	0	0	493	
3	0	0	0	0	495	
4	0	0	0	0	496	
5	0	0	0	0	496	
6	0	0	0	0	495	
7	0	0	0	0	494	
8	0	0	0	0	493	
9	0	0	0	0	496	
10	0	0	0	0	497	
11	0	0	0	0	494	
12	0	0	0	0	491	
13	0	0	0	0	490	
14	0	0	0	0	491	
15	0	0	0	0	493	
0	0	0	0	0	493	
1	0	0	0	0	493	
2	0	0	0	0	494	
3	0	0	0	0	496	
4	0	0	0	0	496	
5	0	0	0	0	496	
6	0	0	0	0	495	
7	0	0	0	0	493	
8	0	0	0	0	491	
9	0	0	0	0	491	
10	0	0	0	0	491	
11	0	0	0	0	493	
12	0	0	0	0	493	
13	0	0	0	0	492	
14	0	0	0	0	493	
15	0	0	0	0	495	
0	0	0	0	0	497	
1	0	0	0	0	495	
2	0	0	0	0	492	
3	0	0	0	0	492	
4	0	0	0	0	494	
5	0	0	0	0	496	
6	0	0	0	0	496	
7	0	0	0	0	498	
8	0	0	0	0	498	
9	0	0	0	0	497	
10	0	0	0	0	498	
11	0	0	0	0	500	
12	0	0	0	0	500	
13	0	0	0	0	500	
14	0	0	0	0	502	
15	0	0	0	0	501	
0	0	0	0	0	499	
1	0	0	0	0	496	
2	0	0	0	0	496	
3	0	0	0	0	496	
4	0	0	0	0	495	
5	0	0	0	0	495	
6	0	0	0	0	495	
7	0	0	0	0	493	
8	0	0	0	0	489	
9	0	0	0	0	489	
10	0	0	0	0	494	
11	0	0	0	0	496	
12	0	0	0	0	495	
13	0	0	0	0	493	
14	0	0	0	0	491	
15	0	0	0	0	491	
0	0	0	0	0	494	
1	0	0	0	0	496	
2	0	0	0	0	497	
3	0	0	0	0	497	
4	0	0	0	0	500	
5	0	0	0	0	502	
6	0	0	0	0	500	
7	0	0	0	0	498	
8	0	0	0	0	497	
9	0	0	0	0	500	
10	0	0	0	0	499	
11	0	0	0	0	500	
12	0	0	0	0	502	
13	0	0	0	0	501	
14	0	0	0	0	498	
15	0	0	0	0	499	
0	0	0	0	0	500	
1	0	0	0	0	500	
2	0	0	0	0	501	
3	0	0	0	0	499	
4	0	0	0	0	496	
5	0	0	0	0	498	
6	0	0	0	0	503	
7	0	0	0	0	504	
8	0	0	0	0	503	
9	0	0	0	0	499	
10	0	0	0	0	497	
11	0	0	0	0	499	
12	0	0	0	0	500	
13	0	0	0	0	502	
14	0	0	0	0	504	
15	0	0	0	0	504	
0	0	0	0	0	506	
1	0	0	0	0	505	
2	0	0	0	0	504	
3	0	0	0	0	503	
4	0	0	0	0	505	
5	0	0	0	0	505	
6	0	0	0	0	504	
7	0	0	0	0	504	
8	0	0	0	0	505	
9	0	0	0	0	504	
10	0	0	0	0	504	
11	0	0	0	0	504	
12	0	0	0	0	505	
13	0	0	0	0	505	
14	0	0	0	0	504	
15	0	0	0	0	499	
0	0	0	0	0	499	
1	0	0	0	0	499	
2	0	0	0	0	503	
3	0	0	0	0	505	
4	0	0	0	0	502	
5	0	0	0	0	502	
6	0	0	0	0	504	
7	0	0	0	0	507	
8	0	0	0	0	507	
9	0	0	0	0	507	
10	0	0	0	0	505	
11	0	0	0	0	503	
12	0	0	0	0	502	
13	0	0	0	0	501	
14	0	0	0	0	503	
15	0	0	0	0	504	
0	0	0	0	0	503	
1	0	0	0	0	503	
2	0	0	0	0	503	
3	0	0	0	0	504	
4	0	0	0	0	506	
5	0	0	0	0	507	
6	0	0	0	0	508	
7	0	0	0	0	506	
8	0	0	0	0	505	
9	0	0	0	0	505	
10	0	0	0	0	504	
11	0	0	0	0	503	
12	0	0	0	0	501	
13	0	0	0	0	502	
14	0	0	0	0	503	
15	0	0	0	0	504	
0	0	0	0	0	503	
1	0	0	0	0	504	
2	0	0	0	0	504	
3	0	0	0	0	505	
4	0	0	0	0	504	
5	0	0	0	0	503	
6	0	0	0	0	504	
7	0	0	0	0	504	
8	0	0	0	0	508	
9	0	0	0	0	508	
10	0	0	0	0	507	
11	0	0	0	0	507	
12	0	0	0	0	504	
13	0	0	0	0	504	
14	0	0	0	0	504	
15	0	0	0	0	505	
0	0	0	0	0	507	
1	0	0	0	0	508	
2	0	0	0	0	508	
3	0	0	0	0	507	
4	0	0	0	0	507	
5	0	0	0	0	506	
6	0	0	0	0	507	
7	0	0	0	0	509	
8	0	0	0	0	511	
9	0	0	0	0	510	
10	0	0	0	0	508	
11	0	0	0	0	508	
12	0	0	0	0	507	
13	0	0	0	0	507	
14	0	0	0	0	509	
15	0	0	0	0	508	
0	0	0	0	0	507	
1	0	0	0	0	506	
2	0	0	0	0	505	
3	0	0	0	0	504	
4	0	0	0	0	506	
5	0	0	0	0	510	
6	0	0	0	0	510	
7	0	0	0	0	510	
8	0	0	0	0	509	
9	0	0	0	0	509	
10	0	0	0	0	509	
11	0	0	0	0	511	
12	0	0	0	0	511	
13	0	0	0	0	509	
14	0	0	0	0	510	
15	0	0	0	0	510	
0	0	0	0	0	511	
1	0	0	0	0	512	
2	0	0	0	0	512	
3	0	0	0	0	512	
4	0	0	0	0	510	
5	0	0	0	0	511	
6	0	0	0	0	513	
7	0	0	0	0	512	
8	0	0	0	0	513	
9	0	0	0	0	514	
10	0	0	0	0	514	
11	0	0	0	0	518	
12	0	0	0	0	518	
13	0	0	0	0	518	
14	0	0	0	0	518	
15	0	0	0	0	517	
0	0	0	0	0	517	
1	0	0	0	0	517	
2	0	0	0	0	517	
3	0	0	0	0	518	
4	0	0	0	0	515	
5	0	0	0	0	513	
6	0	0	0	0	515	
7	0	0	0	0	518	
8	0	0	0	0	519	
9	0	0	0	0	519	
10	0	0	0	0	518	
11	0	0	0	0	519	
12	0	0	0	0	521	
13	0	0	0	0	521	
14	0	0	0	0	524	
15	0	0	0	0	526	
0	0	0	0	0	524	
1	0	0	0	0	522	
2	0	0	0	0	522	
3	0	0	0	0	522	
4	0	0	0	0	520	
5	0	0	0	0	522	
6	0	0	0	0	524	
7	0	0	0	0	521	
8	0	0	0	0	519	
9	0	0	0	0	521	
10	0	0	0	0	521	
11	0	0	0	0	520	
12	0	0	0	0	519	
13	0	0	0	0	519	
14	0	0	0	0	519	
15	0	0	0	0	519	
0	0	0	0	0	518	
1	0	0	0	0	515	
2	0	0	0	0	513	
3	0	0	0	0	512	
4	0	0	0	0	513	
5	0	0	0	0	515	
6	0	0	0	0	514	
7	0	0	0	0	515	
8	0	0	0	0	517	
9	0	0	0	0	516	
10	0	0	0	0	516	
11	0	0	0	0	515	
12	0	0	0	0	515	
13	0	0	0	0	515	
14	0	0	0	0	518	
15	0	0	0	0	515	
0	0	0	0	0	515	
1	0	0	0	0	515	
2	0	0	0	0	515	
3	0	0	0	0	513	
4	0	0	0	0	515	
5	0	0	0	0	515	
6	0	0	0	0	512	
7	0	0	0	0	510	
8	0	0	0	0	508	
9	0	0	0	0	509	
10	0	0	0	0	510	
11	0	0	0	0	511	
12	0	0	0	0	512	
13	0	0	0	0	511	
14	0	0	0	0	509	
15	0	0	0	0	507	
0	0	0	0	0	505	
1	0	0	0	0	505	
2	0	0	0	0	506	
3	0	0	0	0	508	
4	0	0	0	0	507	
5	0	0	0	0	506	
6	0	0	0	0	508	
7	0	0	0	0	508	
8	0	0	0	0	508	
9	0	0	0	0	510	
10	0	0	0	0	509	
11	0	0	0	0	509	
12	0	0	0	0	509	
13	0	0	0	0	513	
14	0	0	0	0	513	
15	0	0	0	0	512	
0	0	0	0	0	511	
1	0	0	0	0	507	
2	0	0	0	0	507	
3	0	0	0	0	506	
4	0	0	0	0	506	
5	0	0	0	0	507	
6	0	0	0	0	508	
7	0	0	0	0	508	
8	0	0	0	0	508	
9	0	0	0	0	507	
10	0	0	0	0	507	
11	0	0	0	0	509	
12	0	0	0	0	508	
13	0	0	0	0	508	
14	0	0	0	0	507	
15	0	0	0	0	504	
0	0	0	0	0	505	
1	0	0	0	0	508	
2	0	0	0	0	508	
3	0	0	0	0	508	
4	0	0	0	0	508	
5	0	0	0	0	510	
6	0	0	0	0	509	
7	0	0	0	0	508	
8	0	0	0	0	510	
9	0	0	0	0	512	
10	0	0	0	0	509	
11	0	0	0	0	504	
12	0	0	0	0	505	
13	0	0	0	0	507	
14	0	0	0	0	505	
15	0	0	0	0	503	
0	0	0	0	0	501	
1	0	0	0	0	503	
2	0	0	0	0	504	
3	0	0	0	0	503	
4	0	0	0	0	502	
5	0	0	0	0	499	
6	0	0	0	0	496	
7	0	0	0	0	492	
8	0	0	0	0	486	
9	0	0	0	0	483	
10	0	0	0	0	482	
11	0	0	0	0	483	
12	0	0	0	0	483	
13	0	0	0	0	484	
14	0	0	0	0	485	
15	0	0	0	0	486	
0	0	0	0	0	484	
1	0	0	0	0	486	
2	0	0	0	0	491	
3	0	0	0	0	497	
4	0	0	0	0	507	
5	0	0	0	0	513	
6	0	0	0	0	516	
7	0	0	0	0	521	
8	0	0	0	0	530	
9	0	0	0	0	539	
10	0	0	0	0	547	
11	0	0	0	0	555	
12	0	0	0	0	563	
13	0	0	0	0	575	
14	0	0	0	0	588	
15	0	0	0	0	603	
0	0	0	0	0	620	
1	0	0	0	0	635	
2	0	0	0	0	649	
3	0	0	0	0	661	
4	0	0	0	0	670	
5	0	0	0	0	684	
6	0	0	0	0	697	
7	0	0	0	0	707	
8	0	0	0	0	714	
9	0	0	0	0	717	
10	0	0	0	0	716	
11	0	0	0	0	711	
12	0	0	0	0	705	
13	0	0	0	0	696	
14	0	0	0	0	683	
15	0	0	0	0	668	
0	0	0	0	0	655	
1	0	0	0	0	640	
2	0	0	0	0	624	
3	0	0	0	0	605	
4	0	0	0	0	586	
5	0	0	0	0	567	
6	0	0	0	0	551	
7	0	0	0	0	538	
8	0	0	0	0	525	
9	0	0	0	0	516	
10	0	0	0	0	508	
11	0	0	0	0	498	
12	0	0	0	0	492	
13	0	0	0	0	484	
14	0	0	0	0	480	
15	0	0	0	0	478	
0	0	0	0	0	475	
1	0	0	0	0	475	
2	0	0	0	0	474	
3	0	0	0	0	474	
4	0	0	0	0	474	
5	0	0	0	0	476	
6	0	0	0	0	477	
7	0	0	0	0	479	
8	0	0	0	0	479	
9	0	0	0	0	479	
10	0	0	0	0	482	
11	0	0	0	0	484	
12	0	0	0	0	487	
13	0	0	0	0	491	
14	0	0	0	0	492	
15	0	0	0	0	488	
0	0	0	0	0	488	
1	0	0	0	0	489	
2	0	0	0	0	491	
3	0	0	0	0	491	
4	0	0	0	0	490	
5	0	0	0	0	491	
6	0	0	0	0	493	
7	0	0	0	0	490	
8	0	0	0	0	485	
9	0	0	0	0	486	
10	0	0	0	0	487	
11	0	0	0	0	486	
12	0	0	0	0	484	
13	0	0	0	0	484	
14	0	0	0	0	486	
15	0	0	0	0	486	
0	0	0	0	0	488	
1	0	0	0	0	487	
2	0	0	0	0	484	
3	0	0	0	0	484	
4	0	0	0	0	487	
5	0	0	0	0	489	
6	0	0	0	0	489	
7	0	0	0	0	489	
8	0	0	0	0	492	
9	0	0	0	0	491	
10	0	0	0	0	489	
11	0	0	0	0	488	
12	0	0	0	0	491	
13	0	0	0	0	493	
14	0	0	0	0	496	
15	0	0	0	0	493	
0	0	0	0	0	493	
1	0	0	0	0	496	
2	0	0	0	0	498	
3	0	0	0	0	499	
4	0	0	0	0	499	
5	0	0	0	0	498	
6	0	0	0	0	496	
7	0	0	0	0	497	
8	0	0	0	0	499	
9	0	0	0	0	500	
10	0	0	0	0	499	
11	0	0	0	0	498	
12	0	0	0	0	499	
13	0	0	0	0	500	
14	0	0	0	0	501	
15	0	0	0	0	501	
0	0	0	0	0	502	
1	0	0	0	0	502	
2	0	0	0	0	502	
3	0	0	0	0	503	
4	0	0	0	0	503	
5	0	0	0	0	502	
6	0	0	0	0	501	
7	0	0	0	0	501	
8	0	0	0	0	500	
9	0	0	0	0	503	
10	0	0	0	0	504	
11	0	0	0	0	503	
12	0	0	0	0	503	
13	0	0	0	0	502	
14	0	0	0	0	504	
15	0	0	0	0	505	
0	0	0	0	0	504	
1	0	0	0	0	503	
2	0	0	0	0	505	
3	0	0	0	0	508	
4	0	0	0	0	510	
5	0	0	0	0	509	
6	0	0	0	0	508	
7	0	0	0	0	507	
8	0	0	0	0	508	
9	0	0	0	0	510	
10	0	0	0	0	510	
11	0	0	0	0	509	
12	0	0	0	0	508	
13	0	0	0	0	507	
14	0	0	0	0	506	
15	0	0	0	0	507	
0	0	0	0	0	507	
1	0	0	0	0	507	
2	0	0	0	0	505	
3	0	0	0	0	507	
4	0	0	0	0	509	
5	0	0	0	0	509	
6	0	0	0	0	508	
7	0	0	0	0	508	
8	0	0	0	0	508	
9	0	0	0	0	510	
10	0	0	0	0	512	
11	0	0	0	0	516	
12	0	0	0	0	515	
13	0	0	0	0	513	
14	0	0	0	0	512	
15	0	0	0	0	513	
0	0	0	0	0	516	
1	0	0	0	0	517	
2	0	0	0	0	516	
3	0	0	0	0	515	
4	0	0	0	0	514	
5	0	0	0	0	514	
6	0	0	0	0	514	
7	0	0	0	0	513	
8	0	0	0	0	512	
9	0	0	0	0	512	
10	0	0	0	0	514	
11	0	0	0	0	514	
12	0	0	0	0	514	
13	0	0	0	0	515	
14	0	0	0	0	517	
15	0	0	0	0	515	
0	0	0	0	0	515	
1	0	0	0	0	516	
2	0	0	0	0	518	
3	0	0	0	0	517	
4	0	0	0	0	516	
5	0	0	0	0	518	
6	0	0	0	0	520	
7	0	0	0	0	522	
8	0	0	0	0	521	
9	0	0	0	0	521	
10	0	0	0	0	522	
11	0	0	0	0	520	
12	0	0	0	0	522	
13	0	0	0	0	521	
14	0	0	0	0	523	
15	0	0	0	0	524	
0	0	0	0	0	524	
1	0	0	0	0	523	
2	0	0	0	0	522	
3	0	0	0	0	521	
4	0	0	0	0	523	
5	0	0	0	0	523	
6	0	0	0	0	524	
7	0	0	0	0	524	
8	0	0	0	0	525	
9	0	0	0	0	526	
10	0	0	0	0	527	
11	0	0	0	0	526	
12	0	0	0	0	527	
13	0	0	0	0	524	
14	0	0	0	0	522	
15	0	0	0	0	523	
0	0	0	0	0	524	
1	0	0	0	0	525	
2	0	0	0	0	527	
3	0	0	0	0	531	
4	0	0	0	0	532	
5	0	0	0	0	532	
6	0	0	0	0	535	
7	0	0	0	0	535	
8	0	0	0	0	535	
9	0	0	0	0	535	
10	0	0	0	0	534	
11	0	0	0	0	533	
12	0	0	0	0	533	
13	0	0	0	0	534	
14	0	0	0	0	535	
15	0	0	0	0	535	
0	0	0	0	0	536	
1	0	0	0	0	534	
2	0	0	0	0	534	
3	0	0	0	0	536	
4	0	0	0	0	536	
5	0	0	0	0	539	
6	0	0	0	0	541	
7	0	0	0	0	543	
8	0	0	0	0	543	
9	0	0	0	0	544	
10	0	0	0	0	543	
11	0	0	0	0	539	
12	0	0	0	0	536	
13	0	0	0	0	537	
14	0	0	0	0	541	
15	0	0	0	0	543	
0	0	0	0	0	543	
1	0	0	0	0	545	
2	0	0	0	0	546	
3	0	0	0	0	545	
4	0	0	0	0	547	
5	0	0	0	0	548	
6	0	0	0	0	549	
7	0	0	0	0	548	
8	0	0	0	0	548	
9	0	0	0	0	550	
10	0	0	0	0	550	
11	0	0	0	0	552	
12	0	0	0	0	551	
13	0	0	0	0	551	
14	0	0	0	0	553	
15	0	0	0	0	552	
0	0	0	0	0	551	
1	0	0	0	0	553	
2	0	0	0	0	554	
3	0	0	0	0	555	
4	0	0	0	0	557	
5	0	0	0	0	556	
6	0	0	0	0	555	
7	0	0	0	0	553	
8	0	0	0	0	552	
9	0	0	0	0	553	
10	0	0	0	0	556	
11	0	0	0	0	557	
12	0	0	0	0	556	
13	0	0	0	0	555	
14	0	0	0	0	555	
15	0	0	0	0	552	
0	0	0	0	0	550	
1	0	0	0	0	550	
2	0	0	0	0	551	
3	0	0	0	0	552	
4	0	0	0	0	556	
5	0	0	0	0	556	
6	0	0	0	0	554	
7	0	0	0	0	552	
8	0	0	0	0	553	
9	0	0	0	0	555	
10	0	0	0	0	554	
11	0	0	0	0	551	
12	0	0	0	0	549	
13	0	0	0	0	548	
14	0	0	0	0	545	
15	0	0	0	0	545	
0	0	0	0	0	543	
1	0	0	0	0	541	
2	0	0	0	0	537	
3	0	0	0	0	534	
4	0	0	0	0	534	
5	0	0	0	0	534	
6	0	0	0	0	533	
7	0	0	0	0	528	
8	0	0	0	0	524	
9	0	0	0	0	522	
10	0	0	0	0	521	
11	0	0	0	0	520	
12	0	0	0	0	519	
13	0	0	0	0	516	
14	0	0	0	0	515	
15	0	0	0	0	518	
0	0	0	0	0	517	
1	0	0	0	0	516	
2	0	0	0	0	515	
3	0	0	0	0	513	
4	0	0	0	0	512	
5	0	0	0	0	509	
6	0	0	0	0	508	
7	0	0	0	0	508	
8	0	0	0	0	509	
9	0	0	0	0	509	
10	0	0	0	0	509	
11	0	0	0	0	508	
12	0	0	0	0	506	
13	0	0	0	0	505	
14	0	0	0	0	505	
15	0	0	0	0	504	
0	0	0	0	0	502	
1	0	0	0	0	500	
2	0	0	0	0	498	
3	0	0	0	0	496	
4	0	0	0	0	495	
5	0	0	0	0	494	
6	0	0	0	0	495	
7	0	0	0	0	497	
8	0	0	0	0	499	
9	0	0	0	0	502	
10	0	0	0	0	502	
11	0	0	0	0	502	
12	0	0	0	0	500	
13	0	0	0	0	499	
14	0	0	0	0	501	
15	0	0	0	0	501	
0	0	0	0	0	499	
1	0	0	0	0	498	
2	0	0	0	0	496	
3	0	0	0	0	497	
4	0	0	0	0	498	
5	0	0	0	0	498	
6	0	0	0	0	497	
7	0	0	0	0	496	
8	0	0	0	0	497	
9	0	0	0	0	497	
10	0	0	0	0	498	
11	0	0	0	0	498	
12	0	0	0	0	497	
13	0	0	0	0	498	
14	0	0	0	0	498	
15	0	0	0	0	498	
0	0	0	0	0	498	
1	0	0	0	0	499	
2	0	0	0	0	500	
3	0	0	0	0	500	
4	0	0	0	0	500	
5	0	0	0	0	500	
6	0	0	0	0	500	
7	0	0	0	0	501	
8	0	0	0	0	501	
9	0	0	0	0	503	
10	0	0	0	0	504	
11	0	0	0	0	504	
12	0	0	0	0	505	
13	0	0	0	0	506	
14	0	0	0	0	503	
15	0	0	0	0	501	
0	0	0	0	0	503	
1	0	0	0	0	507	
2	0	0	0	0	510	
3	0	0	0	0	512	
4	0	0	0	0	511	
5	0	0	0	0	510	
6	0	0	0	0	510	
7	0	0	0	0	510	
8	0	0	0	0	510	
9	0	0	0	0	512	
10	0	0	0	0	511	
11	0	0	0	0	512	
12	0	0	0	0	512	
13	0	0	0	0	511	
14	0	0	0	0	511	
15	0	0	0	0	510	
0	0	0	0	0	508	
1	0	0	0	0	509	
2	0	0	0	0	511	
3	0	0	0	0	513	
4	0	0	0	0	514	
5	0	0	0	0	514	
6	0	0	0	0	513	
7	0	0	0	0	512	
8	0	0	0	0	512	
9	0	0	0	0	513	
10	0	0	0	0	515	
11	0	0	0	0	514	
12	0	0	0	0	514	
13	0	0	0	0	515	
14	0	0	0	0	515	
15	0	0	0	0	514	
0	0	0	0	0	515	
1	0	0	0	0	514	
2	0	0	0	0	515	
3	0	0	0	0	515	
4	0	0	0	0	514	
5	0	0	0	0	513	
6	0	0	0	0	514	
7	0	0	0	0	514	
8	0	0	0	0	515	
9	0	0	0	0	518	
10	0	0	0	0	516	
11	0	0	0	0	516	
12	0	0	0	0	515	
13	0	0	0	0	513	
14	0	0	0	0	512	
15	0	0	0	0	515	
0	0	0	0	0	517	
1	0	0	0	0	518	
2	0	0	0	0	517	
3	0	0	0	0	516	
4	0	0	0	0	519	
5	0	0	0	0	519	
6	0	0	0	0	519	
7	0	0	0	0	521	
8	0	0	0	0	520	
9	0	0	0	0	519	
10	0	0	0	0	519	
11	0	0	0	0	519	
12	0	0	0	0	521	
13	0	0	0	0	521	
14	0	0	0	0	519	
15	0	0	0	0	516	
0	0	0	0	0	517	
1	0	0	0	0	520	
2	0	0	0	0	524	
3	0	0	0	0	524	
4	0	0	0	0	522	
5	0	0	0	0	519	
6	0	0	0	0	520	
7	0	0	0	0	522	
8	0	0	0	0	521	
9	0	0	0	0	522	
10	0	0	0	0	524	
11	0	0	0	0	524	
12	0	0	0	0	523	
13	0	0	0	0	520	
14	0	0	0	0	518	
15	0	0	0	0	519	
0	0	0	0	0	520	
1	0	0	0	0	523	
2	0	0	0	0	523	
3	0	0	0	0	522	
4	0	0	0	0	521	
5	0	0	0	0	518	
6	0	0	0	0	519	
7	0	0	0	0	521	
8	0	0	0	0	521	
9	0	0	0	0	520	
10	0	0	0	0	519	
11	0	0	0	0	519	
12	0	0	0	0	522	
13	0	0	0	0	524	
14	0	0	0	0	526	
15	0	0	0	0	525	
0	0	0	0	0	523	
1	0	0	0	0	523	
2	0	0	0	0	522	
3	0	0	0	0	523	
4	0	0	0	0	525	
5	0	0	0	0	526	
6	0	0	0	0	527	
7	0	0	0	0	528	
8	0	0	0	0	528	
9	0	0	0	0	528	
10	0	0	0	0	528	
11	0	0	0	0	527	
12	0	0	0	0	524	
13	0	0	0	0	524	
14	0	0	0	0	522	
15	0	0	0	0	520	
0	0	0	0	0	519	
1	0	0	0	0	519	
2	0	0	0	0	517	
3	0	0	0	0	515	
4	0	0	0	0	515	
5	0	0	0	0	519	
6	0	0	0	0	524	
7	0	0	0	0	524	
8	0	0	0	0	524	
9	0	0	0	0	524	
10	0	0	0	0	524	
11	0	0	0	0	523	
12	0	0	0	0	523	
13	0	0	0	0	522	
14	0	0	0	0	525	
15	0	0	0	0	527	
0	0	0	0	0	527	
1	0	0	0	0	527	
2	0	0	0	0	526	
3	0	0	0	0	524	
4	0	0	0	0	523	
5	0	0	0	0	525	
6	0	0	0	0	527	
7	0	0	0	0	528	
8	0	0	0	0	529	
9	0	0	0	0	528	
10	0	0	0	0	529	
11	0	0	0	0	529	
12	0	0	0	0	526	
13	0	0	0	0	522	
14	0	0	0	0	519	
15	0	0	0	0	520	
0	0	0	0	0	523	
1	0	0	0	0	526	
2	0	0	0	0	527	
3	0	0	0	0	527	
4	0	0	0	0	527	
5	0	0	0	0	527	
6	0	0	0	0	527	
7	0	0	0	0	527	
8	0	0	0	0	527	
9	0	0	0	0	526	
10	0	0	0	0	526	
11	0	0	0	0	527	
12	0	0	0	0	526	
13	0	0	0	0	526	
14	0	0	0	0	527	
15	0	0	0	0	528	
0	0	0	0	0	528	
1	0	0	0	0	529	
2	0	0	0	0	529	
3	0	0	0	0	527	
4	0	0	0	0	526	
5	0	0	0	0	527	
6	0	0	0	0	529	
7	0	0	0	0	529	
8	0	0	0	0	529	
9	0	0	0	0	531	
10	0	0	0	0	530	
11	0	0	0	0	529	
12	0	0	0	0	529	
13	0	0	0	0	528	
14	0	0	0	0	527	
15	0	0	0	0	525	
0	0	0	0	0	524	
1	0	0	0	0	525	
2	0	0	0	0	524	
3	0	0	0	0	524	
4	0	0	0	0	527	
5	0	0	0	0	527	
6	0	0	0	0	527	
7	0	0	0	0	526	
8	0	0	0	0	526	
9	0	0	0	0	527	
10	0	0	0	0	526	
11	0	0	0	0	527	
12	0	0	0	0	528	
13	0	0	0	0	526	
14	0	0	0	0	526	
15	0	0	0	0	524	
0	0	0	0	0	523	
1	0	0	0	0	519	
2	0	0	0	0	519	
3	0	0	0	0	523	
4	0	0	0	0	524	
5	0	0	0	0	527	
6	0	0	0	0	527	
7	0	0	0	0	526	
8	0	0	0	0	524	
9	0	0	0	0	524	
10	0	0	0	0	526	
11	0	0	0	0	530	
12	0	0	0	0	529	
13	0	0	0	0	530	
14	0	0	0	0	529	
15	0	0	0	0	531	
0	0	0	0	0	531	
1	0	0	0	0	528	
2	0	0	0	0	530	
3	0	0	0	0	531	
4	0	0	0	0	531	
5	0	0	0	0	530	
6	0	0	0	0	531	
7	0	0	0	0	530	
8	0	0	0	0	531	
9	0	0	0	0	531	
10	0	0	0	0	530	
11	0	0	0	0	529	
12	0	0	0	0	529	
13	0	0	0	0	532	
14	0	0	0	0	534	
15	0	0	0	0	536	
0	0	0	0	0	535	
1	0	0	0	0	532	
2	0	0	0	0	531	
3	0	0	0	0	530	
4	0	0	0	0	530	
5	0	0	0	0	528	
6	0	0	0	0	529	
7	0	0	0	0	531	
8	0	0	0	0	531	
9	0	0	0	0	530	
10	0	0	0	0	531	
11	0	0	0	0	529	
12	0	0	0	0	529	
13	0	0	0	0	531	
14	0	0	0	0	531	
15	0	0	0	0	531	
0	0	0	0	0	531	
1	0	0	0	0	530	
2	0	0	0	0	531	
3	0	0	0	0	532	
4	0	0	0	0	533	
5	0	0	0	0	532	
6	0	0	0	0	533	
7	0	0	0	0	532	
8	0	0	0	0	530	
9	0	0	0	0	529	
10	0	0	0	0	527	
11	0	0	0	0	525	
12	0	0	0	0	525	
13	0	0	0	0	527	
14	0	0	0	0	529	
15	0	0	0	0	529	
0	0	0	0	0	528	
1	0	0	0	0	528	
2	0	0	0	0	530	
3	0	0	0	0	528	
4	0	0	0	0	525	
5	0	0	0	0	525	
6	0	0	0	0	529	
7	0	0	0	0	530	
8	0	0	0	0	528	
9	0	0	0	0	529	
10	0	0	0	0	529	
11	0	0	0	0	531	
12	0	0	0	0	531	
13	0	0	0	0	529	
14	0	0	0	0	528	
15	0	0	0	0	527	
0	0	0	0	0	525	
1	0	0	0	0	525	
2	0	0	0	0	526	
3	0	0	0	0	527	
4	0	0	0	0	526	
5	0	0	0	0	527	
6	0	0	0	0	527	
7	0	0	0	0	531	
8	0	0	0	0	533	
9	0	0	0	0	533	
10	0	0	0	0	532	
11	0	0	0	0	530	
12	0	0	0	0	530	
13	0	0	0	0	530	
14	0	0	0	0	529	
15	0	0	0	0	526	
0	0	0	0	0	524	
1	0	0	0	0	526	
2	0	0	0	0	528	
3	0	0	0	0	530	
4	0	0	0	0	530	
5	0	0	0	0	531	
6	0	0	0	0	531	
7	0	0	0	0	532	
8	0	0	0	0	531	
9	0	0	0	0	530	
10	0	0	0	0	531	
11	0	0	0	0	532	
12	0	0	0	0	534	
13	0	0	0	0	534	
14	0	0	0	0	534	
15	0	0	0	0	534	
0	0	0	0	0	532	
1	0	0	0	0	531	
2	0	0	0	0	532	
3	0	0	0	0	532	
4	0	0	0	0	533	
5	0	0	0	0	531	
6	0	0	0	0	530	
7	0	0	0	0	530	
8	0	0	0	0	531	
9	0	0	0	0	529	
10	0	0	0	0	528	
11	0	0	0	0	527	
12	0	0	0	0	527	
13	0	0	0	0	527	
14	0	0	0	0	530	
15	0	0	0	0	531	
0	0	0	0	0	531	
1	0	0	0	0	531	
2	0	0	0	0	529	
3	0	0	0	0	529	
4	0	0	0	0	528	
5	0	0	0	0	528	
6	0	0	0	0	529	
7	0	0	0	0	528	
8	0	0	0	0	528	
9	0	0	0	0	529	
10	0	0	0	0	531	
11	0	0	0	0	531	
12	0	0	0	0	531	
13	0	0	0	0	532	
14	0	0	0	0	530	
15	0	0	0	0	527	
0	0	0	0	0	524	
1	0	0	0	0	526	
2	0	0	0	0	527	
3	0	0	0	0	527	
4	0	0	0	0	527	
5	0	0	0	0	527	
6	0	0	0	0	527	
7	0	0	0	0	527	
8	0	0	0	0	527	
9	0	0	0	0	526	
10	0	0	0	0	527	
11	0	0	0	0	527	
12	0	0	0	0	529	
13	0	0	0	0	530	
14	0	0	0	0	529	
15	0	0	0	0	531	
0	0	0	0	0	533	
1	0	0	0	0	534	
2	0	0	0	0	531	
3	0	0	0	0	527	
4	0	0	0	0	526	
5	0	0	0	0	526	
6	0	0	0	0	523	
7	0	0	0	0	522	
8	0	0	0	0	527	
9	0	0	0	0	529	
10	0	0	0	0	531	
11	0	0	0	0	530	
12	0	0	0	0	530	
13	0	0	0	0	530	
14	0	0	0	0	529	
15	0	0	0	0	529	
0	0	0	0	0	531	
1	0	0	0	0	532	
2	0	0	0	0	532	
3	0	0	0	0	532	
4	0	0	0	0	535	
5	0	0	0	0	536	
6	0	0	0	0	534	
7	0	0	0	0	530	
8	0	0	0	0	525	
9	0	0	0	0	521	
10	0	0	0	0	519	
11	0	0	0	0	523	
12	0	0	0	0	528	
13	0	0	0	0	528	
14	0	0	0	0	529	
15	0	0	0	0	531	
0	0	0	0	0	532	
1	0	0	0	0	531	
2	0	0	0	0	530	
3	0	0	0	0	529	
4	0	0	0	0	530	
5	0	0	0	0	529	
6	0	0	0	0	528	
7	0	0	0	0	527	
8	0	0	0	0	528	
9	0	0	0	0	528	
10	0	0	0	0	528	
11	0	0	0	0	528	
12	0	0	0	0	531	
13	0	0	0	0	532	
14	0	0	0	0	532	
15	0	0	0	0	531	
0	0	0	0	0	531	
1	0	0	0	0	532	
2	0	0	0	0	533	
3	0	0	0	0	532	
4	0	0	0	0	529	
5	0	0	0	0	527	
6	0	0	0	0	527	
7	0	0	0	0	529	
8	0	0	0	0	526	
9	0	0	0	0	526	
10	0	0	0	0	527	
11	0	0	0	0	528	
12	0	0	0	0	528	
13	0	0	0	0	529	
14	0	0	0	0	530	
15	0	0	0	0	531	
0	0	0	0	0	530	
1	0	0	0	0	530	
2	0	0	0	0	529	
3	0	0	0	0	528	
4	0	0	0	0	528	
5	0	0	0	0	527	
6	0	0	0	0	529	
7	0	0	0	0	527	
8	0	0	0	0	527	
9	0	0	0	0	528	
10	0	0	0	0	528	
11	0	0	0	0	527	
12	0	0	0	0	528	
13	0	0	0	0	527	
14	0	0	0	0	524	
15	0	0	0	0	522	
0	0	0	0	0	521	
1	0	0	0	0	520	
2	0	0	0	0	521	
3	0	0	0	0	522	
4	0	0	0	0	521	
5	0	0	0	0	521	
6	0	0	0	0	523	
7	0	0	0	0	526	
8	0	0	0	0	528	
9	0	0	0	0	528	
10	0	0	0	0	526	
11	0	0	0	0	526	
12	0	0	0	0	525	
13	0	0	0	0	523	
14	0	0	0	0	525	
15	0	0	0	0	526	
0	0	0	0	0	529	
1	0	0	0	0	529	
2	0	0	0	0	528	
3	0	0	0	0	527	
4	0	0	0	0	527	
5	0	0	0	0	529	
6	0	0	0	0	528	
7	0	0	0	0	526	
8	0	0	0	0	528	
9	0	0	0	0	530	
10	0	0	0	0	530	
11	0	0	0	0	530	
12	0	0	0	0	529	
13	0	0	0	0	527	
14	0	0	0	0	527	
15	0	0	0	0	527	
0	0	0	0	0	527	
1	0	0	0	0	524	
2	0	0	0	0	524	
3	0	0	0	0	525	
4	0	0	0	0	526	
5	0	0	0	0	527	
6	0	0	0	0	526	
7	0	0	0	0	525	
8	0	0	0	0	526	
9	0	0	0	0	528	
10	0	0	0	0	529	
11	0	0	0	0	528	
12	0	0	0	0	526	
13	0	0	0	0	524	
14	0	0	0	0	521	
15	0	0	0	0	516	
0	0	0	0	0	517	
1	0	0	0	0	519	
2	0	0	0	0	521	
3	0	0	0	0	525	
4	0	0	0	0	527	
5	0	0	0	0	526	
6	0	0	0	0	525	
7	0	0	0	0	524	
8	0	0	0	0	525	
9	0	0	0	0	527	
10	0	0	0	0	527	
11	0	0	0	0	526	
12	0	0	0	0	527	
13	0	0	0	0	527	
14	0	0	0	0	527	
15	0	0	0	0	527	
0	0	0	0	0	527	
1	0	0	0	0	528	
2	0	0	0	0	530	
3	0	0	0	0	530	
4	0	0	0	0	531	
5	0	0	0	0	531	
6	0	0	0	0	529	
7	0	0	0	0	529	
8	0	0	0	0	529	
9	0	0	0	0	527	
10	0	0	0	0	524	
11	0	0	0	0	521	
12	0	0	0	0	521	
13	0	0	0	0	523	
14	0	0	0	0	526	
15	0	0	0	0	530	
0	0	0	0	0	532	
1	0	0	0	0	532	
2	0	0	0	0	531	
3	0	0	0	0	532	
4	0	0	0	0	534	
5	0	0	0	0	535	
6	0	0	0	0	536	
7	0	0	0	0	536	
8	0	0	0	0	537	
9	0	0	0	0	537	
10	0	0	0	0	535	
11	0	0	0	0	533	
12	0	0	0	0	532	
13	0	0	0	0	532	
14	0	0	0	0	532	
15	0	0	0	0	532	
0	0	0	0	0	532	
1	0	0	0	0	532	
2	0	0	0	0	531	
3	0	0	0	0	533	
4	0	0	0	0	535	
5	0	0	0	0	536	
6	0	0	0	0	537	
7	0	0	0	0	538	
8	0	0	0	0	536	
9	0	0	0	0	536	
10	0	0	0	0	535	
11	0	0	0	0	533	
12	0	0	0	0	531	
13	0	0	0	0	532	
14	0	0	0	0	532	
15	0	0	0	0	530	
0	0	0	0	0	532	
1	0	0	0	0	531	
2	0	0	0	0	529	
3	0	0	0	0	528	
4	0	0	0	0	528	
5	0	0	0	0	528	
6	0	0	0	0	527	
7	0	0	0	0	527	
8	0	0	0	0	526	
9	0	0	0	0	524	
10	0	0	0	0	523	
11	0	0	0	0	521	
12	0	0	0	0	521	
13	0	0	0	0	522	
14	0	0	0	0	524	
15	0	0	0	0	523	
0	0	0	0	0	523	
1	0	0	0	0	523	
2	0	0	0	0	524	
3	0	0	0	0	525	
4	0	0	0	0	527	
5	0	0	0	0	527	
6	0	0	0	0	527	
7	0	0	0	0	527	
8	0	0	0	0	527	
9	0	0	0	0	526	
10	0	0	0	0	525	
11	0	0	0	0	524	
12	0	0	0	0	525	
13	0	0	0	0	524	
14	0	0	0	0	522	
15	0	0	0	0	522	
0	0	0	0	0	523	
1	0	0	0	0	522	
2	0	0	0	0	519	
3	0	0	0	0	518	
4	0	0	0	0	515	
5	0	0	0	0	514	
6	0	0	0	0	515	
7	0	0	0	0	513	
8	0	0	0	0	514	
9	0	0	0	0	514	
10	0	0	0	0	515	
11	0	0	0	0	515	
12	0	0	0	0	516	
13	0	0	0	0	516	
14	0	0	0	0	514	
15	0	0	0	0	513	
0	0	0	0	0	516	
1	0	0	0	0	515	
2	0	0	0	0	515	
3	0	0	0	0	516	
4	0	0	0	0	516	
5	0	0	0	0	515	
6	0	0	0	0	515	
7	0	0	0	0	515	
8	0	0	0	0	517	
9	0	0	0	0	519	
10	0	0	0	0	520	
11	0	0	0	0	519	
12	0	0	0	0	519	
13	0	0	0	0	519	
14	0	0	0	0	520	
15	0	0	0	0	519	
0	0	0	0	0	519	
1	0	0	0	0	517	
2	0	0	0	0	515	
3	0	0	0	0	514	
4	0	0	0	0	513	
5	0	0	0	0	512	
6	0	0	0	0	511	
7	0	0	0	0	514	
8	0	0	0	0	513	
9	0	0	0	0	512	
10	0	0	0	0	512	
11	0	0	0	0	512	
12	0	0	0	0	515	
13	0	0	0	0	516	
14	0	0	0	0	515	
15	0	0	0	0	511	
0	0	0	0	0	508	
1	0	0	0	0	505	
2	0	0	0	0	506	
3	0	0	0	0	506	
4	0	0	0	0	502	
5	0	0	0	0	499	
6	0	0	0	0	498	
7	0	0	0	0	496	
8	0	0	0	0	491	
9	0	0	0	0	491	
10	0	0	0	0	491	
11	0	0	0	0	491	
12	0	0	0	0	490	
13	0	0	0	0	491	
14	0	0	0	0	489	
15	0	0	0	0	489	
0	0	0	0	0	494	
1	0	0	0	0	501	
2	0	0	0	0	505	
3	0	0	0	0	509	
4	0	0	0	0	515	
5	0	0	0	0	521	
6	0	0	0	0	526	
7	0	0	0	0	531	
8	0	0	0	0	537	
9	0	0	0	0	545	
10	0	0	0	0	555	
11	0	0	0	0	567	
12	0	0	0	0	578	
13	0	0	0	0	585	
14	0	0	0	0	593	
15	0	0	0	0	608	
0	0	0	0	0	623	
1	0	0	0	0	634	
2	0	0	0	0	647	
3	0	0	0	0	662	
4	0	0	0	0	675	
5	0	0	0	0	688	
6	0	0	0	0	700	
7	0	0	0	0	709	
8	0	0	0	0	717	
9	0	0	0	0	718	
10	0	0	0	0	714	
11	0	0	0	0	710	
12	0	0	0	0	702	
13	0	0	0	0	689	
14	0	0	0	0	677	
15	0	0	0	0	665	
0	0	0	0	0	651	
1	0	0	0	0	633	
2	0	0	0	0	613	
3	0	0	0	0	598	
4	0	0	0	0	582	
5	0	0	0	0	566	
6	0	0	0	0	554	
7	0	0	0	0	538	
8	0	0	0	0	526	
9	0	0	0	0	512	
10	0	0	0	0	499	
11	0	0	0	0	491	
12	0	0	0	0	485	
13	0	0	0	0	480	
14	0	0	0	0	475	
15	0	0	0	0	473	
0	0	0	0	0	473	
1	0	0	0	0	475	
2	0	0	0	0	476	
3	0	0	0	0	477	
4	0	0	0	0	478	
5	0	0	0	0	478	
6	0	0	0	0	479	
7	0	0	0	0	479	
8	0	0	0	0	479	
9	0	0	0	0	482	
10	0	0	0	0	487	
11	0	0	0	0	489	
12	0	0	0	0	492	
13	0	0	0	0	494	
14	0	0	0	0	494	
15	0	0	0	0	493	
0	0	0	0	0	494	
1	0	0	0	0	490	
2	0	0	0	0	487	
3	0	0	0	0	486	
4	0	0	0	0	487	
5	0	0	0	0	486	
6	0	0	0	0	486	
7	0	0	0	0	486	
8	0	0	0	0	483	
9	0	0	0	0	483	
10	0	0	0	0	483	
11	0	0	0	0	483	
12	0	0	0	0	482	
13	0	0	0	0	483	
14	0	0	0	0	483	
15	0	0	0	0	481	
0	0	0	0	0	481	
1	0	0	0	0	482	
2	0	0	0	0	484	
3	0	0	0	0	484	
4	0	0	0	0	485	
5	0	0	0	0	485	
6	0	0	0	0	485	
7	0	0	0	0	487	
8	0	0	0	0	484	
9	0	0	0	0	486	
10	0	0	0	0	489	
11	0	0	0	0	491	
12	0	0	0	0	492	
13	0	0	0	0	492	
14	0	0	0	0	491	
15	0	0	0	0	492	
0	0	0	0	0	492	
1	0	0	0	0	492	
2	0	0	0	0	491	
3	0	0	0	0	491	
4	0	0	0	0	492	
5	0	0	0	0	493	
6	0	0	0	0	496	
7	0	0	0	0	497	
8	0	0	0	0	497	
9	0	0	0	0	496	
10	0	0	0	0	496	
11	0	0	0	0	499	
12	0	0	0	0	500	
13	0	0	0	0	501	
14	0	0	0	0	498	
15	0	0	0	0	498	
0	0	0	0	0	498	
1	0	0	0	0	498	
2	0	0	0	0	499	
3	0	0	0	0	499	
4	0	0	0	0	502	
5	0	0	0	0	502	
6	0	0	0	0	502	
7	0	0	0	0	500	
8	0	0	0	0	499	
9	0	0	0	0	497	
10	0	0	0	0	497	
11	0	0	0	0	499	
12	0	0	0	0	501	
13	0	0	0	0	502	
14	0	0	0	0	503	
15	0	0	0	0	504	
0	0	0	0	0	505	
1	0	0	0	0	505	
2	0	0	0	0	505	
3	0	0	0	0	506	
4	0	0	0	0	506	
5	0	0	0	0	504	
6	0	0	0	0	507	
7	0	0	0	0	508	
8	0	0	0	0	506	
9	0	0	0	0	505	
10	0	0	0	0	507	
11	0	0	0	0	508	
12	0	0	0	0	508	
13	0	0	0	0	507	
14	0	0	0	0	505	
15	0	0	0	0	505	
0	0	0	0	0	504	
1	0	0	0	0	504	
2	0	0	0	0	504	
3	0	0	0	0	502	
4	0	0	0	0	503	
5	0	0	0	0	504	
6	0	0	0	0	506	
7	0	0	0	0	509	
8	0	0	0	0	512	
9	0	0	0	0	513	
10	0	0	0	0	512	
11	0	0	0	0	511	
12	0	0	0	0	510	
13	0	0	0	0	508	
14	0	0	0	0	508	
15	0	0	0	0	510	
0	0	0	0	0	511	
1	0	0	0	0	510	
2	0	0	0	0	509	
3	0	0	0	0	510	
4	0	0	0	0	508	
5	0	0	0	0	509	
6	0	0	0	0	509	
7	0	0	0	0	510	
8	0	0	0	0	511	
9	0	0	0	0	512	
10	0	0	0	0	511	
11	0	0	0	0	510	
12	0	0	0	0	509	
13	0	0	0	0	509	
14	0	0	0	0	513	
15	0	0	0	0	513	
0	0	0	0	0	509	
1	0	0	0	0	511	
2	0	0	0	0	514	
3	0	0	0	0	518	
4	0	0	0	0	518	
5	0	0	0	0	517	
6	0	0	0	0	515	
7	0	0	0	0	515	
8	0	0	0	0	517	
9	0	0	0	0	519	
10	0	0	0	0	519	
11	0	0	0	0	518	
12	0	0	0	0	518	
13	0	0	0	0	517	
14	0	0	0	0	516	
15	0	0	0	0	515	
0	0	0	0	0	517	
1	0	0	0	0	519	
2	0	0	0	0	519	
3	0	0	0	0	519	
4	0	0	0	0	517	
5	0	0	0	0	516	
6	0	0	0	0	517	
7	0	0	0	0	516	
8	0	0	0	0	515	
9	0	0	0	0	515	
10	0	0	0	0	515	
11	0	0	0	0	520	
12	0	0	0	0	525	
13	0	0	0	0	528	
14	0	0	0	0	527	
15	0	0	0	0	527	
0	0	0	0	0	527	
1	0	0	0	0	527	
2	0	0	0	0	527	
3	0	0	0	0	529	
4	0	0	0	0	530	
5	0	0	0	0	530	
6	0	0	0	0	527	
7	0	0	0	0	525	
8	0	0	0	0	527	
9	0	0	0	0	531	
10	0	0	0	0	530	
11	0	0	0	0	530	
12	0	0	0	0	530	
13	0	0	0	0	531	
14	0	0	0	0	534	
15	0	0	0	0	534	
0	0	0	0	0	529	
1	0	0	0	0	530	
2	0	0	0	0	534	
3	0	0	0	0	535	
4	0	0	0	0	536	
5	0	0	0	0	537	
6	0	0	0	0	537	
7	0	0	0	0	539	
8	0	0	0	0	540	
9	0	0	0	0	542	
10	0	0	0	0	540	
11	0	0	0	0	538	
12	0	0	0	0	539	
13	0	0	0	0	536	
14	0	0	0	0	534	
15	0	0	0	0	535	
0	0	0	0	0	535	
1	0	0	0	0	535	
2	0	0	0	0	535	
3	0	0	0	0	537	
4	0	0	0	0	538	
5	0	0	0	0	537	
6	0	0	0	0	538	
7	0	0	0	0	540	
8	0	0	0	0	543	
9	0	0	0	0	544	
10	0	0	0	0	544	
11	0	0	0	0	543	
12	0	0	0	0	543	
13	0	0	0	0	543	
14	0	0	0	0	546	
15	0	0	0	0	546	
0	0	0	0	0	543	
1	0	0	0	0	542	
2	0	0	0	0	544	
3	0	0	0	0	546	
4	0	0	0	0	547	
5	0	0	0	0	550	
6	0	0	0	0	551	
7	0	0	0	0	549	
8	0	0	0	0	548	
9	0	0	0	0	547	
10	0	0	0	0	546	
11	0	0	0	0	547	
12	0	0	0	0	547	
13	0	0	0	0	544	
14	0	0	0	0	543	
15	0	0	0	0	544	
0	0	0	0	0	546	
1	0	0	0	0	547	
2	0	0	0	0	547	
3	0	0	0	0	543	
4	0	0	0	0	543	
5	0	0	0	0	543	
6	0	0	0	0	543	
7	0	0	0	0	543	
8	0	0	0	0	542	
9	0	0	0	0	540	
10	0	0	0	0	536	
11	0	0	0	0	535	
12	0	0	0	0	535	
13	0	0	0	0	533	
14	0	0	0	0	533	
15	0	0	0	0	531	
0	0	0	0	0	529	
1	0	0	0	0	528	
2	0	0	0	0	526	
3	0	0	0	0	524	
4	0	0	0	0	523	
5	0	0	0	0	523	
6	0	0	0	0	523	
7	0	0	0	0	520	
8	0	0	0	0	519	
9	0	0	0	0	515	
10	0	0	0	0	513	
11	0	0	0	0	512	
12	0	0	0	0	511	
13	0	0	0	0	508	
14	0	0	0	0	506	
15	0	0	0	0	505	
0	0	0	0	0	503	
1	0	0	0	0	503	
2	0	0	0	0	502	
3	0	0	0	0	500	
4	0	0	0	0	498	
5	0	0	0	0	500	
6	0	0	0	0	498	
7	0	0	0	0	497	
8	0	0	0	0	496	
9	0	0	0	0	496	
10	0	0	0	0	495	
11	0	0	0	0	492	
12	0	0	0	0	491	
13	0	0	0	0	490	
14	0	0	0	0	491	
15	0	0	0	0	491	
0	0	0	0	0	491	
1	0	0	0	0	491	
2	0	0	0	0	492	
3	0	0	0	0	490	
4	0	0	0	0	488	
5	0	0	0	0	486	
6	0	0	0	0	487	
7	0	0	0	0	486	
8	0	0	0	0	486	
9	0	0	0	0	485	
10	0	0	0	0	484	
11	0	0	0	0	483	
12	0	0	0	0	484	
13	0	0	0	0	483	
14	0	0	0	0	482	
15	0	0	0	0	480	
0	0	0	0	0	481	
1	0	0	0	0	482	
2	0	0	0	0	483	
3	0	0	0	0	483	
4	0	0	0	0	483	
5	0	0	0	0	482	
6	0	0	0	0	483	
7	0	0	0	0	483	
8	0	0	0	0	483	
9	0	0	0	0	484	
10	0	0	0	0	484	
11	0	0	0	0	483	
12	0	0	0	0	484	
13	0	0	0	0	484	
14	0	0	0	0	485	
15	0	0	0	0	483	
0	0	0	0	0	480	
1	0	0	0	0	480	
2	0	0	0	0	478	
3	0	0	0	0	479	
4	0	0	0	0	481	
5	0	0	0	0	482	
6	0	0	0	0	483	
7	0	0	0	0	486	
8	0	0	0	0	487	
9	0	0	0	0	485	
10	0	0	0	0	482	
11	0	0	0	0	479	
12	0	0	0	0	479	
13	0	0	0	0	482	
14	0	0	0	0	484	
15	0	0	0	0	485	
0	0	0	0	0	484	
1	0	0	0	0	486	
2	0	0	0	0	487	
3	0	0	0	0	485	
4	0	0	0	0	486	
5	0	0	0	0	487	
6	0	0	0	0	487	
7	0	0	0	0	484	
8	0	0	0	0	486	
9	0	0	0	0	491	
10	0	0	0	0	492	
11	0	0	0	0	491	
12	0	0	0	0	491	
13	0	0	0	0	491	
14	0	0	0	0	489	
15	0	0	0	0	490	
0	0	0	0	0	493	
1	0	0	0	0	493	
2	0	0	0	0	494	
3	0	0	0	0	495	
4	0	0	0	0	497	
5	0	0	0	0	496	
6	0	0	0	0	494	
7	0	0	0	0	494	
8	0	0	0	0	495	
9	0	0	0	0	496	
10	0	0	0	0	497	
11	0	0	0	0	498	
12	0	0	0	0	500	
13	0	0	0	0	500	
14	0	0	0	0	499	
15	0	0	0	0	498	
0	0	0	0	0	499	
1	0	0	0	0	497	
2	0	0	0	0	497	
3	0	0	0	0	497	
4	0	0	0	0	498	
5	0	0	0	0	497	
6	0	0	0	0	496	
7	0	0	0	0	496	
8	0	0	0	0	498	
9	0	0	0	0	499	
10	0	0	0	0	499	
11	0	0	0	0	498	
12	0	0	0	0	496	
13	0	0	0	0	494	
14	0	0	0	0	493	
15	0	0	0	0	492	
0	0	0	0	0	496	
1	0	0	0	0	501	
2	0	0	0	0	502	
3	0	0	0	0	501	
4	0	0	0	0	499	
5	0	0	0	0	498	
6	0	0	0	0	496	
7	0	0	0	0	498	
8	0	0	0	0	499	
9	0	0	0	0	500	
10	0	0	0	0	500	
11	0	0	0	0	500	
12	0	0	0	0	500	
13	0	0	0	0	499	
14	0	0	0	0	496	
15	0	0	0	0	494	
0	0	0	0	0	494	
1	0	0	0	0	499	
2	0	0	0	0	500	
3	0	0	0	0	500	
4	0	0	0	0	501	
5	0	0	0	0	501	
6	0	0	0	0	500	
7	0	0	0	0	501	
8	0	0	0	0	501	
9	0	0	0	0	501	
10	0	0	0	0	501	
11	0	0	0	0	500	
12	0	0	0	0	499	
13	0	0	0	0	498	
14	0	0	0	0	499	
15	0	0	0	0	501	
0	0	0	0	0	503	
1	0	0	0	0	503	
2	0	0	0	0	503	
3	0	0	0	0	504	
4	0	0	0	0	504	
5	0	0	0	0	505	
6	0	0	0	0	506	
7	0	0	0	0	506	
8	0	0	0	0	504	
9	0	0	0	0	504	
10	0	0	0	0	504	
11	0	0	0	0	504	
12	0	0	0	0	503	
13	0	0	0	0	502	
14	0	0	0	0	504	
15	0	0	0	0	507	
0	0	0	0	0	507	
1	0	0	0	0	506	
2	0	0	0	0	507	
3	0	0	0	0	509	
4	0	0	0	0	506	
5	0	0	0	0	503	
6	0	0	0	0	500	
7	0	0	0	0	502	
8	0	0	0	0	504	
9	0	0	0	0	504	
10	0	0	0	0	504	
11	0	0	0	0	505	
12	0	0	0	0	505	
13	0	0	0	0	507	
14	0	0	0	0	508	
15	0	0	0	0	506	
0	0	0	0	0	504	
1	0	0	0	0	502	
2	0	0	0	0	499	
3	0	0	0	0	502	
4	0	0	0	0	503	
5	0	0	0	0	504	
6	0	0	0	0	505	
7	0	0	0	0	504	
8	0	0	0	0	504	
9	0	0	0	0	506	
10	0	0	0	0	506	
11	0	0	0	0	506	
12	0	0	0	0	508	
13	0	0	0	0	506	
14	0	0	0	0	505	
15	0	0	0	0	505	
0	0	0	0	0	504	
1	0	0	0	0	504	
2	0	0	0	0	505	
3	0	0	0	0	508	
4	0	0	0	0	506	
5	0	0	0	0	504	
6	0	0	0	0	504	
7	0	0	0	0	504	
8	0	0	0	0	506	
9	0	0	0	0	506	
10	0	0	0	0	505	
11	0	0	0	0	507	
12	0	0	0	0	506	
13	0	0	0	0	507	
14	0	0	0	0	505	
15	0	0	0	0	504	
0	0	0	0	0	502	
1	0	0	0	0	502	
2	0	0	0	0	503	
3	0	0	0	0	506	
4	0	0	0	0	510	
5	0	0	0	0	512	
6	0	0	0	0	513	
7	0	0	0	0	511	
8	0	0	0	0	510	
9	0	0	0	0	509	
10	0	0	0	0	509	
11	0	0	0	0	512	
12	0	0	0	0	513	
13	0	0	0	0	514	
14	0	0	0	0	513	
15	0	0	0	0	511	
0	0	0	0	0	508	
1	0	0	0	0	507	
2	0	0	0	0	507	
3	0	0	0	0	506	
4	0	0	0	0	507	
5	0	0	0	0	508	
6	0	0	0	0	509	
7	0	0	0	0	510	
8	0	0	0	0	509	
9	0	0	0	0	508	
10	0	0	0	0	509	
11	0	0	0	0	508	
12	0	0	0	0	507	
13	0	0	0	0	505	
14	0	0	0	0	507	
15	0	0	0	0	508	
0	0	0	0	0	511	
1	0	0	0	0	511	
2	0	0	0	0	511	
3	0	0	0	0	511	
4	0	0	0	0	510	
5	0	0	0	0	509	
6	0	0	0	0	508	
7	0	0	0	0	509	
8	0	0	0	0	510	
9	0	0	0	0	509	
10	0	0	0	0	509	
11	0	0	0	0	511	
12	0	0	0	0	511	
13	0	0	0	0	511	
14	0	0	0	0	511	
15	0	0	0	0	511	
0	0	0	0	0	511	
1	0	0	0	0	510	
2	0	0	0	0	508	
3	0	0	0	0	508	
4	0	0	0	0	510	
5	0	0	0	0	511	
6	0	0	0	0	510	
7	0	0	0	0	508	
8	0	0	0	0	508	
9	0	0	0	0	510	
10	0	0	0	0	509	
11	0	0	0	0	508	
12	0	0	0	0	511	
13	0	0	0	0	510	
14	0	0	0	0	508	
15	0	0	0	0	507	
0	0	0	0	0	507	
1	0	0	0	0	511	
2	0	0	0	0	510	
3	0	0	0	0	508	
4	0	0	0	0	508	
5	0	0	0	0	508	
6	0	0	0	0	507	
7	0	0	0	0	505	
8	0	0	0	0	507	
9	0	0	0	0	510	
10	0	0	0	0	511	
11	0	0	0	0	510	
12	0	0	0	0	508	
13	0	0	0	0	508	
14	0	0	0	0	510	
15	0	0	0	0	509	
0	0	0	0	0	510	
1	0	0	0	0	511	
2	0	0	0	0	511	
3	0	0	0	0	512	
4	0	0	0	0	513	
5	0	0	0	0	514	
6	0	0	0	0	515	
7	0	0	0	0	515	
8	0	0	0	0	514	
9	0	0	0	0	513	
10	0	0	0	0	512	
11	0	0	0	0	512	
12	0	0	0	0	511	
13	0	0	0	0	510	
14	0	0	0	0	510	
15	0	0	0	0	509	
0	0	0	0	0	509	
1	0	0	0	0	509	
2	0	0	0	0	509	
3	0	0	0	0	508	
4	0	0	0	0	508	
5	0	0	0	0	508	
6	0	0	0	0	510	
7	0	0	0	0	509	
8	0	0	0	0	508	
9	0	0	0	0	507	
10	0	0	0	0	506	
11	0	0	0	0	507	
12	0	0	0	0	508	
13	0	0	0	0	508	
14	0	0	0	0	510	
15	0	0	0	0	508	
0	0	0	0	0	508	
1	0	0	0	0	509	
2	0	0	0	0	511	
3	0	0	0	0	510	
4	0	0	0	0	508	
5	0	0	0	0	508	
6	0	0	0	0	509	
7	0	0	0	0	510	
8	0	0	0	0	510	
9	0	0	0	0	511	
10	0	0	0	0	510	
11	0	0	0	0	510	
12	0	0	0	0	510	
13	0	0	0	0	510	
14	0	0	0	0	511	
15	0	0	0	0	509	
0	0	0	0	0	509	
1	0	0	0	0	508	
2	0	0	0	0	508	
3	0	0	0	0	510	
4	0	0	0	0	508	
5	0	0	0	0	508	
6	0	0	0	0	508	
7	0	0	0	0	507	
8	0	0	0	0	506	
9	0	0	0	0	507	
10	0	0	0	0	506	
11	0	0	0	0	504	
12	0	0	0	0	505	
13	0	0	0	0	509	
14	0	0	0	0	510	
15	0	0	0	0	510	
0	0	0	0	0	509	
1	0	0	0	0	509	
2	0	0	0	0	510	
3	0	0	0	0	510	
4	0	0	0	0	510	
5	0	0	0	0	510	
6	0	0	0	0	510	
7	0	0	0	0	508	
8	0	0	0	0	507	
9	0	0	0	0	504	
10	0	0	0	0	502	
11	0	0	0	0	502	
12	0	0	0	0	504	
13	0	0	0	0	507	
14	0	0	0	0	510	
15	0	0	0	0	511	
0	0	0	0	0	511	
1	0	0	0	0	511	
2	0	0	0	0	510	
3	0	0	0	0	510	
4	0	0	0	0	510	
5	0	0	0	0	508	
6	0	0	0	0	508	
7	0	0	0	0	508	
8	0	0	0	0	511	
9	0	0	0	0	512	
10	0	0	0	0	514	
11	0	0	0	0	515	
12	0	0	0	0	515	
13	0	0	0	0	514	
14	0	0	0	0	512	
15	0	0	0	0	510	
0	0	0	0	0	510	
1	0	0	0	0	510	
2	0	0	0	0	510	
3	0	0	0	0	511	
4	0	0	0	0	512	
5	0	0	0	0	512	
6	0	0	0	0	512	
7	0	0	0	0	511	
8	0	0	0	0	510	
9	0	0	0	0	508	
10	0	0	0	0	509	
11	0	0	0	0	510	
12	0	0	0	0	508	
13	0	0	0	0	507	
14	0	0	0	0	507	
15	0	0	0	0	505	
0	0	0	0	0	505	
1	0	0	0	0	505	
2	0	0	0	0	505	
3	0	0	0	0	506	
4	0	0	0	0	508	
5	0	0	0	0	507	
6	0	0	0	0	507	
7	0	0	0	0	506	
8	0	0	0	0	508	
9	0	0	0	0	510	
10	0	0	0	0	512	
11	0	0	0	0	512	
12	0	0	0	0	512	
13	0	0	0	0	507	
14	0	0	0	0	506	
15	0	0	0	0	506	
0	0	0	0	0	506	
1	0	0	0	0	507	
2	0	0	0	0	508	
3	0	0	0	0	509	
4	0	0	0	0	508	
5	0	0	0	0	508	
6	0	0	0	0	505	
7	0	0	0	0	502	
8	0	0	0	0	504	
9	0	0	0	0	506	
10	0	0	0	0	507	
11	0	0	0	0	507	
12	0	0	0	0	508	
13	0	0	0	0	508	
14	0	0	0	0	507	
15	0	0	0	0	508	
0	0	0	0	0	508	
1	0	0	0	0	507	
2	0	0	0	0	505	
3	0	0	0	0	506	
4	0	0	0	0	507	
5	0	0	0	0	507	
6	0	0	0	0	508	
7	0	0	0	0	508	
8	0	0	0	0	507	
9	0	0	0	0	506	
10	0	0	0	0	504	
11	0	0	0	0	504	
12	0	0	0	0	501	
13	0	0	0	0	499	
14	0	0	0	0	500	
15	0	0	0	0	500	
0	0	0	0	0	500	
1	0	0	0	0	499	
2	0	0	0	0	502	
3	0	0	0	0	504	
4	0	0	0	0	504	
5	0	0	0	0	504	
6	0	0	0	0	504	
7	0	0	0	0	504	
8	0	0	0	0	504	
9	0	0	0	0	504	
10	0	0	0	0	504	
11	0	0	0	0	505	
12	0	0	0	0	505	
13	0	0	0	0	504	
14	0	0	0	0	503	
15	0	0	0	0	503	
0	0	0	0	0	502	
1	0	0	0	0	504	
2	0	0	0	0	504	
3	0	0	0	0	502	
4	0	0	0	0	501	
5	0	0	0	0	502	
6	0	0	0	0	504	
7	0	0	0	0	505	
8	0	0	0	0	505	
9	0	0	0	0	507	
10	0	0	0	0	507	
11	0	0	0	0	505	
12	0	0	0	0	506	
13	0	0	0	0	505	
14	0	0	0	0	504	
15	0	0	0	0	502	
0	0	0	0	0	503	
1	0	0	0	0	505	
2	0	0	0	0	506	
3	0	0	0	0	504	
4	0	0	0	0	506	
5	0	0	0	0	508	
6	0	0	0	0	508	
7	0	0	0	0	510	
8	0	0	0	0	510	
9	0	0	0	0	510	
10	0	0	0	0	510	
11	0	0	0	0	508	
12	0	0	0	0	505	
13	0	0	0	0	505	
14	0	0	0	0	507	
15	0	0	0	0	507	
0	0	0	0	0	504	
1	0	0	0	0	502	
2	0	0	0	0	504	
3	0	0	0	0	504	
4	0	0	0	0	503	
5	0	0	0	0	503	
6	0	0	0	0	505	
7	0	0	0	0	506	
8	0	0	0	0	504	
9	0	0	0	0	504	
10	0	0	0	0	507	
11	0	0	0	0	508	
12	0	0	0	0	508	
13	0	0	0	0	508	
14	0	0	0	0	509	
15	0	0	0	0	508	
0	0	0	0	0	508	
1	0	0	0	0	509	
2	0	0	0	0	508	
3	0	0	0	0	506	
4	0	0	0	0	505	
5	0	0	0	0	505	
6	0	0	0	0	507	
7	0	0	0	0	507	
8	0	0	0	0	507	
9	0	0	0	0	505	
10	0	0	0	0	503	
11	0	0	0	0	503	
12	0	0	0	0	502	
13	0	0	0	0	503	
14	0	0	0	0	504	
15	0	0	0	0	504	
0	0	0	0	0	502	
1	0	0	0	0	504	
2	0	0	0	0	504	
3	0	0	0	0	505	
4	0	0	0	0	504	
5	0	0	0	0	505	
6	0	0	0	0	506	
7	0	0	0	0	505	
8	0	0	0	0	503	
9	0	0	0	0	505	
10	0	0	0	0	507	
11	0	0	0	0	507	
12	0	0	0	0	504	
13	0	0	0	0	504	
14	0	0	0	0	504	
15	0	0	0	0	504	
0	0	0	0	0	501	
1	0	0	0	0	503	
2	0	0	0	0	506	
3	0	0	0	0	507	
4	0	0	0	0	508	
5	0	0	0	0	509	
6	0	0	0	0	508	
7	0	0	0	0	507	
8	0	0	0	0	506	
9	0	0	0	0	506	
10	0	0	0	0	506	
11	0	0	0	0	507	
12	0	0	0	0	511	
13	0	0	0	0	512	
14	0	0	0	0	513	
15	0	0	0	0	511	
0	0	0	0	0	508	
1	0	0	0	0	507	
2	0	0	0	0	505	
3	0	0	0	0	505	
4	0	0	0	0	506	
5	0	0	0	0	504	
6	0	0	0	0	504	
7	0	0	0	0	507	
8	0	0	0	0	507	
9	0	0	0	0	505	
10	0	0	0	0	504	
11	0	0	0	0	508	
12	0	0	0	0	509	
13	0	0	0	0	509	
14	0	0	0	0	508	
15	0	0	0	0	510	
0	0	0	0	0	512	
1	0	0	0	0	512	
2	0	0	0	0	512	
3	0	0	0	0	513	
4	0	0	0	0	512	
5	0	0	0	0	511	
6	0	0	0	0	512	
7	0	0	0	0	514	
8	0	0	0	0	515	
9	0	0	0	0	515	
10	0	0	0	0	513	
11	0	0	0	0	512	
12	0	0	0	0	514	
13	0	0	0	0	517	
14	0	0	0	0	516	
15	0	0	0	0	516	
0	0	0	0	0	516	
1	0	0	0	0	516	
2	0	0	0	0	517	
3	0	0	0	0	516	
4	0	0	0	0	516	
5	0	0	0	0	515	
6	0	0	0	0	515	
7	0	0	0	0	514	
8	0	0	0	0	514	
9	0	0	0	0	515	
10	0	0	0	0	514	
11	0	0	0	0	513	
12	0	0	0	0	513	
13	0	0	0	0	515	
14	0	0	0	0	516	
15	0	0	0	0	515	
0	0	0	0	0	514	
1	0	0	0	0	512	
2	0	0	0	0	512	
3	0	0	0	0	510	
4	0	0	0	0	510	
5	0	0	0	0	509	
6	0	0	0	0	507	
7	0	0	0	0	507	
8	0	0	0	0	508	
9	0	0	0	0	507	
10	0	0	0	0	507	
11	0	0	0	0	505	
12	0	0	0	0	507	
13	0	0	0	0	510	
14	0	0	0	0	512	
15	0	0	0	0	513	
0	0	0	0	0	512	
1	0	0	0	0	511	
2	0	0	0	0	510	
3	0	0	0	0	511	
4	0	0	0	0	509	
5	0	0	0	0	506	
6	0	0	0	0	504	
7	0	0	0	0	504	
8	0	0	0	0	504	
9	0	0	0	0	504	
10	0	0	0	0	504	
11	0	0	0	0	502	
12	0	0	0	0	499	
13	0	0	0	0	499	
14	0	0	0	0	502	
15	0	0	0	0	502	
0	0	0	0	0	500	
1	0	0	0	0	500	
2	0	0	0	0	503	
3	0	0	0	0	505	
4	0	0	0	0	506	
5	0	0	0	0	506	
6	0	0	0	0	507	
7	0	0	0	0	505	
8	0	0	0	0	504	
9	0	0	0	0	504	
10	0	0	0	0	503	
11	0	0	0	0	503	
12	0	0	0	0	503	
13	0	0	0	0	502	
14	0	0	0	0	501	
15	0	0	0	0	502	
0	0	0	0	0	503	
1	0	0	0	0	501	
2	0	0	0	0	500	
3	0	0	0	0	500	
4	0	0	0	0	500	
5	0	0	0	0	500	
6	0	0	0	0	500	
7	0	0	0	0	499	
8	0	0	0	0	499	
9	0	0	0	0	498	
10	0	0	0	0	497	
11	0	0	0	0	497	
12	0	0	0	0	500	
13	0	0	0	0	500	
14	0	0	0	0	499	
15	0	0	0	0	498	
0	0	0	0	0	499	
1	0	0	0	0	497	
2	0	0	0	0	494	
3	0	0	0	0	495	
4	0	0	0	0	496	
5	0	0	0	0	496	
6	0	0	0	0	496	
7	0	0	0	0	495	
8	0	0	0	0	496	
9	0	0	0	0	495	
10	0	0	0	0	495	
11	0	0	0	0	494	
12	0	0	0	0	492	
13	0	0	0	0	489	
14	0	0	0	0	487	
15	0	0	0	0	483	
0	0	0	0	0	479	
1	0	0	0	0	475	
2	0	0	0	0	472	
3	0	0	0	0	471	
4	0	0	0	0	470	
5	0	0	0	0	471	
6	0	0	0	0	472	
7	0	0	0	0	473	
8	0	0	0	0	475	
9	0	0	0	0	476	
10	0	0	0	0	482	
11	0	0	0	0	489	
12	0	0	0	0	495	
13	0	0	0	0	500	
14	0	0	0	0	505	
15	0	0	0	0	512	
0	0	0	0	0	520	
1	0	0	0	0	529	
2	0	0	0	0	536	
3	0	0	0	0	545	
4	0	0	0	0	556	
5	0	0	0	0	567	
6	0	0	0	0	579	
7	0	0	0	0	591	
8	0	0	0	0	606	
9	0	0	0	0	618	
10	0	0	0	0	632	
11	0	0	0	0	644	
12	0	0	0	0	657	
13	0	0	0	0	668	
14	0	0	0	0	679	
15	0	0	0	0	688	
0	0	0	0	0	699	
1	0	0	0	0	705	
2	0	0	0	0	705	
3	0	0	0	0	700	
4	0	0	0	0	691	
5	0	0	0	0	681	
6	0	0	0	0	670	
7	0	0	0	0	657	
8	0	0	0	0	644	
9	0	0	0	0	628	
10	0	0	0	0	611	
11	0	0	0	0	593	
12	0	0	0	0	575	
13	0	0	0	0	557	
14	0	0	0	0	540	
15	0	0	0	0	524	
0	0	0	0	0	511	
1	0	0	0	0	499	
2	0	0	0	0	486	
3	0	0	0	0	475	
4	0	0	0	0	468	
5	0	0	0	0	464	
6	0	0	0	0	462	
7	0	0	0	0	461	
8	0	0	0	0	458	
9	0	0	0	0	455	
10	0	0	0	0	454	
11	0	0	0	0	455	
12	0	0	0	0	456	
13	0	0	0	0	457	
14	0	0	0	0	460	
15	0	0	0	0	465	
0	0	0	0	0	465	
1	0	0	0	0	467	
2	0	0	0	0	471	
3	0	0	0	0	475	
4	0	0	0	0	479	
5	0	0	0	0	479	
6	0	0	0	0	478	
7	0	0	0	0	479	
8	0	0	0	0	481	
9	0	0	0	0	479	
10	0	0	0	0	478	
11	0	0	0	0	478	
12	0	0	0	0	476	
13	0	0	0	0	476	
14	0	0	0	0	473	
15	0	0	0	0	472	
0	0	0	0	0	473	
1	0	0	0	0	475	
2	0	0	0	0	476	
3	0	0	0	0	475	
4	0	0	0	0	473	
5	0	0	0	0	475	
6	0	0	0	0	478	
7	0	0	0	0	479	
8	0	0	0	0	478	
9	0	0	0	0	478	
10	0	0	0	0	476	
11	0	0	0	0	478	
12	0	0	0	0	479	
13	0	0	0	0	480	
14	0	0	0	0	478	
15	0	0	0	0	478	
0	0	0	0	0	478	
1	0	0	0	0	477	
2	0	0	0	0	477	
3	0	0	0	0	477	
4	0	0	0	0	479	
5	0	0	0	0	479	
6	0	0	0	0	479	
7	0	0	0	0	479	
8	0	0	0	0	481	
9	0	0	0	0	482	
10	0	0	0	0	482	
11	0	0	0	0	480	
12	0	0	0	0	479	
13	0	0	0	0	483	
14	0	0	0	0	486	
15	0	0	0	0	486	
0	0	0	0	0	489	
1	0	0	0	0	490	
2	0	0	0	0	491	
3	0	0	0	0	492	
4	0	0	0	0	489	
5	0	0	0	0	489	
6	0	0	0	0	488	
7	0	0	0	0	487	
8	0	0	0	0	488	
9	0	0	0	0	488	
10	0	0	0	0	487	
11	0	0	0	0	486	
12	0	0	0	0	488	
13	0	0	0	0	488	
14	0	0	0	0	488	
15	0	0	0	0	490	
0	0	0	0	0	491	
1	0	0	0	0	489	
2	0	0	0	0	491	
3	0	0	0	0	491	
4	0	0	0	0	489	
5	0	0	0	0	489	
6	0	0	0	0	488	
7	0	0	0	0	490	
8	0	0	0	0	494	
9	0	0	0	0	497	
10	0	0	0	0	498	
11	0	0	0	0	497	
12	0	0	0	0	496	
13	0	0	0	0	497	
14	0	0	0	0	498	
15	0	0	0	0	496	
0	0	0	0	0	496	
1	0	0	0	0	494	
2	0	0	0	0	495	
3	0	0	0	0	493	
4	0	0	0	0	492	
5	0	0	0	0	493	
6	0	0	0	0	495	
7	0	0	0	0	497	
8	0	0	0	0	499	
9	0	0	0	0	501	
10	0	0	0	0	500	
11	0	0	0	0	500	
12	0	0	0	0	498	
13	0	0	0	0	498	
14	0	0	0	0	501	
15	0	0	0	0	501	
0	0	0	0	0	502	
1	0	0	0	0	503	
2	0	0	0	0	503	
3	0	0	0	0	505	
4	0	0	0	0	505	
5	0	0	0	0	503	
6	0	0	0	0	503	
7	0	0	0	0	504	
8	0	0	0	0	504	
9	0	0	0	0	505	
10	0	0	0	0	503	
11	0	0	0	0	501	
12	0	0	0	0	502	
13	0	0	0	0	504	
14	0	0	0	0	504	
15	0	0	0	0	504	
0	0	0	0	0	503	
1	0	0	0	0	504	
2	0	0	0	0	505	
3	0	0	0	0	504	
4	0	0	0	0	504	
5	0	0	0	0	507	
6	0	0	0	0	509	
7	0	0	0	0	509	
8	0	0	0	0	508	
9	0	0	0	0	509	
10	0	0	0	0	508	
11	0	0	0	0	509	
12	0	0	0	0	508	
13	0	0	0	0	505	
14	0	0	0	0	505	
15	0	0	0	0	506	
0	0	0	0	0	507	
1	0	0	0	0	508	
2	0	0	0	0	508	
3	0	0	0	0	511	
4	0	0	0	0	510	
5	0	0	0	0	507	
6	0	0	0	0	507	
7	0	0	0	0	508	
8	0	0	0	0	510	
9	0	0	0	0	510	
10	0	0	0	0	508	
11	0	0	0	0	508	
12	0	0	0	0	508	
13	0	0	0	0	510	
14	0	0	0	0	510	
15	0	0	0	0	509	
0	0	0	0	0	511	
1	0	0	0	0	515	
2	0	0	0	0	513	
3	0	0	0	0	515	
4	0	0	0	0	519	
5	0	0	0	0	519	
6	0	0	0	0	519	
7	0	0	0	0	519	
8	0	0	0	0	519	
9	0	0	0	0	518	
10	0	0	0	0	518	
11	0	0	0	0	519	
12	0	0	0	0	519	
13	0	0	0	0	521	
14	0	0	0	0	520	
15	0	0	0	0	519	
0	0	0	0	0	519	
1	0	0	0	0	520	
2	0	0	0	0	521	
3	0	0	0	0	520	
4	0	0	0	0	520	
5	0	0	0	0	521	
6	0	0	0	0	523	
7	0	0	0	0	523	
8	0	0	0	0	523	
9	0	0	0	0	524	
10	0	0	0	0	525	
11	0	0	0	0	525	
12	0	0	0	0	525	
13	0	0	0	0	526	
14	0	0	0	0	529	
15	0	0	0	0	530	
0	0	0	0	0	528	
1	0	0	0	0	528	
2	0	0	0	0	529	
3	0	0	0	0	530	
4	0	0	0	0	531	
5	0	0	0	0	532	
6	0	0	0	0	534	
7	0	0	0	0	535	
8	0	0	0	0	533	
9	0	0	0	0	533	
10	0	0	0	0	536	
11	0	0	0	0	537	
12	0	0	0	0	535	
13	0	0	0	0	536	
14	0	0	0	0	537	
15	0	0	0	0	537	
0	0	0	0	0	537	
1	0	0	0	0	536	
2	0	0	0	0	533	
3	0	0	0	0	537	
4	0	0	0	0	540	
5	0	0	0	0	541	
6	0	0	0	0	543	
7	0	0	0	0	542	
8	0	0	0	0	543	
9	0	0	0	0	542	
10	0	0	0	0	542	
11	0	0	0	0	543	
12	0	0	0	0	543	
13	0	0	0	0	543	
14	0	0	0	0	544	
15	0	0	0	0	544	
0	0	0	0	0	543	
1	0	0	0	0	542	
2	0	0	0	0	543	
3	0	0	0	0	544	
4	0	0	0	0	543	
5	0	0	0	0	542	
6	0	0	0	0	542	
7	0	0	0	0	541	
8	0	0	0	0	541	
9	0	0	0	0	542	
10	0	0	0	0	543	
11	0	0	0	0	545	
12	0	0	0	0	544	
13	0	0	0	0	543	
14	0	0	0	0	544	
15	0	0	0	0	544	
0	0	0	0	0	543	
1	0	0	0	0	541	
2	0	0	0	0	539	
3	0	0	0	0	537	
4	0	0	0	0	535	
5	0	0	0	0	536	
6	0	0	0	0	538	
7	0	0	0	0	534	
8	0	0	0	0	531	
9	0	0	0	0	527	
10	0	0	0	0	528	
11	0	0	0	0	527	
12	0	0	0	0	526	
13	0	0	0	0	523	
14	0	0	0	0	521	
15	0	0	0	0	521	
0	0	0	0	0	519	
1	0	0	0	0	519	
2	0	0	0	0	519	
3	0	0	0	0	515	
4	0	0	0	0	515	
5	0	0	0	0	512	
6	0	0	0	0	509	
7	0	0	0	0	508	
8	0	0	0	0	506	
9	0	0	0	0	506	
10	0	0	0	0	506	
11	0	0	0	0	505	
12	0	0	0	0	504	
13	0	0	0	0	501	
14	0	0	0	0	500	
15	0	0	0	0	499	
0	0	0	0	0	499	
1	0	0	0	0	496	
2	0	0	0	0	496	
3	0	0	0	0	496	
4	0	0	0	0	498	
5	0	0	0	0	497	
6	0	0	0	0	494	
7	0	0	0	0	491	
8	0	0	0	0	489	
9	0	0	0	0	489	
10	0	0	0	0	489	
11	0	0	0	0	490	
12	0	0	0	0	487	
13	0	0	0	0	488	
14	0	0	0	0	488	
15	0	0	0	0	487	
0	0	0	0	0	488	
1	0	0	0	0	489	
2	0	0	0	0	489	
3	0	0	0	0	488	
4	0	0	0	0	487	
5	0	0	0	0	486	
6	0	0	0	0	487	
7	0	0	0	0	487	
8	0	0	0	0	487	
9	0	0	0	0	486	
10	0	0	0	0	484	
11	0	0	0	0	484	
12	0	0	0	0	483	
13	0	0	0	0	482	
14	0	0	0	0	483	
15	0	0	0	0	484	
0	0	0	0	0	484	
1	0	0	0	0	486	
2	0	0	0	0	487	
3	0	0	0	0	487	
4	0	0	0	0	487	
5	0	0	0	0	487	
6	0	0	0	0	488	
7	0	0	0	0	487	
8	0	0	0	0	488	
9	0	0	0	0	487	
10	0	0	0	0	485	
11	0	0	0	0	486	
12	0	0	0	0	485	
13	0	0	0	0	484	
14	0	0	0	0	486	
15	0	0	0	0	487	
0	0	0	0	0	488	
1	0	0	0	0	488	
2	0	0	0	0	491	
3	0	0	0	0	492	
4	0	0	0	0	493	
5	0	0	0	0	492	
6	0	0	0	0	490	
7	0	0	0	0	491	
8	0	0	0	0	492	
9	0	0	0	0	492	
10	0	0	0	0	491	
11	0	0	0	0	491	
12	0	0	0	0	490	
13	0	0	0	0	488	
14	0	0	0	0	489	
15	0	0	0	0	492	
0	0	0	0	0	491	
1	0	0	0	0	486	
2	0	0	0	0	487	
3	0	0	0	0	492	
4	0	0	0	0	496	
5	0	0	0	0	497	
6	0	0	0	0	495	
7	0	0	0	0	495	
8	0	0	0	0	497	
9	0	0	0	0	500	
10	0	0	0	0	501	
11	0	0	0	0	503	
12	0	0	0	0	503	
13	0	0	0	0	505	
14	0	0	0	0	505	
15	0	0	0	0	505	
0	0	0	0	0	502	
1	0	0	0	0	499	
2	0	0	0	0	498	
3	0	0	0	0	499	
4	0	0	0	0	501	
5	0	0	0	0	504	
6	0	0	0	0	507	
7	0	0	0	0	505	
8	0	0	0	0	503	
9	0	0	0	0	502	
10	0	0	0	0	502	
11	0	0	0	0	504	
12	0	0	0	0	505	
13	0	0	0	0	505	
14	0	0	0	0	505	
15	0	0	0	0	505	
0	0	0	0	0	504	
1	0	0	0	0	503	
2	0	0	0	0	502	
3	0	0	0	0	502	
4	0	0	0	0	503	
5	0	0	0	0	505	
6	0	0	0	0	506	
7	0	0	0	0	506	
8	0	0	0	0	505	
9	0	0	0	0	504	
10	0	0	0	0	504	
11	0	0	0	0	505	
12	0	0	0	0	507	
13	0	0	0	0	508	
14	0	0	0	0	507	
15	0	0	0	0	504	
0	0	0	0	0	502	
1	0	0	0	0	504	
2	0	0	0	0	502	
3	0	0	0	0	501	
4	0	0	0	0	502	
5	0	0	0	0	504	
6	0	0	0	0	504	
7	0	0	0	0	505	
8	0	0	0	0	507	
9	0	0	0	0	507	
10	0	0	0	0	505	
11	0	0	0	0	506	
12	0	0	0	0	508	
13	0	0	0	0	506	
14	0	0	0	0	505	
15	0	0	0	0	504	
0	0	0	0	0	505	
1	0	0	0	0	505	
2	0	0	0	0	506	
3	0	0	0	0	508	
4	0	0	0	0	507	
5	0	0	0	0	507	
6	0	0	0	0	508	
7	0	0	0	0	508	
8	0	0	0	0	510	
9	0	0	0	0	512	
10	0	0	0	0	512	
11	0	0	0	0	510	
12	0	0	0	0	508	
13	0	0	0	0	509	
14	0	0	0	0	510	
15	0	0	0	0	510	
0	0	0	0	0	509	
1	0	0	0	0	509	
2	0	0	0	0	510	
3	0	0	0	0	510	
4	0	0	0	0	512	
5	0	0	0	0	511	
6	0	0	0	0	511	
7	0	0	0	0	511	
8	0	0	0	0	509	
9	0	0	0	0	508	
10	0	0	0	0	508	
11	0	0	0	0	508	
12	0	0	0	0	510	
13	0	0	0	0	512	
14	0	0	0	0	511	
15	0	0	0	0	510	
0	0	0	0	0	512	
1	0	0	0	0	513	
2	0	0	0	0	513	
3	0	0	0	0	513	
4	0	0	0	0	513	
5	0	0	0	0	514	
6	0	0	0	0	515	
7	0	0	0	0	515	
8	0	0	0	0	516	
9	0	0	0	0	517	
10	0	0	0	0	514	
11	0	0	0	0	510	
12	0	0	0	0	509	
13	0	0	0	0	511	
14	0	0	0	0	513	
15	0	0	0	0	514	
0	0	0	0	0	512	
1	0	0	0	0	514	
2	0	0	0	0	514	
3	0	0	0	0	513	
4	0	0	0	0	512	
5	0	0	0	0	514	
6	0	0	0	0	516	
7	0	0	0	0	517	
8	0	0	0	0	517	
9	0	0	0	0	515	
10	0	0	0	0	513	
11	0	0	0	0	512	
12	0	0	0	0	510	
13	0	0	0	0	511	
14	0	0	0	0	513	
15	0	0	0	0	513	
0	0	0	0	0	514	
1	0	0	0	0	513	
2	0	0	0	0	514	
3	0	0	0	0	517	
4	0	0	0	0	518	
5	0	0	0	0	519	
6	0	0	0	0	521	
7	0	0	0	0	520	
8	0	0	0	0	521	
9	0	0	0	0	519	
10	0	0	0	0	519	
11	0	0	0	0	517	
12	0	0	0	0	515	
13	0	0	0	0	516	
14	0	0	0	0	519	
15	0	0	0	0	520	
0	0	0	0	0	519	
1	0	0	0	0	518	
2	0	0	0	0	519	
3	0	0	0	0	518	
4	0	0	0	0	516	
5	0	0	0	0	515	
6	0	0	0	0	517	
7	0	0	0	0	518	
8	0	0	0	0	518	
9	0	0	0	0	518	
10	0	0	0	0	518	
11	0	0	0	0	517	
12	0	0	0	0	517	
13	0	0	0	0	517	
14	0	0	0	0	518	
15	0	0	0	0	519	
0	0	0	0	0	520	
1	0	0	0	0	521	
2	0	0	0	0	520	
3	0	0	0	0	520	
4	0	0	0	0	521	
5	0	0	0	0	521	
6	0	0	0	0	521	
7	0	0	0	0	519	
8	0	0	0	0	518	
9	0	0	0	0	519	
10	0	0	0	0	521	
11	0	0	0	0	522	
12	0	0	0	0	523	
13	0	0	0	0	521	
14	0	0	0	0	520	
15	0	0	0	0	520	
0	0	0	0	0	519	
1	0	0	0	0	519	
2	0	0	0	0	519	
3	0	0	0	0	519	
4	0	0	0	0	520	
5	0	0	0	0	520	
6	0	0	0	0	521	
7	0	0	0	0	522	
8	0	0	0	0	523	
9	0	0	0	0	524	
10	0	0	0	0	523	
11	0	0	0	0	524	
12	0	0	0	0	523	
13	0	0	0	0	521	
14	0	0	0	0	523	
15	0	0	0	0	524	
0	0	0	0	0	524	
1	0	0	0	0	524	
2	0	0	0	0	524	
3	0	0	0	0	524	
4	0	0	0	0	522	
5	0	0	0	0	521	
6	0	0	0	0	518	
7	0	0	0	0	519	
8	0	0	0	0	519	
9	0	0	0	0	520	
10	0	0	0	0	521	
11	0	0	0	0	521	
12	0	0	0	0	523	
13	0	0	0	0	522	
14	0	0	0	0	521	
15	0	0	0	0	520	
0	0	0	0	0	521	
1	0	0	0	0	523	
2	0	0	0	0	521	
3	0	0	0	0	519	
4	0	0	0	0	520	
5	0	0	0	0	521	
6	0	0	0	0	524	
7	0	0	0	0	524	
8	0	0	0	0	523	
9	0	0	0	0	523	
10	0	0	0	0	523	
11	0	0	0	0	523	
12	0	0	0	0	523	
13	0	0	0	0	523	
14	0	0	0	0	521	
15	0	0	0	0	518	
0	0	0	0	0	516	
1	0	0	0	0	518	
2	0	0	0	0	518	
3	0	0	0	0	518	
4	0	0	0	0	518	
5	0	0	0	0	521	
6	0	0	0	0	521	
7	0	0	0	0	522	
8	0	0	0	0	522	
9	0	0	0	0	521	
10	0	0	0	0	521	
11	0	0	0	0	521	
12	0	0	0	0	520	
13	0	0	0	0	520	
14	0	0	0	0	522	
15	0	0	0	0	524	
0	0	0	0	0	525	
1	0	0	0	0	525	
2	0	0	0	0	524	
3	0	0	0	0	521	
4	0	0	0	0	523	
5	0	0	0	0	525	
6	0	0	0	0	526	
7	0	0	0	0	525	
8	0	0	0	0	525	
9	0	0	0	0	523	
10	0	0	0	0	521	
11	0	0	0	0	521	
12	0	0	0	0	523	
13	0	0	0	0	524	
14	0	0	0	0	524	
15	0	0	0	0	522	
0	0	0	0	0	521	
1	0	0	0	0	522	
2	0	0	0	0	522	
3	0	0	0	0	522	
4	0	0	0	0	522	
5	0	0	0	0	523	
6	0	0	0	0	524	
7	0	0	0	0	525	
8	0	0	0	0	524	
9	0	0	0	0	521	
10	0	0	0	0	519	
11	0	0	0	0	518	
12	0	0	0	0	518	
13	0	0	0	0	519	
14	0	0	0	0	521	
15	0	0	0	0	522	
0	0	0	0	0	521	
1	0	0	0	0	524	
2	0	0	0	0	526	
3	0	0	0	0	526	
4	0	0	0	0	524	
5	0	0	0	0	524	
6	0	0	0	0	523	
7	0	0	0	0	523	
8	0	0	0	0	522	
9	0	0	0	0	522	
10	0	0	0	0	523	
11	0	0	0	0	522	
12	0	0	0	0	521	
13	0	0	0	0	519	
14	0	0	0	0	520	
15	0	0	0	0	522	
0	0	0	0	0	522	
1	0	0	0	0	523	
2	0	0	0	0	520	
3	0	0	0	0	519	
4	0	0	0	0	519	
5	0	0	0	0	524	
6	0	0	0	0	526	
7	0	0	0	0	524	
8	0	0	0	0	519	
9	0	0	0	0	519	
10	0	0	0	0	520	
11	0	0	0	0	520	
12	0	0	0	0	520	
13	0	0	0	0	521	
14	0	0	0	0	523	
15	0	0	0	0	523	
0	0	0	0	0	523	
1	0	0	0	0	522	
2	0	0	0	0	522	
3	0	0	0	0	523	
4	0	0	0	0	522	
5	0	0	0	0	519	
6	0	0	0	0	520	
7	0	0	0	0	522	
8	0	0	0	0	521	
9	0	0	0	0	522	
10	0	0	0	0	521	
11	0	0	0	0	522	
12	0	0	0	0	526	
13	0	0	0	0	526	
14	0	0	0	0	525	
15	0	0	0	0	522	
0	0	0	0	0	519	
1	0	0	0	0	518	
2	0	0	0	0	519	
3	0	0	0	0	520	
4	0	0	0	0	521	
5	0	0	0	0	523	
6	0	0	0	0	521	
7	0	0	0	0	523	
8	0	0	0	0	522	
9	0	0	0	0	521	
10	0	0	0	0	520	
11	0	0	0	0	521	
12	0	0	0	0	520	
13	0	0	0	0	518	
14	0	0	0	0	518	
15	0	0	0	0	516	
0	0	0	0	0	518	
1	0	0	0	0	518	
2	0	0	0	0	518	
3	0	0	0	0	519	
4	0	0	0	0	521	
5	0	0	0	0	524	
6	0	0	0	0	524	
7	0	0	0	0	524	
8	0	0	0	0	525	
9	0	0	0	0	524	
10	0	0	0	0	523	
11	0	0	0	0	523	
12	0	0	0	0	522	
13	0	0	0	0	523	
14	0	0	0	0	523	
15	0	0	0	0	522	
0	0	0	0	0	520	
1	0	0	0	0	519	
2	0	0	0	0	521	
3	0	0	0	0	522	
4	0	0	0	0	521	
5	0	0	0	0	522	
6	0	0	0	0	523	
7	0	0	0	0	524	
8	0	0	0	0	523	
9	0	0	0	0	522	
10	0	0	0	0	520	
11	0	0	0	0	521	
12	0	0	0	0	524	
13	0	0	0	0	522	
14	0	0	0	0	521	
15	0	0	0	0	523	
0	0	0	0	0	522	
1	0	0	0	0	519	
2	0	0	0	0	517	
3	0	0	0	0	516	
4	0	0	0	0	518	
5	0	0	0	0	519	
6	0	0	0	0	519	
7	0	0	0	0	516	
8	0	0	0	0	515	
9	0	0	0	0	518	
10	0	0	0	0	520	
11	0	0	0	0	524	
12	0	0	0	0	524	
13	0	0	0	0	523	
14	0	0	0	0	521	
15	0	0	0	0	521	
0	0	0	0	0	523	
1	0	0	0	0	525	
2	0	0	0	0	526	
3	0	0	0	0	527	
4	0	0	0	0	526	
5	0	0	0	0	525	
6	0	0	0	0	524	
7	0	0	0	0	525	
8	0	0	0	0	525	
9	0	0	0	0	524	
10	0	0	0	0	522	
11	0	0	0	0	524	
12	0	0	0	0	524	
13	0	0	0	0	524	
14	0	0	0	0	522	
15	0	0	0	0	521	
0	0	0	0	0	521	
1	0	0	0	0	522	
2	0	0	0	0	520	
3	0	0	0	0	519	
4	0	0	0	0	519	
5	0	0	0	0	519	
6	0	0	0	0	519	
7	0	0	0	0	518	
8	0	0	0	0	517	
9	0	0	0	0	518	
10	0	0	0	0	516	
11	0	0	0	0	516	
12	0	0	0	0	519	
13	0	0	0	0	520	
14	0	0	0	0	520	
15	0	0	0	0	522	
0	0	0	0	0	524	
1	0	0	0	0	523	
2	0	0	0	0	520	
3	0	0	0	0	518	
4	0	0	0	0	516	
5	0	0	0	0	516	
6	0	0	0	0	515	
7	0	0	0	0	516	
8	0	0	0	0	516	
9	0	0	0	0	516	
10	0	0	0	0	517	
11	0	0	0	0	518	
12	0	0	0	0	517	
13	0	0	0	0	515	
14	0	0	0	0	515	
15	0	0	0	0	514	
0	0	0	0	0	514	
1	0	0	0	0	516	
2	0	0	0	0	519	
3	0	0	0	0	519	
4	0	0	0	0	520	
5	0	0	0	0	520	
6	0	0	0	0	520	
7	0	0	0	0	519	
8	0	0	0	0	519	
9	0	0	0	0	517	
10	0	0	0	0	516	
11	0	0	0	0	517	
12	0	0	0	0	518	
13	0	0	0	0	518	
14	0	0	0	0	521	
15	0	0	0	0	524	
0	0	0	0	0	524	
1	0	0	0	0	521	
2	0	0	0	0	519	
3	0	0	0	0	521	
4	0	0	0	0	522	
5	0	0	0	0	521	
6	0	0	0	0	520	
7	0	0	0	0	520	
8	0	0	0	0	519	
9	0	0	0	0	521	
10	0	0	0	0	523	
11	0	0	0	0	524	
12	0	0	0	0	524	
13	0	0	0	0	521	
14	0	0	0	0	521	
15	0	0	0	0	521	
0	0	0	0	0	523	
1	0	0	0	0	522	
2	0	0	0	0	520	
3	0	0	0	0	518	
4	0	0	0	0	517	
5	0	0	0	0	519	
6	0	0	0	0	521	
7	0	0	0	0	526	
8	0	0	0	0	527	
9	0	0	0	0	527	
10	0	0	0	0	526	
11	0	0	0	0	526	
12	0	0	0	0	524	
13	0	0	0	0	523	
14	0	0	0	0	523	
15	0	0	0	0	523	
0	0	0	0	0	522	
1	0	0	0	0	518	
2	0	0	0	0	519	
3	0	0	0	0	520	
4	0	0	0	0	523	
5	0	0	0	0	523	
6	0	0	0	0	522	
7	0	0	0	0	523	
8	0	0	0	0	522	
9	0	0	0	0	524	
10	0	0	0	0	525	
11	0	0	0	0	524	
12	0	0	0	0	522	
13	0	0	0	0	521	
14	0	0	0	0	519	
15	0	0	0	0	518	
0	0	0	0	0	518	
1	0	0	0	0	519	
2	0	0	0	0	523	
3	0	0	0	0	524	
4	0	0	0	0	526	
5	0	0	0	0	527	
6	0	0	0	0	528	
7	0	0	0	0	527	
8	0	0	0	0	527	
9	0	0	0	0	524	
10	0	0	0	0	521	
11	0	0	0	0	523	
12	0	0	0	0	525	
13	0	0	0	0	524	
14	0	0	0	0	526	
15	0	0	0	0	526	
0	0	0	0	0	526	
1	0	0	0	0	526	
2	0	0	0	0	526	
3	0	0	0	0	526	
4	0	0	0	0	523	
5	0	0	0	0	522	
6	0	0	0	0	524	
7	0	0	0	0	527	
8	0	0	0	0	527	
9	0	0	0	0	528	
10	0	0	0	0	528	
11	0	0	0	0	527	
12	0	0	0	0	527	
13	0	0	0	0	530	
14	0	0	0	0	532	
15	0	0	0	0	532	
0	0	0	0	0	532	
1	0	0	0	0	533	
2	0	0	0	0	532	
3	0	0	0	0	532	
4	0	0	0	0	531	
5	0	0	0	0	535	
6	0	0	0	0	536	
7	0	0	0	0	535	
8	0	0	0	0	534	
9	0	0	0	0	536	
10	0	0	0	0	536	
11	0	0	0	0	535	
12	0	0	0	0	528	
13	0	0	0	0	527	
14	0	0	0	0	526	
15	0	0	0	0	526	
0	0	0	0	0	527	
1	0	0	0	0	528	
2	0	0	0	0	528	
3	0	0	0	0	527	
4	0	0	0	0	526	
5	0	0	0	0	526	
6	0	0	0	0	527	
7	0	0	0	0	525	
8	0	0	0	0	523	
9	0	0	0	0	522	
10	0	0	0	0	523	
11	0	0	0	0	520	
12	0	0	0	0	520	
13	0	0	0	0	523	
14	0	0	0	0	522	
15	0	0	0	0	521	
0	0	0	0	0	521	
1	0	0	0	0	522	
2	0	0	0	0	523	
3	0	0	0	0	522	
4	0	0	0	0	523	
5	0	0	0	0	522	
6	0	0	0	0	523	
7	0	0	0	0	522	
8	0	0	0	0	521	
9	0	0	0	0	519	
10	0	0	0	0	517	
11	0	0	0	0	516	
12	0	0	0	0	516	
13	0	0	0	0	515	
14	0	0	0	0	514	
15	0	0	0	0	513	
0	0	0	0	0	511	
1	0	0	0	0	511	
2	0	0	0	0	513	
3	0	0	0	0	512	
4	0	0	0	0	513	
5	0	0	0	0	513	
6	0	0	0	0	514	
7	0	0	0	0	514	
8	0	0	0	0	514	
9	0	0	0	0	515	
10	0	0	0	0	515	
11	0	0	0	0	515	
12	0	0	0	0	516	
13	0	0	0	0	516	
14	0	0	0	0	515	
15	0	0	0	0	514	
0	0	0	0	0	513	
1	0	0	0	0	514	
2	0	0	0	0	514	
3	0	0	0	0	516	
4	0	0	0	0	517	
5	0	0	0	0	517	
6	0	0	0	0	516	
7	0	0	0	0	514	
8	0	0	0	0	513	
9	0	0	0	0	513	
10	0	0	0	0	513	
11	0	0	0	0	510	
12	0	0	0	0	510	
13	0	0	0	0	512	
14	0	0	0	0	512	
15	0	0	0	0	510	
0	0	0	0	0	511	
1	0	0	0	0	512	
2	0	0	0	0	511	
3	0	0	0	0	511	
4	0	0	0	0	511	
5	0	0	0	0	511	
6	0	0	0	0	510	
7	0	0	0	0	509	
8	0	0	0	0	510	
9	0	0	0	0	510	
10	0	0	0	0	512	
11	0	0	0	0	512	
12	0	0	0	0	511	
13	0	0	0	0	509	
14	0	0	0	0	508	
15	0	0	0	0	507	
0	0	0	0	0	506	
1	0	0	0	0	504	
2	0	0	0	0	501	
3	0	0	0	0	499	
4	0	0	0	0	497	
5	0	0	0	0	493	
6	0	0	0	0	490	
7	0	0	0	0	489	
8	0	0	0	0	486	
9	0	0	0	0	484	
10	0	0	0	0	484	
11	0	0	0	0	484	
12	0	0	0	0	485	
13	0	0	0	0	487	
14	0	0	0	0	487	
15	0	0	0	0	492	
0	0	0	0	0	495	
1	0	0	0	0	498	
2	0	0	0	0	503	
3	0	0	0	0	511	
4	0	0	0	0	518	
5	0	0	0	0	524	
6	0	0	0	0	532	
7	0	0	0	0	540	
8	0	0	0	0	547	
9	0	0	0	0	557	
10	0	0	0	0	568	
11	0	0	0	0	579	
12	0	0	0	0	590	
13	0	0	0	0	600	
14	0	0	0	0	615	
15	0	0	0	0	627	
0	0	0	0	0	637	
1	0	0	0	0	648	
2	0	0	0	0	661	
3	0	0	0	0	674	
4	0	0	0	0	688	
5	0	0	0	0	700	
6	0	0	0	0	710	
7	0	0	0	0	713	
8	0	0	0	0	710	
9	0	0	0	0	706	
10	0	0	0	0	699	
11	0	0	0	0	689	
12	0	0	0	0	674	
13	0	0	0	0	660	
14	0	0	0	0	647	
15	0	0	0	0	634	
0	0	0	0	0	620	
1	0	0	0	0	603	
2	0	0	0	0	583	
3	0	0	0	0	563	
4	0	0	0	0	547	
5	0	0	0	0	535	
6	0	0	0	0	524	
7	0	0	0	0	512	
8	0	0	0	0	502	
9	0	0	0	0	492	
10	0	0	0	0	484	
11	0	0	0	0	479	
12	0	0	0	0	476	
13	0	0	0	0	477	
14	0	0	0	0	474	
15	0	0	0	0	472	
0	0	0	0	0	471	
1	0	0	0	0	472	
2	0	0	0	0	473	
3	0	0	0	0	474	
4	0	0	0	0	476	
5	0	0	0	0	477	
6	0	0	0	0	476	
7	0	0	0	0	478	
8	0	0	0	0	481	
9	0	0	0	0	487	
10	0	0	0	0	490	
11	0	0	0	0	494	
12	0	0	0	0	495	
13	0	0	0	0	495	
14	0	0	0	0	492	
15	0	0	0	0	490	
0	0	0	0	0	489	
1	0	0	0	0	491	
2	0	0	0	0	491	
3	0	0	0	0	491	
4	0	0	0	0	491	
5	0	0	0	0	489	
6	0	0	0	0	487	
7	0	0	0	0	485	
8	0	0	0	0	485	
9	0	0	0	0	487	
10	0	0	0	0	489	
11	0	0	0	0	491	
12	0	0	0	0	489	
13	0	0	0	0	488	
14	0	0	0	0	489	
15	0	0	0	0	489	
0	0	0	0	0	489	
1	0	0	0	0	491	
2	0	0	0	0	492	
3	0	0	0	0	491	
4	0	0	0	0	489	
5	0	0	0	0	490	
6	0	0	0	0	489	
7	0	0	0	0	489	
8	0	0	0	0	490	
9	0	0	0	0	491	
10	0	0	0	0	492	
11	0	0	0	0	493	
12	0	0	0	0	492	
13	0	0	0	0	491	
14	0	0	0	0	491	
15	0	0	0	0	493	
0	0	0	0	0	495	
1	0	0	0	0	496	
2	0	0	0	0	496	
3	0	0	0	0	497	
4	0	0	0	0	497	
5	0	0	0	0	495	
6	0	0	0	0	493	
7	0	0	0	0	492	
8	0	0	0	0	494	
9	0	0	0	0	496	
10	0	0	0	0	497	
11	0	0	0	0	496	
12	0	0	0	0	497	
13	0	0	0	0	496	
14	0	0	0	0	496	
15	0	0	0	0	496	
0	0	0	0	0	495	
1	0	0	0	0	494	
2	0	0	0	0	494	
3	0	0	0	0	495	
4	0	0	0	0	498	
5	0	0	0	0	499	
6	0	0	0	0	496	
7	0	0	0	0	497	
8	0	0	0	0	500	
9	0	0	0	0	500	
10	0	0	0	0	502	
11	0	0	0	0	504	
12	0	0	0	0	503	
13	0	0	0	0	502	
14	0	0	0	0	503	
15	0	0	0	0	502	
0	0	0	0	0	501	
1	0	0	0	0	502	
2	0	0	0	0	502	
3	0	0	0	0	503	
4	0	0	0	0	504	
5	0	0	0	0	504	
6	0	0	0	0	503	
7	0	0	0	0	502	
8	0	0	0	0	503	
9	0	0	0	0	505	
10	0	0	0	0	505	
11	0	0	0	0	505	
12	0	0	0	0	506	
13	0	0	0	0	506	
14	0	0	0	0	508	
15	0	0	0	0	507	
0	0	0	0	0	505	
1	0	0	0	0	505	
2	0	0	0	0	505	
3	0	0	0	0	506	
4	0	0	0	0	504	
5	0	0	0	0	504	
6	0	0	0	0	504	
7	0	0	0	0	503	
8	0	0	0	0	504	
9	0	0	0	0	505	
10	0	0	0	0	507	
11	0	0	0	0	507	
12	0	0	0	0	506	
13	0	0	0	0	506	
14	0	0	0	0	508	
15	0	0	0	0	509	
0	0	0	0	0	509	
1	0	0	0	0	509	
2	0	0	0	0	509	
3	0	0	0	0	509	
4	0	0	0	0	510	
5	0	0	0	0	509	
6	0	0	0	0	509	
7	0	0	0	0	511	
8	0	0	0	0	512	
9	0	0	0	0	513	
10	0	0	0	0	511	
11	0	0	0	0	510	
12	0	0	0	0	510	
13	0	0	0	0	511	
14	0	0	0	0	513	
15	0	0	0	0	516	
0	0	0	0	0	514	
1	0	0	0	0	512	
2	0	0	0	0	513	
3	0	0	0	0	514	
4	0	0	0	0	513	
5	0	0	0	0	513	
6	0	0	0	0	513	
7	0	0	0	0	512	
8	0	0	0	0	513	
9	0	0	0	0	515	
10	0	0	0	0	515	
11	0	0	0	0	514	
12	0	0	0	0	515	
13	0	0	0	0	517	
14	0	0	0	0	517	
15	0	0	0	0	516	
0	0	0	0	0	516	
1	0	0	0	0	515	
2	0	0	0	0	517	
3	0	0	0	0	517	
4	0	0	0	0	516	
5	0	0	0	0	518	
6	0	0	0	0	519	
7	0	0	0	0	519	
8	0	0	0	0	520	
9	0	0	0	0	521	
10	0	0	0	0	521	
11	0	0	0	0	521	
12	0	0	0	0	519	
13	0	0	0	0	520	
14	0	0	0	0	523	
15	0	0	0	0	523	
0	0	0	0	0	523	
1	0	0	0	0	522	
2	0	0	0	0	522	
3	0	0	0	0	523	
4	0	0	0	0	525	
5	0	0	0	0	525	
6	0	0	0	0	525	
7	0	0	0	0	524	
8	0	0	0	0	526	
9	0	0	0	0	526	
10	0	0	0	0	527	
11	0	0	0	0	526	
12	0	0	0	0	529	
13	0	0	0	0	530	
14	0	0	0	0	528	
15	0	0	0	0	529	
0	0	0	0	0	529	
1	0	0	0	0	530	
2	0	0	0	0	532	
3	0	0	0	0	532	
4	0	0	0	0	531	
5	0	0	0	0	529	
6	0	0	0	0	530	
7	0	0	0	0	531	
8	0	0	0	0	531	
9	0	0	0	0	531	
10	0	0	0	0	531	
11	0	0	0	0	531	
12	0	0	0	0	533	
13	0	0	0	0	535	
14	0	0	0	0	535	
15	0	0	0	0	537	
0	0	0	0	0	539	
1	0	0	0	0	540	
2	0	0	0	0	536	
3	0	0	0	0	533	
4	0	0	0	0	536	
5	0	0	0	0	538	
6	0	0	0	0	539	
7	0	0	0	0	540	
8	0	0	0	0	541	
9	0	0	0	0	540	
10	0	0	0	0	539	
11	0	0	0	0	540	
12	0	0	0	0	544	
13	0	0	0	0	545	
14	0	0	0	0	547	
15	0	0	0	0	544	
0	0	0	0	0	545	
1	0	0	0	0	547	
2	0	0	0	0	546	
3	0	0	0	0	547	
4	0	0	0	0	548	
5	0	0	0	0	551	
6	0	0	0	0	550	
7	0	0	0	0	551	
8	0	0	0	0	549	
9	0	0	0	0	547	
10	0	0	0	0	546	
11	0	0	0	0	547	
12	0	0	0	0	547	
13	0	0	0	0	547	
14	0	0	0	0	547	
15	0	0	0	0	547	
0	0	0	0	0	547	
1	0	0	0	0	545	
2	0	0	0	0	543	
3	0	0	0	0	542	
4	0	0	0	0	545	
5	0	0	0	0	550	
6	0	0	0	0	549	
7	0	0	0	0	546	
8	0	0	0	0	544	
9	0	0	0	0	543	
10	0	0	0	0	540	
11	0	0	0	0	537	
12	0	0	0	0	538	
13	0	0	0	0	541	
14	0	0	0	0	537	
15	0	0	0	0	536	
0	0	0	0	0	533	
1	0	0	0	0	531	
2	0	0	0	0	530	
3	0	0	0	0	526	
4	0	0	0	0	525	
5	0	0	0	0	524	
6	0	0	0	0	523	
7	0	0	0	0	522	
8	0	0	0	0	521	
9	0	0	0	0	521	
10	0	0	0	0	521	
11	0	0	0	0	518	
12	0	0	0	0	515	
13	0	0	0	0	513	
14	0	0	0	0	512	
15	0	0	0	0	510	
0	0	0	0	0	507	
1	0	0	0	0	506	
2	0	0	0	0	504	
3	0	0	0	0	500	
4	0	0	0	0	497	
5	0	0	0	0	497	
6	0	0	0	0	499	
7	0	0	0	0	499	
8	0	0	0	0	499	
9	0	0	0	0	497	
10	0	0	0	0	494	
11	0	0	0	0	494	
12	0	0	0	0	493	
13	0	0	0	0	493	
14	0	0	0	0	493	
15	0	0	0	0	493	
0	0	0	0	0	492	
1	0	0	0	0	492	
2	0	0	0	0	491	
3	0	0	0	0	489	
4	0	0	0	0	488	
5	0	0	0	0	486	
6	0	0	0	0	486	
7	0	0	0	0	484	
8	0	0	0	0	483	
9	0	0	0	0	483	
10	0	0	0	0	483	
11	0	0	0	0	487	
12	0	0	0	0	489	
13	0	0	0	0	487	
14	0	0	0	0	483	
15	0	0	0	0	480	
0	0	0	0	0	481	
1	0	0	0	0	483	
2	0	0	0	0	486	
3	0	0	0	0	487	
4	0	0	0	0	486	
5	0	0	0	0	484	
6	0	0	0	0	482	
7	0	0	0	0	483	
8	0	0	0	0	486	
9	0	0	0	0	486	
10	0	0	0	0	487	
11	0	0	0	0	489	
12	0	0	0	0	490	
13	0	0	0	0	490	
14	0	0	0	0	489	
15	0	0	0	0	486	
0	0	0	0	0	482	
1	0	0	0	0	481	
2	0	0	0	0	485	
3	0	0	0	0	489	
4	0	0	0	0	490	
5	0	0	0	0	491	
6	0	0	0	0	492	
7	0	0	0	0	492	
8	0	0	0	0	491	
9	0	0	0	0	492	
10	0	0	0	0	492	
11	0	0	0	0	491	
12	0	0	0	0	492	
13	0	0	0	0	493	
14	0	0	0	0	492	
15	0	0	0	0	490	
0	0	0	0	0	492	
1	0	0	0	0	494	
2	0	0	0	0	495	
3	0	0	0	0	492	
4	0	0	0	0	494	
5	0	0	0	0	494	
6	0	0	0	0	495	
7	0	0	0	0	496	
8	0	0	0	0	494	
9	0	0	0	0	494	
10	0	0	0	0	496	
11	0	0	0	0	499	
12	0	0	0	0	500	
13	0	0	0	0	502	
14	0	0	0	0	502	
15	0	0	0	0	503	
0	0	0	0	0	505	
1	0	0	0	0	505	
2	0	0	0	0	507	
3	0	0	0	0	508	
4	0	0	0	0	507	
5	0	0	0	0	508	
6	0	0	0	0	508	
7	0	0	0	0	507	
8	0	0	0	0	507	
9	0	0	0	0	507	
10	0	0	0	0	507	
11	0	0	0	0	508	
12	0	0	0	0	509	
13	0	0	0	0	508	
14	0	0	0	0	508	
15	0	0	0	0	505	
0	0	0	0	0	503	
1	0	0	0	0	503	
2	0	0	0	0	503	
3	0	0	0	0	503	
4	0	0	0	0	504	
5	0	0	0	0	508	
6	0	0	0	0	511	
7	0	0	0	0	511	
8	0	0	0	0	508	
9	0	0	0	0	505	
10	0	0	0	0	505	
11	0	0	0	0	505	
12	0	0	0	0	508	
13	0	0	0	0	510	
14	0	0	0	0	511	
15	0	0	0	0	512	
0	0	0	0	0	511	
1	0	0	0	0	511	
2	0	0	0	0	513	
3	0	0	0	0	514	
4	0	0	0	0	514	
5	0	0	0	0	512	
6	0	0	0	0	510	
7	0	0	0	0	510	
8	0	0	0	0	514	
9	0	0	0	0	519	
10	0	0	0	0	519	
11	0	0	0	0	517	
12	0	0	0	0	517	
13	0	0	0	0	517	
14	0	0	0	0	513	
15	0	0	0	0	509	
0	0	0	0	0	507	
1	0	0	0	0	507	
2	0	0	0	0	511	
3	0	0	0	0	516	
4	0	0	0	0	520	
5	0	0	0	0	521	
6	0	0	0	0	520	
7	0	0	0	0	519	
8	0	0	0	0	518	
9	0	0	0	0	519	
10	0	0	0	0	521	
11	0	0	0	0	519	
12	0	0	0	0	519	
13	0	0	0	0	519	
14	0	0	0	0	518	
15	0	0	0	0	518	
0	0	0	0	0	517	
1	0	0	0	0	515	
2	0	0	0	0	514	
3	0	0	0	0	515	
4	0	0	0	0	516	
5	0	0	0	0	519	
6	0	0	0	0	521	
7	0	0	0	0	520	
8	0	0	0	0	520	
9	0	0	0	0	519	
10	0	0	0	0	520	
11	0	0	0	0	523	
12	0	0	0	0	524	
13	0	0	0	0	524	
14	0	0	0	0	524	
15	0	0	0	0	523	
0	0	0	0	0	524	
1	0	0	0	0	524	
2	0	0	0	0	525	
3	0	0	0	0	524	
4	0	0	0	0	524	
5	0	0	0	0	524	
6	0	0	0	0	524	
7	0	0	0	0	523	
8	0	0	0	0	523	
9	0	0	0	0	521	
10	0	0	0	0	520	
11	0	0	0	0	521	
12	0	0	0	0	519	
13	0	0	0	0	519	
14	0	0	0	0	520	
15	0	0	0	0	519	
0	0	0	0	0	517	
1	0	0	0	0	519	
2	0	0	0	0	522	
3	0	0	0	0	522	
4	0	0	0	0	520	
5	0	0	0	0	520	
6	0	0	0	0	522	
7	0	0	0	0	524	
8	0	0	0	0	524	
9	0	0	0	0	523	
10	0	0	0	0	524	
11	0	0	0	0	525	
12	0	0	0	0	526	
13	0	0	0	0	524	
14	0	0	0	0	523	
15	0	0	0	0	523	
0	0	0	0	0	522	
1	0	0	0	0	523	
2	0	0	0	0	521	
3	0	0	0	0	520	
4	0	0	0	0	521	
5	0	0	0	0	524	
6	0	0	0	0	523	
7	0	0	0	0	521	
8	0	0	0	0	524	
9	0	0	0	0	527	
10	0	0	0	0	527	
11	0	0	0	0	524	
12	0	0	0	0	523	
13	0	0	0	0	526	
14	0	0	0	0	525	
15	0	0	0	0	523	
0	0	0	0	0	522	
1	0	0	0	0	524	
2	0	0	0	0	526	
3	0	0	0	0	527	
4	0	0	0	0	527	
5	0	0	0	0	529	
6	0	0	0	0	531	
7	0	0	0	0	529	
8	0	0	0	0	528	
9	0	0	0	0	528	
10	0	0	0	0	527	
11	0	0	0	0	526	
12	0	0	0	0	526	
13	0	0	0	0	525	
14	0	0	0	0	524	
15	0	0	0	0	524	
0	0	0	0	0	525	
1	0	0	0	0	525	
2	0	0	0	0	525	
3	0	0	0	0	524	
4	0	0	0	0	524	
5	0	0	0	0	524	
6	0	0	0	0	524	
7	0	0	0	0	522	
8	0	0	0	0	522	
9	0	0	0	0	522	
10	0	0	0	0	525	
11	0	0	0	0	529	
12	0	0	0	0	527	
13	0	0	0	0	526	
14	0	0	0	0	526	
15	0	0	0	0	524	
0	0	0	0	0	522	
1	0	0	0	0	523	
2	0	0	0	0	522	
3	0	0	0	0	522	
4	0	0	0	0	521	
5	0	0	0	0	524	
6	0	0	0	0	524	
7	0	0	0	0	521	
8	0	0	0	0	521	
9	0	0	0	0	523	
10	0	0	0	0	525	
11	0	0	0	0	524	
12	0	0	0	0	523	
13	0	0	0	0	523	
14	0	0	0	0	524	
15	0	0	0	0	522	
0	0	0	0	0	519	
1	0	0	0	0	517	
2	0	0	0	0	517	
3	0	0	0	0	519	
4	0	0	0	0	520	
5	0	0	0	0	520	
6	0	0	0	0	520	
7	0	0	0	0	523	
8	0	0	0	0	524	
9	0	0	0	0	521	
10	0	0	0	0	520	
11	0	0	0	0	518	
12	0	0	0	0	519	
13	0	0	0	0	519	
14	0	0	0	0	520	
15	0	0	0	0	521	
0	0	0	0	0	519	
1	0	0	0	0	519	
2	0	0	0	0	517	
3	0	0	0	0	517	
4	0	0	0	0	517	
5	0	0	0	0	518	
6	0	0	0	0	520	
7	0	0	0	0	518	
8	0	0	0	0	516	
9	0	0	0	0	513	
10	0	0	0	0	513	
11	0	0	0	0	517	
12	0	0	0	0	519	
13	0	0	0	0	519	
14	0	0	0	0	519	
15	0	0	0	0	519	
0	0	0	0	0	517	
1	0	0	0	0	517	
2	0	0	0	0	519	
3	0	0	0	0	519	
4	0	0	0	0	518	
5	0	0	0	0	519	
6	0	0	0	0	519	
7	0	0	0	0	521	
8	0	0	0	0	519	
9	0	0	0	0	515	
10	0	0	0	0	513	
11	0	0	0	0	515	
12	0	0	0	0	518	
13	0	0	0	0	519	
14	0	0	0	0	519	
15	0	0	0	0	518	
0	0	0	0	0	518	
1	0	0	0	0	517	
2	0	0	0	0	515	
3	0	0	0	0	513	
4	0	0	0	0	512	
5	0	0	0	0	512	
6	0	0	0	0	513	
7	0	0	0	0	513	
8	0	0	0	0	515	
9	0	0	0	0	515	
10	0	0	0	0	514	
11	0	0	0	0	516	
12	0	0	0	0	517	
13	0	0	0	0	514	
14	0	0	0	0	512	
15	0	0	0	0	511	
0	0	0	0	0	513	
1	0	0	0	0	515	
2	0	0	0	0	515	
3	0	0	0	0	515	
4	0	0	0	0	513	
5	0	0	0	0	511	
6	0	0	0	0	511	
7	0	0	0	0	511	
8	0	0	0	0	511	
9	0	0	0	0	511	
10	0	0	0	0	512	
11	0	0	0	0	510	
12	0	0	0	0	511	
13	0	0	0	0	512	
14	0	0	0	0	512	
15	0	0	0	0	509	
0	0	0	0	0	508	
1	0	0	0	0	508	
2	0	0	0	0	510	
3	0	0	0	0	510	
4	0	0	0	0	509	
5	0	0	0	0	510	
6	0	0	0	0	511	
7	0	0	0	0	512	
8	0	0	0	0	511	
9	0	0	0	0	510	
10	0	0	0	0	511	
11	0	0	0	0	510	
12	0	0	0	0	510	
13	0	0	0	0	508	
14	0	0	0	0	504	
15	0	0	0	0	504	
0	0	0	0	0	504	
1	0	0	0	0	506	
2	0	0	0	0	507	
3	0	0	0	0	507	
4	0	0	0	0	506	
5	0	0	0	0	505	
6	0	0	0	0	505	
7	0	0	0	0	505	
8	0	0	0	0	504	
9	0	0	0	0	505	
10	0	0	0	0	503	
11	0	0	0	0	503	
12	0	0	0	0	502	
13	0	0	0	0	502	
14	0	0	0	0	502	
15	0	0	0	0	503	
0	0	0	0	0	502	
1	0	0	0	0	502	
2	0	0	0	0	506	
3	0	0	0	0	508	
4	0	0	0	0	507	
5	0	0	0	0	507	
6	0	0	0	0	507	
7	0	0	0	0	506	
8	0	0	0	0	506	
9	0	0	0	0	504	
10	0	0	0	0	499	
11	0	0	0	0	498	
12	0	0	0	0	499	
13	0	0	0	0	500	
14	0	0	0	0	501	
15	0	0	0	0	500	
0	0	0	0	0	499	
1	0	0	0	0	499	
2	0	0	0	0	499	
3	0	0	0	0	499	
4	0	0	0	0	500	
5	0	0	0	0	502	
6	0	0	0	0	504	
7	0	0	0	0	504	
8	0	0	0	0	500	
9	0	0	0	0	501	
10	0	0	0	0	502	
11	0	0	0	0	500	
12	0	0	0	0	501	
13	0	0	0	0	502	
14	0	0	0	0	502	
15	0	0	0	0	500	
0	0	0	0	0	498	
1	0	0	0	0	495	
2	0	0	0	0	497	
3	0	0	0	0	498	
4	0	0	0	0	499	
5	0	0	0	0	499	
6	0	0	0	0	500	
7	0	0	0	0	499	
8	0	0	0	0	499	
9	0	0	0	0	499	
10	0	0	0	0	500	
11	0	0	0	0	499	
12	0	0	0	0	498	
13	0	0	0	0	497	
14	0	0	0	0	498	
15	0	0	0	0	499	
0	0	0	0	0	500	
1	0	0	0	0	500	
2	0	0	0	0	499	
3	0	0	0	0	497	
4	0	0	0	0	496	
5	0	0	0	0	499	
6	0	0	0	0	497	
7	0	0	0	0	496	
8	0	0	0	0	496	
9	0	0	0	0	499	
10	0	0	0	0	500	
11	0	0	0	0	499	
12	0	0	0	0	496	
13	0	0	0	0	494	
14	0	0	0	0	495	
15	0	0	0	0	492	
0	0	0	0	0	494	
1	0	0	0	0	495	
2	0	0	0	0	494	
3	0	0	0	0	494	
4	0	0	0	0	495	
5	0	0	0	0	496	
6	0	0	0	0	497	
7	0	0	0	0	499	
8	0	0	0	0	500	
9	0	0	0	0	500	
10	0	0	0	0	501	
11	0	0	0	0	498	
12	0	0	0	0	497	
13	0	0	0	0	496	
14	0	0	0	0	497	
15	0	0	0	0	497	
0	0	0	0	0	497	
1	0	0	0	0	496	
2	0	0	0	0	494	
3	0	0	0	0	492	
4	0	0	0	0	492	
5	0	0	0	0	496	
6	0	0	0	0	499	
7	0	0	0	0	500	
8	0	0	0	0	500	
9	0	0	0	0	501	
10	0	0	0	0	501	
11	0	0	0	0	500	
12	0	0	0	0	499	
13	0	0	0	0	498	
14	0	0	0	0	495	
15	0	0	0	0	493	
0	0	0	0	0	496	
1	0	0	0	0	499	
2	0	0	0	0	499	
3	0	0	0	0	498	
4	0	0	0	0	498	
5	0	0	0	0	499	
6	0	0	0	0	500	
7	0	0	0	0	500	
8	0	0	0	0	502	
9	0	0	0	0	501	
10	0	0	0	0	498	
11	0	0	0	0	497	
12	0	0	0	0	499	
13	0	0	0	0	500	
14	0	0	0	0	501	
15	0	0	0	0	499	
0	0	0	0	0	499	
1	0	0	0	0	499	
2	0	0	0	0	499	
3	0	0	0	0	500	
4	0	0	0	0	500	
5	0	0	0	0	503	
6	0	0	0	0	504	
7	0	0	0	0	504	
8	0	0	0	0	501	
9	0	0	0	0	498	
10	0	0	0	0	497	
11	0	0	0	0	497	
12	0	0	0	0	497	
13	0	0	0	0	499	
14	0	0	0	0	499	
15	0	0	0	0	495	
0	0	0	0	0	493	
1	0	0	0	0	496	
2	0	0	0	0	499	
3	0	0	0	0	499	
4	0	0	0	0	499	
5	0	0	0	0	502	
6	0	0	0	0	502	
7	0	0	0	0	503	
8	0	0	0	0	503	
9	0	0	0	0	503	
10	0	0	0	0	503	
11	0	0	0	0	503	
12	0	0	0	0	500	
13	0	0	0	0	499	
14	0	0	0	0	500	
15	0	0	0	0	500	
0	0	0	0	0	500	
1	0	0	0	0	501	
2	0	0	0	0	502	
3	0	0	0	0	502	
4	0	0	0	0	502	
5	0	0	0	0	501	
6	0	0	0	0	504	
7	0	0	0	0	506	
8	0	0	0	0	507	
9	0	0	0	0	506	
10	0	0	0	0	504	
11	0	0	0	0	504	
12	0	0	0	0	504	
13	0	0	0	0	503	
14	0	0	0	0	502	
15	0	0	0	0	503	
0	0	0	0	0	507	
1	0	0	0	0	508	
2	0	0	0	0	507	
3	0	0	0	0	507	
4	0	0	0	0	507	
5	0	0	0	0	507	
6	0	0	0	0	508	
7	0	0	0	0	508	
8	0	0	0	0	509	
9	0	0	0	0	511	
10	0	0	0	0	511	
11	0	0	0	0	510	
12	0	0	0	0	507	
13	0	0	0	0	504	
14	0	0	0	0	505	
15	0	0	0	0	507	
0	0	0	0	0	509	
1	0	0	0	0	510	
2	0	0	0	0	509	
3	0	0	0	0	510	
4	0	0	0	0	512	
5	0	0	0	0	512	
6	0	0	0	0	510	
7	0	0	0	0	506	
8	0	0	0	0	507	
9	0	0	0	0	507	
10	0	0	0	0	508	
11	0	0	0	0	508	
12	0	0	0	0	509	
13	0	0	0	0	508	
14	0	0	0	0	508	
15	0	0	0	0	510	
0	0	0	0	0	511	
1	0	0	0	0	509	
2	0	0	0	0	507	
3	0	0	0	0	508	
4	0	0	0	0	508	
5	0	0	0	0	505	
6	0	0	0	0	504	
7	0	0	0	0	508	
8	0	0	0	0	509	
9	0	0	0	0	510	
10	0	0	0	0	512	
11	0	0	0	0	514	
12	0	0	0	0	515	
13	0	0	0	0	516	
14	0	0	0	0	516	
15	0	0	0	0	515	
0	0	0	0	0	513	
1	0	0	0	0	512	
2	0	0	0	0	511	
3	0	0	0	0	509	
4	0	0	0	0	508	
5	0	0	0	0	507	
6	0	0	0	0	508	
7	0	0	0	0	510	
8	0	0	0	0	510	
9	0	0	0	0	511	
10	0	0	0	0	512	
11	0	0	0	0	511	
12	0	0	0	0	512	
13	0	0	0	0	512	
14	0	0	0	0	512	
15	0	0	0	0	510	
0	0	0	0	0	509	
1	0	0	0	0	508	
2	0	0	0	0	508	
3	0	0	0	0	512	
4	0	0	0	0	513	
5	0	0	0	0	514	
6	0	0	0	0	515	
7	0	0	0	0	515	
8	0	0	0	0	516	
9	0	0	0	0	516	
10	0	0	0	0	517	
11	0	0	0	0	515	
12	0	0	0	0	514	
13	0	0	0	0	513	
14	0	0	0	0	515	
15	0	0	0	0	516	
0	0	0	0	0	517	
1	0	0	0	0	515	
2	0	0	0	0	511	
3	0	0	0	0	510	
4	0	0	0	0	508	
5	0	0	0	0	509	
6	0	0	0	0	510	
7	0	0	0	0	512	
8	0	0	0	0	514	
9	0	0	0	0	516	
10	0	0	0	0	516	
11	0	0	0	0	519	
12	0	0	0	0	520	
13	0	0	0	0	521	
14	0	0	0	0	520	
15	0	0	0	0	521	
0	0	0	0	0	521	
1	0	0	0	0	520	
2	0	0	0	0	516	
3	0	0	0	0	515	
4	0	0	0	0	517	
5	0	0	0	0	519	
6	0	0	0	0	515	
7	0	0	0	0	511	
8	0	0	0	0	512	
9	0	0	0	0	513	
10	0	0	0	0	513	
11	0	0	0	0	515	
12	0	0	0	0	512	
13	0	0	0	0	509	
14	0	0	0	0	509	
15	0	0	0	0	508	
0	0	0	0	0	508	
1	0	0	0	0	507	
2	0	0	0	0	508	
3	0	0	0	0	507	
4	0	0	0	0	507	
5	0	0	0	0	505	
6	0	0	0	0	505	
7	0	0	0	0	506	
8	0	0	0	0	506	
9	0	0	0	0	506	
10	0	0	0	0	507	
11	0	0	0	0	507	
12	0	0	0	0	508	
13	0	0	0	0	507	
14	0	0	0	0	506	
15	0	0	0	0	505	
0	0	0	0	0	505	
1	0	0	0	0	503	
2	0	0	0	0	499	
3	0	0	0	0	499	
4	0	0	0	0	500	
5	0	0	0	0	503	
6	0	0	0	0	506	
7	0	0	0	0	504	
8	0	0	0	0	502	
9	0	0	0	0	501	
10	0	0	0	0	502	
11	0	0	0	0	503	
12	0	0	0	0	504	
13	0	0	0	0	504	
14	0	0	0	0	505	
15	0	0	0	0	505	
0	0	0	0	0	505	
1	0	0	0	0	503	
2	0	0	0	0	502	
3	0	0	0	0	503	
4	0	0	0	0	503	
5	0	0	0	0	502	
6	0	0	0	0	501	
7	0	0	0	0	500	
8	0	0	0	0	498	
9	0	0	0	0	495	
10	0	0	0	0	497	
11	0	0	0	0	499	
12	0	0	0	0	503	
13	0	0	0	0	503	
14	0	0	0	0	502	
15	0	0	0	0	501	
0	0	0	0	0	500	
1	0	0	0	0	502	
2	0	0	0	0	504	
3	0	0	0	0	504	
4	0	0	0	0	505	
5	0	0	0	0	506	
6	0	0	0	0	508	
7	0	0	0	0	510	
8	0	0	0	0	509	
9	0	0	0	0	511	
10	0	0	0	0	512	
11	0	0	0	0	512	
12	0	0	0	0	513	
13	0	0	0	0	512	
14	0	0	0	0	510	
15	0	0	0	0	509	
0	0	0	0	0	508	
1	0	0	0	0	505	
2	0	0	0	0	504	
3	0	0	0	0	507	
4	0	0	0	0	510	
5	0	0	0	0	511	
6	0	0	0	0	511	
7	0	0	0	0	510	
8	0	0	0	0	512	
9	0	0	0	0	511	
10	0	0	0	0	508	
11	0	0	0	0	506	
12	0	0	0	0	503	
13	0	0	0	0	503	
14	0	0	0	0	500	
15	0	0	0	0	499	
0	0	0	0	0	497	
1	0	0	0	0	495	
2	0	0	0	0	493	
3	0	0	0	0	493	
4	0	0	0	0	494	
5	0	0	0	0	495	
6	0	0	0	0	495	
7	0	0	0	0	496	
8	0	0	0	0	497	
9	0	0	0	0	500	
10	0	0	0	0	504	
11	0	0	0	0	508	
12	0	0	0	0	512	
13	0	0	0	0	519	
14	0	0	0	0	528	
15	0	0	0	0	535	
0	0	0	0	0	542	
1	0	0	0	0	551	
2	0	0	0	0	559	
3	0	0	0	0	568	
4	0	0	0	0	579	
5	0	0	0	0	591	
6	0	0	0	0	606	
7	0	0	0	0	618	
8	0	0	0	0	632	
9	0	0	0	0	643	
10	0	0	0	0	655	
11	0	0	0	0	667	
12	0	0	0	0	681	
13	0	0	0	0	696	
14	0	0	0	0	709	
15	0	0	0	0	719	
0	0	0	0	0	725	
1	0	0	0	0	731	
2	0	0	0	0	731	
3	0	0	0	0	726	
4	0	0	0	0	718	
5	0	0	0	0	706	
6	0	0	0	0	691	
7	0	0	0	0	676	
8	0	0	0	0	664	
9	0	0	0	0	650	
10	0	0	0	0	637	
11	0	0	0	0	621	
12	0	0	0	0	603	
13	0	0	0	0	587	
14	0	0	0	0	572	
15	0	0	0	0	558	
0	0	0	0	0	545	
1	0	0	0	0	532	
2	0	0	0	0	519	
3	0	0	0	0	510	
4	0	0	0	0	504	
5	0	0	0	0	499	
6	0	0	0	0	497	
7	0	0	0	0	496	
8	0	0	0	0	492	
9	0	0	0	0	492	
10	0	0	0	0	495	
11	0	0	0	0	499	
12	0	0	0	0	503	
13	0	0	0	0	505	
14	0	0	0	0	507	
15	0	0	0	0	509	
0	0	0	0	0	510	
1	0	0	0	0	512	
2	0	0	0	0	514	
3	0	0	0	0	517	
4	0	0	0	0	519	
5	0	0	0	0	518	
6	0	0	0	0	520	
7	0	0	0	0	520	
8	0	0	0	0	520	
9	0	0	0	0	519	
10	0	0	0	0	518	
11	0	0	0	0	516	
12	0	0	0	0	519	
13	0	0	0	0	519	
14	0	0	0	0	518	
15	0	0	0	0	518	
0	0	0	0	0	520	
1	0	0	0	0	519	
2	0	0	0	0	518	
3	0	0	0	0	518	
4	0	0	0	0	518	
5	0	0	0	0	519	
6	0	0	0	0	520	
7	0	0	0	0	517	
8	0	0	0	0	517	
9	0	0	0	0	519	
10	0	0	0	0	520	
11	0	0	0	0	519	
12	0	0	0	0	518	
13	0	0	0	0	516	
14	0	0	0	0	512	
15	0	0	0	0	511	
0	0	0	0	0	513	
1	0	0	0	0	519	
2	0	0	0	0	524	
3	0	0	0	0	527	
4	0	0	0	0	526	
5	0	0	0	0	529	
6	0	0	0	0	530	
7	0	0	0	0	526	
8	0	0	0	0	525	
9	0	0	0	0	525	
10	0	0	0	0	524	
11	0	0	0	0	525	
12	0	0	0	0	529	
13	0	0	0	0	530	
14	0	0	0	0	528	
15	0	0	0	0	528	
0	0	0	0	0	527	
1	0	0	0	0	527	
2	0	0	0	0	528	
3	0	0	0	0	528	
4	0	0	0	0	527	
5	0	0	0	0	527	
6	0	0	0	0	528	
7	0	0	0	0	528	
8	0	0	0	0	527	
9	0	0	0	0	529	
10	0	0	0	0	530	
11	0	0	0	0	529	
12	0	0	0	0	529	
13	0	0	0	0	528	
14	0	0	0	0	527	
15	0	0	0	0	527	
0	0	0	0	0	528	
1	0	0	0	0	527	
2	0	0	0	0	527	
3	0	0	0	0	528	
4	0	0	0	0	530	
5	0	0	0	0	530	
6	0	0	0	0	530	
7	0	0	0	0	530	
8	0	0	0	0	531	
9	0	0	0	0	531	
10	0	0	0	0	527	
11	0	0	0	0	527	
12	0	0	0	0	532	
13	0	0	0	0	536	
14	0	0	0	0	538	
15	0	0	0	0	536	
0	0	0	0	0	535	
1	0	0	0	0	536	
2	0	0	0	0	536	
3	0	0	0	0	536	
4	0	0	0	0	536	
5	0	0	0	0	539	
6	0	0	0	0	541	
7	0	0	0	0	541	
8	0	0	0	0	540	
9	0	0	0	0	540	
10	0	0	0	0	540	
11	0	0	0	0	541	
12	0	0	0	0	542	
13	0	0	0	0	543	
14	0	0	0	0	545	
15	0	0	0	0	543	
0	0	0	0	0	542	
1	0	0	0	0	542	
2	0	0	0	0	543	
3	0	0	0	0	544	
4	0	0	0	0	544	
5	0	0	0	0	545	
6	0	0	0	0	546	
7	0	0	0	0	544	
8	0	0	0	0	543	
9	0	0	0	0	541	
10	0	0	0	0	540	
11	0	0	0	0	540	
12	0	0	0	0	540	
13	0	0	0	0	541	
14	0	0	0	0	546	
15	0	0	0	0	547	
0	0	0	0	0	546	
1	0	0	0	0	547	
2	0	0	0	0	546	
3	0	0	0	0	547	
4	0	0	0	0	546	
5	0	0	0	0	542	
6	0	0	0	0	542	
7	0	0	0	0	546	
8	0	0	0	0	550	
9	0	0	0	0	553	
10	0	0	0	0	552	
11	0	0	0	0	553	
12	0	0	0	0	553	
13	0	0	0	0	554	
14	0	0	0	0	553	
15	0	0	0	0	554	
0	0	0	0	0	555	
1	0	0	0	0	554	
2	0	0	0	0	556	
3	0	0	0	0	558	
4	0	0	0	0	557	
5	0	0	0	0	558	
6	0	0	0	0	559	
7	0	0	0	0	560	
8	0	0	0	0	562	
9	0	0	0	0	561	
10	0	0	0	0	561	
11	0	0	0	0	565	
12	0	0	0	0	569	
13	0	0	0	0	572	
14	0	0	0	0	572	
15	0	0	0	0	573	
0	0	0	0	0	577	
1	0	0	0	0	583	
2	0	0	0	0	588	
3	0	0	0	0	590	
4	0	0	0	0	593	
5	0	0	0	0	600	
6	0	0	0	0	607	
7	0	0	0	0	612	
8	0	0	0	0	615	
9	0	0	0	0	617	
10	0	0	0	0	622	
11	0	0	0	0	626	
12	0	0	0	0	627	
13	0	0	0	0	629	
14	0	0	0	0	632	
15	0	0	0	0	635	
0	0	0	0	0	639	
1	0	0	0	0	643	
2	0	0	0	0	649	
3	0	0	0	0	654	
4	0	0	0	0	660	
5	0	0	0	0	664	
6	0	0	0	0	669	
7	0	0	0	0	672	
8	0	0	0	0	673	
9	0	0	0	0	676	
10	0	0	0	0	683	
11	0	0	0	0	686	
12	0	0	0	0	688	
13	0	0	0	0	689	
14	0	0	0	0	691	
15	0	0	0	0	696	
0	0	0	0	0	701	
1	0	0	0	0	704	
2	0	0	0	0	707	
3	0	0	0	0	708	
4	0	0	0	0	712	
5	0	0	0	0	716	
6	0	0	0	0	716	
7	0	0	0	0	716	
8	0	0	0	0	719	
9	0	0	0	0	723	
10	0	0	0	0	727	
11	0	0	0	0	735	
12	0	0	0	0	746	
13	0	0	0	0	760	
14	0	0	0	0	773	
15	0	0	0	0	785	
0	0	0	0	0	798	
1	0	0	0	0	812	
2	0	0	0	0	822	
3	0	0	0	0	831	
4	0	0	0	0	841	
5	0	0	0	0	853	
6	0	0	0	0	865	
7	0	0	0	0	875	
8	0	0	0	0	883	
9	0	0	0	0	891	
10	0	0	0	0	897	
11	0	0	0	0	905	
12	0	0	0	0	913	
13	0	0	0	0	918	
14	0	0	0	0	923	
15	0	0	0	0	929	
0	0	0	0	0	936	
1	0	0	0	0	942	
2	0	0	0	0	946	
3	0	0	0	0	950	
4	0	0	0	0	951	
5	0	0	0	0	952	
6	0	0	0	0	952	
7	0	0	0	0	956	
8	0	0	0	0	960	
9	0	0	0	0	964	
10	0	0	0	0	963	
11	0	0	0	0	962	
12	0	0	0	0	959	
13	0	0	0	0	958	
14	0	0	0	0	958	
15	0	0	0	0	961	
0	0	0	0	0	958	
1	0	0	0	0	954	
2	0	0	0	0	956	
3	0	0	0	0	959	
4	0	0	0	0	960	
5	0	0	0	0	956	
6	0	0	0	0	952	
7	0	0	0	0	948	
8	0	0	0	0	945	
9	0	0	0	0	944	
10	0	0	0	0	942	
11	0	0	0	0	939	
12	0	0	0	0	935	
13	0	0	0	0	929	
14	0	0	0	0	925	
15	0	0	0	0	920	
0	0	0	0	0	913	
1	0	0	0	0	908	
2	0	0	0	0	902	
3	0	0	0	0	899	
4	0	0	0	0	897	
5	0	0	0	0	892	
6	0	0	0	0	887	
7	0	0	0	0	881	
8	0	0	0	0	876	
9	0	0	0	0	873	
10	0	0	0	0	870	
11	0	0	0	0	863	
12	0	0	0	0	857	
13	0	0	0	0	852	
14	0	0	0	0	848	
15	0	0	0	0	844	
0	0	0	0	0	839	
1	0	0	0	0	835	
2	0	0	0	0	828	
3	0	0	0	0	820	
4	0	0	0	0	815	
5	0	0	0	0	809	
6	0	0	0	0	803	
7	0	0	0	0	797	
8	0	0	0	0	791	
9	0	0	0	0	787	
10	0	0	0	0	782	
11	0	0	0	0	774	
12	0	0	0	0	770	
13	0	0	0	0	769	
14	0	0	0	0	767	
15	0	0	0	0	763	
0	0	0	0	0	758	
1	0	0	0	0	752	
2	0	0	0	0	747	
3	0	0	0	0	743	
4	0	0	0	0	738	
5	0	0	0	0	734	
6	0	0	0	0	728	
7	0	0	0	0	724	
8	0	0	0	0	720	
9	0	0	0	0	716	
10	0	0	0	0	708	
11	0	0	0	0	704	
12	0	0	0	0	700	
13	0	0	0	0	698	
14	0	0	0	0	693	
15	0	0	0	0	686	
0	0	0	0	0	686	
1	0	0	0	0	684	
2	0	0	0	0	679	
3	0	0	0	0	674	
4	0	0	0	0	670	
5	0	0	0	0	664	
6	0	0	0	0	661	
7	0	0	0	0	659	
8	0	0	0	0	655	
9	0	0	0	0	650	
10	0	0	0	0	645	
11	0	0	0	0	639	
12	0	0	0	0	634	
13	0	0	0	0	630	
14	0	0	0	0	626	
15	0	0	0	0	624	
0	0	0	0	0	619	
1	0	0	0	0	614	
2	0	0	0	0	608	
3	0	0	0	0	604	
4	0	0	0	0	603	
5	0	0	0	0	602	
6	0	0	0	0	600	
7	0	0	0	0	598	
8	0	0	0	0	592	
9	0	0	0	0	589	
10	0	0	0	0	587	
11	0	0	0	0	585	
12	0	0	0	0	582	
13	0	0	0	0	577	
14	0	0	0	0	572	
15	0	0	0	0	571	
0	0	0	0	0	571	
1	0	0	0	0	570	
2	0	0	0	0	566	
3	0	0	0	0	561	
4	0	0	0	0	558	
5	0	0	0	0	556	
6	0	0	0	0	554	
7	0	0	0	0	551	
8	0	0	0	0	547	
9	0	0	0	0	544	
10	0	0	0	0	542	
11	0	0	0	0	538	
12	0	0	0	0	536	
13	0	0	0	0	533	
14	0	0	0	0	529	
15	0	0	0	0	526	
0	0	0	0	0	526	
1	0	0	0	0	522	
2	0	0	0	0	518	
3	0	0	0	0	516	
4	0	0	0	0	514	
5	0	0	0	0	513	
6	0	0	0	0	512	
7	0	0	0	0	508	
8	0	0	0	0	505	
9	0	0	0	0	504	
10	0	0	0	0	503	
11	0	0	0	0	505	
12	0	0	0	0	505	
13	0	0	0	0	502	
14	0	0	0	0	500	
15	0	0	0	0	498	
0	0	0	0	0	494	
1	0	0	0	0	492	
2	0	0	0	0	488	
3	0	0	0	0	485	
4	0	0	0	0	485	
5	0	0	0	0	481	
6	0	0	0	0	476	
7	0	0	0	0	474	
8	0	0	0	0	472	
9	0	0	0	0	471	
10	0	0	0	0	470	
11	0	0	0	0	468	
12	0	0	0	0	466	
13	0	0	0	0	465	
14	0	0	0	0	464	
15	0	0	0	0	463	
0	0	0	0	0	461	
1	0	0	0	0	459	
2	0	0	0	0	457	
3	0	0	0	0	456	
4	0	0	0	0	457	
5	0	0	0	0	456	
6	0	0	0	0	450	
7	0	0	0	0	448	
8	0	0	0	0	448	
9	0	0	0	0	445	
10	0	0	0	0	442	
11	0	0	0	0	440	
12	0	0	0	0	438	
13	0	0	0	0	438	
14	0	0	0	0	437	
15	0	0	0	0	438	
0	0	0	0	0	437	
1	0	0	0	0	437	
2	0	0	0	0	433	
3	0	0	0	0	429	
4	0	0	0	0	429	
5	0	0	0	0	431	
6	0	0	0	0	431	
7	0	0	0	0	427	
8	0	0	0	0	426	
9	0	0	0	0	424	
10	0	0	0	0	421	
11	0	0	0	0	419	
12	0	0	0	0	421	
13	0	0	0	0	421	
14	0	0	0	0	419	
15	0	0	0	0	417	
0	0	0	0	0	418	
1	0	0	0	0	418	
2	0	0	0	0	417	
3	0	0	0	0	413	
4	0	0	0	0	411	
5	0	0	0	0	412	
6	0	0	0	0	409	
7	0	0	0	0	408	
8	0	0	0	0	409	
9	0	0	0	0	408	
10	0	0	0	0	407	
11	0	0	0	0	406	
12	0	0	0	0	407	
13	0	0	0	0	405	
14	0	0	0	0	404	
15	0	0	0	0	404	
0	0	0	0	0	403	
1	0	0	0	0	402	
2	0	0	0	0	401	
3	0	0	0	0	401	
4	0	0	0	0	399	
5	0	0	0	0	399	
6	0	0	0	0	399	
7	0	0	0	0	398	
8	0	0	0	0	397	
9	0	0	0	0	395	
10	0	0	0	0	399	
11	0	0	0	0	402	
12	0	0	0	0	403	
13	0	0	0	0	406	
14	0	0	0	0	406	
15	0	0	0	0	406	
0	0	0	0	0	403	
1	0	0	0	0	402	
2	0	0	0	0	404	
3	0	0	0	0	403	
4	0	0	0	0	403	
5	0	0	0	0	405	
6	0	0	0	0	404	
7	0	0	0	0	405	
8	0	0	0	0	405	
9	0	0	0	0	407	
10	0	0	0	0	406	
11	0	0	0	0	404	
12	0	0	0	0	405	
13	0	0	0	0	407	
14	0	0	0	0	406	
15	0	0	0	0	400	
0	0	0	0	0	398	
1	0	0	0	0	401	
2	0	0	0	0	403	
3	0	0	0	0	405	
4	0	0	0	0	404	
5	0	0	0	0	402	
6	0	0	0	0	402	
7	0	0	0	0	400	
8	0	0	0	0	401	
9	0	0	0	0	401	
10	0	0	0	0	400	
11	0	0	0	0	399	
12	0	0	0	0	400	
13	0	0	0	0	398	
14	0	0	0	0	394	
15	0	0	0	0	395	
0	0	0	0	0	396	
1	0	0	0	0	397	
2	0	0	0	0	398	
3	0	0	0	0	400	
4	0	0	0	0	403	
5	0	0	0	0	402	
6	0	0	0	0	400	
7	0	0	0	0	400	
8	0	0	0	0	399	
9	0	0	0	0	398	
10	0	0	0	0	397	
11	0	0	0	0	397	
12	0	0	0	0	396	
13	0	0	0	0	395	
14	0	0	0	0	395	
15	0	0	0	0	392	
0	0	0	0	0	392	
1	0	0	0	0	392	
2	0	0	0	0	392	
3	0	0	0	0	392	
4	0	0	0	0	393	
5	0	0	0	0	394	
6	0	0	0	0	395	
7	0	0	0	0	395	
8	0	0	0	0	395	
9	0	0	0	0	394	
10	0	0	0	0	395	
11	0	0	0	0	395	
12	0	0	0	0	391	
13	0	0	0	0	391	
14	0	0	0	0	393	
15	0	0	0	0	393	
0	0	0	0	0	391	
1	0	0	0	0	388	
2	0	0	0	0	388	
3	0	0	0	0	389	
4	0	0	0	0	391	
5	0	0	0	0	393	
6	0	0	0	0	394	
7	0	0	0	0	392	
8	0	0	0	0	391	
9	0	0	0	0	390	
10	0	0	0	0	389	
11	0	0	0	0	387	
12	0	0	0	0	387	
13	0	0	0	0	390	
14	0	0	0	0	389	
15	0	0	0	0	390	
0	0	0	0	0	391	
1	0	0	0	0	389	
2	0	0	0	0	385	
3	0	0	0	0	385	
4	0	0	0	0	387	
5	0	0	0	0	386	
6	0	0	0	0	386	
7	0	0	0	0	387	
8	0	0	0	0	389	
9	0	0	0	0	390	
10	0	0	0	0	389	
11	0	0	0	0	390	
12	0	0	0	0	391	
13	0	0	0	0	394	
14	0	0	0	0	395	
15	0	0	0	0	395	
0	0	0	0	0	393	
1	0	0	0	0	392	
2	0	0	0	0	392	
3	0	0	0	0	394	
4	0	0	0	0	395	
5	0	0	0	0	393	
6	0	0	0	0	395	
7	0	0	0	0	396	
8	0	0	0	0	398	
9	0	0	0	0	397	
10	0	0	0	0	396	
11	0	0	0	0	393	
12	0	0	0	0	391	
13	0	0	0	0	389	
14	0	0	0	0	388	
15	0	0	0	0	391	
0	0	0	0	0	393	
1	0	0	0	0	396	
2	0	0	0	0	396	
3	0	0	0	0	397	
4	0	0	0	0	397	
5	0	0	0	0	396	
6	0	0	0	0	396	
7	0	0	0	0	394	
8	0	0	0	0	392	
9	0	0	0	0	390	
10	0	0	0	0	390	
11	0	0	0	0	391	
12	0	0	0	0	391	
13	0	0	0	0	392	
14	0	0	0	0	393	
15	0	0	0	0	392	
0	0	0	0	0	392	
1	0	0	0	0	392	
2	0	0	0	0	388	
3	0	0	0	0	388	
4	0	0	0	0	390	
5	0	0	0	0	393	
6	0	0	0	0	396	
7	0	0	0	0	395	
8	0	0	0	0	393	
9	0	0	0	0	390	
10	0	0	0	0	390	
11	0	0	0	0	388	
12	0	0	0	0	389	
13	0	0	0	0	390	
14	0	0	0	0	389	
15	0	0	0	0	393	
0	0	0	0	0	395	
1	0	0	0	0	395	
2	0	0	0	0	396	
3	0	0	0	0	396	
4	0	0	0	0	395	
5	0	0	0	0	397	
6	0	0	0	0	399	
7	0	0	0	0	399	
8	0	0	0	0	397	
9	0	0	0	0	394	
10	0	0	0	0	393	
11	0	0	0	0	394	
12	0	0	0	0	395	
13	0	0	0	0	395	
14	0	0	0	0	395	
15	0	0	0	0	396	
0	0	0	0	0	399	
1	0	0	0	0	400	
2	0	0	0	0	399	
3	0	0	0	0	401	
4	0	0	0	0	401	
5	0	0	0	0	399	
6	0	0	0	0	400	
7	0	0	0	0	399	
8	0	0	0	0	399	
9	0	0	0	0	401	
10	0	0	0	0	399	
11	0	0	0	0	397	
12	0	0	0	0	399	
13	0	0	0	0	398	
14	0	0	0	0	399	
15	0	0	0	0	401	
0	0	0	0	0	403	
1	0	0	0	0	403	
2	0	0	0	0	403	
3	0	0	0	0	404	
4	0	0	0	0	404	
5	0	0	0	0	404	
6	0	0	0	0	401	
7	0	0	0	0	400	
8	0	0	0	0	401	
9	0	0	0	0	400	
10	0	0	0	0	400	
11	0	0	0	0	399	
12	0	0	0	0	398	
13	0	0	0	0	400	
14	0	0	0	0	404	
15	0	0	0	0	404	
0	0	0	0	0	408	
1	0	0	0	0	408	
2	0	0	0	0	408	
3	0	0	0	0	409	
4	0	0	0	0	409	
5	0	0	0	0	407	
6	0	0	0	0	408	
7	0	0	0	0	407	
8	0	0	0	0	407	
9	0	0	0	0	406	
10	0	0	0	0	403	
11	0	0	0	0	406	
12	0	0	0	0	403	
13	0	0	0	0	399	
14	0	0	0	0	400	
15	0	0	0	0	402	
0	0	0	0	0	406	
1	0	0	0	0	409	
2	0	0	0	0	409	
3	0	0	0	0	409	
4	0	0	0	0	410	
5	0	0	0	0	412	
6	0	0	0	0	413	
7	0	0	0	0	411	
8	0	0	0	0	409	
9	0	0	0	0	410	
10	0	0	0	0	411	
11	0	0	0	0	412	
12	0	0	0	0	413	
13	0	0	0	0	413	
14	0	0	0	0	415	
15	0	0	0	0	414	
0	0	0	0	0	411	
1	0	0	0	0	412	
2	0	0	0	0	413	
3	0	0	0	0	414	
4	0	0	0	0	414	
5	0	0	0	0	415	
6	0	0	0	0	418	
7	0	0	0	0	419	
8	0	0	0	0	419	
9	0	0	0	0	418	
10	0	0	0	0	416	
11	0	0	0	0	415	
12	0	0	0	0	411	
13	0	0	0	0	412	
14	0	0	0	0	415	
15	0	0	0	0	418	
0	0	0	0	0	417	
1	0	0	0	0	416	
2	0	0	0	0	415	
3	0	0	0	0	416	
4	0	0	0	0	415	
5	0	0	0	0	413	
6	0	0	0	0	415	
7	0	0	0	0	417	
8	0	0	0	0	416	
9	0	0	0	0	415	
10	0	0	0	0	416	
11	0	0	0	0	418	
12	0	0	0	0	417	
13	0	0	0	0	415	
14	0	0	0	0	415	
15	0	0	0	0	416	
0	0	0	0	0	418	
1	0	0	0	0	417	
2	0	0	0	0	418	
3	0	0	0	0	421	
4	0	0	0	0	422	
5	0	0	0	0	421	
6	0	0	0	0	420	
7	0	0	0	0	423	
8	0	0	0	0	426	
9	0	0	0	0	427	
10	0	0	0	0	427	
11	0	0	0	0	427	
12	0	0	0	0	428	
13	0	0	0	0	426	
14	0	0	0	0	423	
15	0	0	0	0	419	
0	0	0	0	0	419	
1	0	0	0	0	421	
2	0	0	0	0	423	
3	0	0	0	0	425	
4	0	0	0	0	427	
5	0	0	0	0	430	
6	0	0	0	0	431	
7	0	0	0	0	433	
8	0	0	0	0	433	
9	0	0	0	0	432	
10	0	0	0	0	431	
11	0	0	0	0	432	
12	0	0	0	0	436	
13	0	0	0	0	438	
14	0	0	0	0	439	
15	0	0	0	0	436	
0	0	0	0	0	435	
1	0	0	0	0	435	
2	0	0	0	0	435	
3	0	0	0	0	435	
4	0	0	0	0	434	
5	0	0	0	0	433	
6	0	0	0	0	433	
7	0	0	0	0	431	
8	0	0	0	0	432	
9	0	0	0	0	435	
10	0	0	0	0	435	
11	0	0	0	0	437	
12	0	0	0	0	438	
13	0	0	0	0	439	
14	0	0	0	0	438	
15	0	0	0	0	435	
0	0	0	0	0	435	
1	0	0	0	0	434	
2	0	0	0	0	435	
3	0	0	0	0	436	
4	0	0	0	0	436	
5	0	0	0	0	438	
6	0	0	0	0	439	
7	0	0	0	0	440	
8	0	0	0	0	441	
9	0	0	0	0	440	
10	0	0	0	0	441	
11	0	0	0	0	441	
12	0	0	0	0	441	
13	0	0	0	0	441	
14	0	0	0	0	441	
15	0	0	0	0	439	
0	0	0	0	0	438	
1	0	0	0	0	438	
2	0	0	0	0	440	
3	0	0	0	0	443	
4	0	0	0	0	441	
5	0	0	0	0	441	
6	0	0	0	0	438	
7	0	0	0	0	440	
8	0	0	0	0	443	
9	0	0	0	0	442	
10	0	0	0	0	440	
11	0	0	0	0	437	
12	0	0	0	0	439	
13	0	0	0	0	443	
14	0	0	0	0	444	
15	0	0	0	0	443	
0	0	0	0	0	444	
1	0	0	0	0	446	
2	0	0	0	0	444	
3	0	0	0	0	444	
4	0	0	0	0	444	
5	0	0	0	0	444	
6	0	0	0	0	444	
7	0	0	0	0	446	
8	0	0	0	0	447	
9	0	0	0	0	450	
10	0	0	0	0	455	
11	0	0	0	0	453	
12	0	0	0	0	451	
13	0	0	0	0	451	
14	0	0	0	0	451	
15	0	0	0	0	448	
0	0	0	0	0	449	
1	0	0	0	0	451	
2	0	0	0	0	451	
3	0	0	0	0	449	
4	0	0	0	0	451	
5	0	0	0	0	452	
6	0	0	0	0	451	
7	0	0	0	0	453	
8	0	0	0	0	455	
9	0	0	0	0	456	
10	0	0	0	0	458	
11	0	0	0	0	459	
12	0	0	0	0	459	
13	0	0	0	0	458	
14	0	0	0	0	459	
15	0	0	0	0	460	
0	0	0	0	0	461	
1	0	0	0	0	461	
2	0	0	0	0	459	
3	0	0	0	0	459	
4	0	0	0	0	457	
5	0	0	0	0	454	
6	0	0	0	0	454	
7	0	0	0	0	456	
8	0	0	0	0	458	
9	0	0	0	0	458	
10	0	0	0	0	460	
11	0	0	0	0	462	
12	0	0	0	0	463	
13	0	0	0	0	463	
14	0	0	0	0	462	
15	0	0	0	0	460	
0	0	0	0	0	462	
1	0	0	0	0	464	
2	0	0	0	0	465	
3	0	0	0	0	465	
4	0	0	0	0	467	
5	0	0	0	0	467	
6	0	0	0	0	467	
7	0	0	0	0	468	
8	0	0	0	0	469	
9	0	0	0	0	467	
10	0	0	0	0	466	
11	0	0	0	0	467	
12	0	0	0	0	467	
13	0	0	0	0	466	
14	0	0	0	0	466	
15	0	0	0	0	468	
0	0	0	0	0	470	
1	0	0	0	0	469	
2	0	0	0	0	469	
3	0	0	0	0	470	
4	0	0	0	0	469	
5	0	0	0	0	467	
6	0	0	0	0	466	
7	0	0	0	0	465	
8	0	0	0	0	467	
9	0	0	0	0	472	
10	0	0	0	0	475	
11	0	0	0	0	476	
12	0	0	0	0	479	
13	0	0	0	0	481	
14	0	0	0	0	482	
15	0	0	0	0	481	
0	0	0	0	0	482	
1	0	0	0	0	483	
2	0	0	0	0	485	
3	0	0	0	0	484	
4	0	0	0	0	482	
5	0	0	0	0	478	
6	0	0	0	0	481	
7	0	0	0	0	485	
8	0	0	0	0	484	
9	0	0	0	0	484	
10	0	0	0	0	484	
11	0	0	0	0	484	
12	0	0	0	0	485	
13	0	0	0	0	485	
14	0	0	0	0	486	
15	0	0	0	0	488	
0	0	0	0	0	487	
1	0	0	0	0	488	
2	0	0	0	0	487	
3	0	0	0	0	488	
4	0	0	0	0	491	
5	0	0	0	0	489	
6	0	0	0	0	486	
7	0	0	0	0	484	
8	0	0	0	0	487	
9	0	0	0	0	487	
10	0	0	0	0	487	
11	0	0	0	0	485	
12	0	0	0	0	486	
13	0	0	0	0	487	
14	0	0	0	0	488	
15	0	0	0	0	487	
0	0	0	0	0	487	
1	0	0	0	0	487	
2	0	0	0	0	488	
3	0	0	0	0	489	
4	0	0	0	0	489	
5	0	0	0	0	487	
6	0	0	0	0	488	
7	0	0	0	0	487	
8	0	0	0	0	489	
9	0	0	0	0	488	
10	0	0	0	0	487	
11	0	0	0	0	488	
12	0	0	0	0	487	
13	0	0	0	0	486	
14	0	0	0	0	484	
15	0	0	0	0	484	
0	0	0	0	0	485	
1	0	0	0	0	484	
2	0	0	0	0	482	
3	0	0	0	0	484	
4	0	0	0	0	486	
5	0	0	0	0	485	
6	0	0	0	0	484	
7	0	0	0	0	483	
8	0	0	0	0	482	
9	0	0	0	0	481	
10	0	0	0	0	483	
11	0	0	0	0	486	
12	0	0	0	0	487	
13	0	0	0	0	487	
14	0	0	0	0	487	
15	0	0	0	0	484	
0	0	0	0	0	484	
1	0	0	0	0	481	
2	0	0	0	0	479	
3	0	0	0	0	480	
4	0	0	0	0	483	
5	0	0	0	0	486	
6	0	0	0	0	488	
7	0	0	0	0	487	
8	0	0	0	0	487	
9	0	0	0	0	488	
10	0	0	0	0	489	
11	0	0	0	0	484	
12	0	0	0	0	482	
13	0	0	0	0	484	
14	0	0	0	0	487	
15	0	0	0	0	489	
0	0	0	0	0	488	
1	0	0	0	0	489	
2	0	0	0	0	489	
3	0	0	0	0	489	
4	0	0	0	0	489	
5	0	0	0	0	486	
6	0	0	0	0	485	
7	0	0	0	0	485	
8	0	0	0	0	488	
9	0	0	0	0	488	
10	0	0	0	0	487	
11	0	0	0	0	486	
12	0	0	0	0	486	
13	0	0	0	0	487	
14	0	0	0	0	485	
15	0	0	0	0	483	
0	0	0	0	0	482	
1	0	0	0	0	480	
2	0	0	0	0	478	
3	0	0	0	0	477	
4	0	0	0	0	476	
5	0	0	0	0	475	
6	0	0	0	0	473	
7	0	0	0	0	473	
8	0	0	0	0	470	
9	0	0	0	0	470	
10	0	0	0	0	471	
11	0	0	0	0	470	
12	0	0	0	0	470	
13	0	0	0	0	472	
14	0	0	0	0	475	
15	0	0	0	0	479	
0	0	0	0	0	486	
1	0	0	0	0	492	
2	0	0	0	0	498	
3	0	0	0	0	505	
4	0	0	0	0	515	
5	0	0	0	0	524	
6	0	0	0	0	530	
7	0	0	0	0	537	
8	0	0	0	0	544	
9	0	0	0	0	552	
10	0	0	0	0	564	
11	0	0	0	0	578	
12	0	0	0	0	591	
13	0	0	0	0	603	
14	0	0	0	0	614	
15	0	0	0	0	625	
0	0	0	0	0	639	
1	0	0	0	0	655	
2	0	0	0	0	671	
3	0	0	0	0	684	
4	0	0	0	0	693	
5	0	0	0	0	699	
6	0	0	0	0	696	
7	0	0	0	0	691	
8	0	0	0	0	682	
9	0	0	0	0	670	
10	0	0	0	0	659	
11	0	0	0	0	646	
12	0	0	0	0	633	
13	0	0	0	0	619	
14	0	0	0	0	606	
15	0	0	0	0	589	
0	0	0	0	0	569	
1	0	0	0	0	550	
2	0	0	0	0	529	
3	0	0	0	0	514	
4	0	0	0	0	500	
5	0	0	0	0	488	
6	0	0	0	0	475	
7	0	0	0	0	462	
8	0	0	0	0	454	
9	0	0	0	0	450	
10	0	0	0	0	444	
11	0	0	0	0	442	
12	0	0	0	0	443	
13	0	0	0	0	445	
14	0	0	0	0	447	
15	0	0	0	0	448	
0	0	0	0	0	449	
1	0	0	0	0	450	
2	0	0	0	0	448	
3	0	0	0	0	451	
4	0	0	0	0	456	
5	0	0	0	0	463	
6	0	0	0	0	467	
7	0	0	0	0	465	
8	0	0	0	0	468	
9	0	0	0	0	473	
10	0	0	0	0	478	
11	0	0	0	0	482	
12	0	0	0	0	482	
13	0	0	0	0	480	
14	0	0	0	0	481	
15	0	0	0	0	481	
0	0	0	0	0	481	
1	0	0	0	0	480	
2	0	0	0	0	480	
3	0	0	0	0	479	
4	0	0	0	0	476	
5	0	0	0	0	477	
6	0	0	0	0	476	
7	0	0	0	0	477	
8	0	0	0	0	478	
9	0	0	0	0	478	
10	0	0	0	0	475	
11	0	0	0	0	472	
12	0	0	0	0	469	
13	0	0	0	0	469	
14	0	0	0	0	472	
15	0	0	0	0	474	
0	0	0	0	0	477	
1	0	0	0	0	478	
2	0	0	0	0	477	
3	0	0	0	0	477	
4	0	0	0	0	478	
5	0	0	0	0	476	
6	0	0	0	0	476	
7	0	0	0	0	479	
8	0	0	0	0	480	
9	0	0	0	0	480	
10	0	0	0	0	480	
11	0	0	0	0	480	
12	0	0	0	0	479	
13	0	0	0	0	479	
14	0	0	0	0	480	
15	0	0	0	0	481	
0	0	0	0	0	482	
1	0	0	0	0	483	
2	0	0	0	0	483	
3	0	0	0	0	482	
4	0	0	0	0	479	
5	0	0	0	0	479	
6	0	0	0	0	480	
7	0	0	0	0	480	
8	0	0	0	0	479	
9	0	0	0	0	476	
10	0	0	0	0	473	
11	0	0	0	0	480	
12	0	0	0	0	489	
13	0	0	0	0	487	
14	0	0	0	0	486	
15	0	0	0	0	483	
0	0	0	0	0	484	
1	0	0	0	0	487	
2	0	0	0	0	487	
3	0	0	0	0	488	
4	0	0	0	0	488	
5	0	0	0	0	488	
6	0	0	0	0	488	
7	0	0	0	0	485	
8	0	0	0	0	483	
9	0	0	0	0	485	
10	0	0	0	0	489	
11	0	0	0	0	489	
12	0	0	0	0	490	
13	0	0	0	0	491	
14	0	0	0	0	491	
15	0	0	0	0	488	
0	0	0	0	0	489	
1	0	0	0	0	493	
2	0	0	0	0	496	
3	0	0	0	0	499	
4	0	0	0	0	500	
5	0	0	0	0	499	
6	0	0	0	0	499	
7	0	0	0	0	496	
8	0	0	0	0	495	
9	0	0	0	0	497	
10	0	0	0	0	499	
11	0	0	0	0	495	
12	0	0	0	0	494	
13	0	0	0	0	497	
14	0	0	0	0	502	
15	0	0	0	0	502	
0	0	0	0	0	501	
1	0	0	0	0	499	
2	0	0	0	0	497	
3	0	0	0	0	494	
4	0	0	0	0	495	
5	0	0	0	0	498	
6	0	0	0	0	503	
7	0	0	0	0	504	
8	0	0	0	0	502	
9	0	0	0	0	498	
10	0	0	0	0	498	
11	0	0	0	0	502	
12	0	0	0	0	504	
13	0	0	0	0	504	
14	0	0	0	0	504	
15	0	0	0	0	505	
0	0	0	0	0	505	
1	0	0	0	0	504	
2	0	0	0	0	504	
3	0	0	0	0	503	
4	0	0	0	0	499	
5	0	0	0	0	500	
6	0	0	0	0	507	
7	0	0	0	0	510	
8	0	0	0	0	509	
9	0	0	0	0	506	
10	0	0	0	0	507	
11	0	0	0	0	508	
12	0	0	0	0	505	
13	0	0	0	0	505	
14	0	0	0	0	507	
15	0	0	0	0	508	
0	0	0	0	0	508	
1	0	0	0	0	507	
2	0	0	0	0	508	
3	0	0	0	0	508	
4	0	0	0	0	507	
5	0	0	0	0	506	
6	0	0	0	0	506	
7	0	0	0	0	505	
8	0	0	0	0	506	
9	0	0	0	0	508	
10	0	0	0	0	511	
11	0	0	0	0	512	
12	0	0	0	0	510	
13	0	0	0	0	506	
14	0	0	0	0	508	
15	0	0	0	0	509	
0	0	0	0	0	512	
1	0	0	0	0	509	
2	0	0	0	0	509	
3	0	0	0	0	512	
4	0	0	0	0	512	
5	0	0	0	0	508	
6	0	0	0	0	509	
7	0	0	0	0	511	
8	0	0	0	0	507	
9	0	0	0	0	507	
10	0	0	0	0	509	
11	0	0	0	0	505	
12	0	0	0	0	507	
13	0	0	0	0	511	
14	0	0	0	0	517	
15	0	0	0	0	518	
0	0	0	0	0	519	
1	0	0	0	0	519	
2	0	0	0	0	522	
3	0	0	0	0	524	
4	0	0	0	0	525	
5	0	0	0	0	522	
6	0	0	0	0	521	
7	0	0	0	0	519	
8	0	0	0	0	517	
9	0	0	0	0	520	
10	0	0	0	0	523	
11	0	0	0	0	519	
12	0	0	0	0	516	
13	0	0	0	0	519	
14	0	0	0	0	521	
15	0	0	0	0	527	
0	0	0	0	0	527	
1	0	0	0	0	525	
2	0	0	0	0	524	
3	0	0	0	0	527	
4	0	0	0	0	531	
5	0	0	0	0	532	
6	0	0	0	0	532	
7	0	0	0	0	533	
8	0	0	0	0	534	
9	0	0	0	0	535	
10	0	0	0	0	536	
11	0	0	0	0	535	
12	0	0	0	0	533	
13	0	0	0	0	533	
14	0	0	0	0	534	
15	0	0	0	0	536	
0	0	0	0	0	538	
1	0	0	0	0	541	
2	0	0	0	0	542	
3	0	0	0	0	543	
4	0	0	0	0	544	
5	0	0	0	0	544	
6	0	0	0	0	543	
7	0	0	0	0	544	
8	0	0	0	0	544	
9	0	0	0	0	544	
10	0	0	0	0	543	
11	0	0	0	0	541	
12	0	0	0	0	541	
13	0	0	0	0	537	
14	0	0	0	0	539	
15	0	0	0	0	542	
0	0	0	0	0	542	
1	0	0	0	0	543	
2	0	0	0	0	544	
3	0	0	0	0	543	
4	0	0	0	0	543	
5	0	0	0	0	543	
6	0	0	0	0	542	
7	0	0	0	0	543	
8	0	0	0	0	543	
9	0	0	0	0	542	
10	0	0	0	0	543	
11	0	0	0	0	541	
12	0	0	0	0	539	
13	0	0	0	0	540	
14	0	0	0	0	544	
15	0	0	0	0	543	
0	0	0	0	0	540	
1	0	0	0	0	538	
2	0	0	0	0	536	
3	0	0	0	0	535	
4	0	0	0	0	535	
5	0	0	0	0	532	
6	0	0	0	0	532	
7	0	0	0	0	534	
8	0	0	0	0	535	
9	0	0	0	0	536	
10	0	0	0	0	534	
11	0	0	0	0	531	
12	0	0	0	0	529	
13	0	0	0	0	531	
14	0	0	0	0	531	
15	0	0	0	0	529	
0	0	0	0	0	528	
1	0	0	0	0	528	
2	0	0	0	0	527	
3	0	0	0	0	526	
4	0	0	0	0	520	
5	0	0	0	0	515	
6	0	0	0	0	515	
7	0	0	0	0	515	
8	0	0	0	0	514	
9	0	0	0	0	512	
10	0	0	0	0	510	
11	0	0	0	0	505	
12	0	0	0	0	503	
13	0	0	0	0	502	
14	0	0	0	0	502	
15	0	0	0	0	498	
0	0	0	0	0	499	
1	0	0	0	0	504	
2	0	0	0	0	504	
3	0	0	0	0	504	
4	0	0	0	0	505	
5	0	0	0	0	504	
6	0	0	0	0	499	
7	0	0	0	0	497	
8	0	0	0	0	498	
9	0	0	0	0	499	
10	0	0	0	0	496	
11	0	0	0	0	494	
12	0	0	0	0	490	
13	0	0	0	0	488	
14	0	0	0	0	490	
15	0	0	0	0	491	
0	0	0	0	0	488	
1	0	0	0	0	486	
2	0	0	0	0	483	
3	0	0	0	0	481	
4	0	0	0	0	478	
5	0	0	0	0	478	
6	0	0	0	0	478	
7	0	0	0	0	483	
8	0	0	0	0	484	
9	0	0	0	0	483	
10	0	0	0	0	482	
11	0	0	0	0	481	
12	0	0	0	0	479	
13	0	0	0	0	480	
14	0	0	0	0	483	
15	0	0	0	0	483	
0	0	0	0	0	483	
1	0	0	0	0	479	
2	0	0	0	0	479	
3	0	0	0	0	479	
4	0	0	0	0	481	
5	0	0	0	0	482	
6	0	0	0	0	483	
7	0	0	0	0	484	
8	0	0	0	0	486	
9	0	0	0	0	486	
10	0	0	0	0	483	
11	0	0	0	0	481	
12	0	0	0	0	479	
13	0	0	0	0	480	
14	0	0	0	0	487	
15	0	0	0	0	487	
0	0	0	0	0	482	
1	0	0	0	0	485	
2	0	0	0	0	486	
3	0	0	0	0	486	
4	0	0	0	0	488	
5	0	0	0	0	491	
6	0	0	0	0	492	
7	0	0	0	0	489	
8	0	0	0	0	486	
9	0	0	0	0	487	
10	0	0	0	0	488	
11	0	0	0	0	490	
12	0	0	0	0	487	
13	0	0	0	0	483	
14	0	0	0	0	479	
15	0	0	0	0	480	
0	0	0	0	0	484	
1	0	0	0	0	487	
2	0	0	0	0	489	
3	0	0	0	0	491	
4	0	0	0	0	491	
5	0	0	0	0	492	
6	0	0	0	0	493	
7	0	0	0	0	492	
8	0	0	0	0	492	
9	0	0	0	0	493	
10	0	0	0	0	495	
11	0	0	0	0	496	
12	0	0	0	0	497	
13	0	0	0	0	499	
14	0	0	0	0	499	
15	0	0	0	0	498	
0	0	0	0	0	498	
1	0	0	0	0	496	
2	0	0	0	0	495	
3	0	0	0	0	496	
4	0	0	0	0	497	
5	0	0	0	0	499	
6	0	0	0	0	500	
7	0	0	0	0	499	
8	0	0	0	0	497	
9	0	0	0	0	496	
10	0	0	0	0	496	
11	0	0	0	0	498	
12	0	0	0	0	495	
13	0	0	0	0	494	
14	0	0	0	0	499	
15	0	0	0	0	503	
0	0	0	0	0	504	
1	0	0	0	0	503	
2	0	0	0	0	504	
3	0	0	0	0	506	
4	0	0	0	0	505	
5	0	0	0	0	507	
6	0	0	0	0	504	
7	0	0	0	0	504	
8	0	0	0	0	506	
9	0	0	0	0	504	
10	0	0	0	0	508	
11	0	0	0	0	509	
12	0	0	0	0	510	
13	0	0	0	0	512	
14	0	0	0	0	511	
15	0	0	0	0	509	
0	0	0	0	0	509	
1	0	0	0	0	508	
2	0	0	0	0	508	
3	0	0	0	0	508	
4	0	0	0	0	508	
5	0	0	0	0	506	
6	0	0	0	0	504	
7	0	0	0	0	504	
8	0	0	0	0	506	
9	0	0	0	0	509	
10	0	0	0	0	508	
11	0	0	0	0	508	
12	0	0	0	0	509	
13	0	0	0	0	509	
14	0	0	0	0	509	
15	0	0	0	0	508	
0	0	0	0	0	509	
1	0	0	0	0	511	
2	0	0	0	0	512	
3	0	0	0	0	512	
4	0	0	0	0	510	
5	0	0	0	0	510	
6	0	0	0	0	511	
7	0	0	0	0	511	
8	0	0	0	0	510	
9	0	0	0	0	511	
10	0	0	0	0	511	
11	0	0	0	0	512	
12	0	0	0	0	510	
13	0	0	0	0	510	
14	0	0	0	0	509	
15	0	0	0	0	509	
0	0	0	0	0	508	
1	0	0	0	0	504	
2	0	0	0	0	503	
3	0	0	0	0	508	
4	0	0	0	0	507	
5	0	0	0	0	503	
6	0	0	0	0	503	
7	0	0	0	0	509	
8	0	0	0	0	515	
9	0	0	0	0	517	
10	0	0	0	0	515	
11	0	0	0	0	512	
12	0	0	0	0	513	
13	0	0	0	0	514	
14	0	0	0	0	514	
15	0	0	0	0	514	
0	0	0	0	0	511	
1	0	0	0	0	510	
2	0	0	0	0	512	
3	0	0	0	0	511	
4	0	0	0	0	510	
5	0	0	0	0	508	
6	0	0	0	0	505	
7	0	0	0	0	506	
8	0	0	0	0	510	
9	0	0	0	0	512	
10	0	0	0	0	511	
11	0	0	0	0	512	
12	0	0	0	0	512	
13	0	0	0	0	512	
14	0	0	0	0	511	
15	0	0	0	0	514	
0	0	0	0	0	515	
1	0	0	0	0	516	
2	0	0	0	0	512	
3	0	0	0	0	511	
4	0	0	0	0	510	
5	0	0	0	0	509	
6	0	0	0	0	508	
7	0	0	0	0	508	
8	0	0	0	0	509	
9	0	0	0	0	514	
10	0	0	0	0	516	
11	0	0	0	0	516	
12	0	0	0	0	517	
13	0	0	0	0	519	
14	0	0	0	0	518	
15	0	0	0	0	515	
0	0	0	0	0	514	
1	0	0	0	0	512	
2	0	0	0	0	510	
3	0	0	0	0	511	
4	0	0	0	0	512	
5	0	0	0	0	515	
6	0	0	0	0	517	
7	0	0	0	0	515	
8	0	0	0	0	515	
9	0	0	0	0	514	
10	0	0	0	0	515	
11	0	0	0	0	515	
12	0	0	0	0	516	
13	0	0	0	0	517	
14	0	0	0	0	519	
15	0	0	0	0	519	
0	0	0	0	0	519	
1	0	0	0	0	519	
2	0	0	0	0	515	
3	0	0	0	0	514	
4	0	0	0	0	515	
5	0	0	0	0	515	
6	0	0	0	0	509	
7	0	0	0	0	509	
8	0	0	0	0	515	
9	0	0	0	0	518	
10	0	0	0	0	516	
11	0	0	0	0	512	
12	0	0	0	0	510	
13	0	0	0	0	510	
14	0	0	0	0	513	
15	0	0	0	0	514	
0	0	0	0	0	516	
1	0	0	0	0	516	
2	0	0	0	0	513	
3	0	0	0	0	512	
4	0	0	0	0	513	
5	0	0	0	0	515	
6	0	0	0	0	515	
7	0	0	0	0	515	
8	0	0	0	0	515	
9	0	0	0	0	515	
10	0	0	0	0	517	
11	0	0	0	0	518	
12	0	0	0	0	517	
13	0	0	0	0	516	
14	0	0	0	0	516	
15	0	0	0	0	518	
0	0	0	0	0	519	
1	0	0	0	0	519	
2	0	0	0	0	518	
3	0	0	0	0	519	
4	0	0	0	0	518	
5	0	0	0	0	516	
6	0	0	0	0	517	
7	0	0	0	0	519	
8	0	0	0	0	519	
9	0	0	0	0	515	
10	0	0	0	0	512	
11	0	0	0	0	510	
12	0	0	0	0	508	
13	0	0	0	0	508	
14	0	0	0	0	511	
15	0	0	0	0	514	
0	0	0	0	0	515	
1	0	0	0	0	515	
2	0	0	0	0	515	
3	0	0	0	0	515	
4	0	0	0	0	512	
5	0	0	0	0	513	
6	0	0	0	0	516	
7	0	0	0	0	517	
8	0	0	0	0	513	
9	0	0	0	0	513	
10	0	0	0	0	516	
11	0	0	0	0	520	
12	0	0	0	0	521	
13	0	0	0	0	523	
14	0	0	0	0	524	
15	0	0	0	0	525	
0	0	0	0	0	523	
1	0	0	0	0	521	
2	0	0	0	0	520	
3	0	0	0	0	518	
4	0	0	0	0	516	
5	0	0	0	0	515	
6	0	0	0	0	515	
7	0	0	0	0	515	
8	0	0	0	0	513	
9	0	0	0	0	512	
10	0	0	0	0	512	
11	0	0	0	0	512	
12	0	0	0	0	512	
13	0	0	0	0	515	
14	0	0	0	0	515	
15	0	0	0	0	514	
0	0	0	0	0	515	
1	0	0	0	0	518	
2	0	0	0	0	518	
3	0	0	0	0	517	
4	0	0	0	0	516	
5	0	0	0	0	513	
6	0	0	0	0	512	
7	0	0	0	0	512	
8	0	0	0	0	511	
9	0	0	0	0	511	
10	0	0	0	0	511	
11	0	0	0	0	515	
12	0	0	0	0	518	
13	0	0	0	0	520	
14	0	0	0	0	519	
15	0	0	0	0	515	
0	0	0	0	0	512	
1	0	0	0	0	512	
2	0	0	0	0	515	
3	0	0	0	0	517	
4	0	0	0	0	515	
5	0	0	0	0	515	
6	0	0	0	0	515	
7	0	0	0	0	515	
8	0	0	0	0	518	
9	0	0	0	0	518	
10	0	0	0	0	518	
11	0	0	0	0	518	
12	0	0	0	0	515	
13	0	0	0	0	513	
14	0	0	0	0	513	
15	0	0	0	0	515	
0	0	0	0	0	516	
1	0	0	0	0	518	
2	0	0	0	0	519	
3	0	0	0	0	518	
4	0	0	0	0	519	
5	0	0	0	0	518	
6	0	0	0	0	517	
7	0	0	0	0	517	
8	0	0	0	0	516	
9	0	0	0	0	514	
10	0	0	0	0	514	
11	0	0	0	0	514	
12	0	0	0	0	515	
13	0	0	0	0	513	
14	0	0	0	0	515	
15	0	0	0	0	516	
0	0	0	0	0	515	
1	0	0	0	0	513	
2	0	0	0	0	512	
3	0	0	0	0	514	
4	0	0	0	0	515	
5	0	0	0	0	514	
6	0	0	0	0	514	
7	0	0	0	0	514	
8	0	0	0	0	511	
9	0	0	0	0	508	
10	0	0	0	0	510	
11	0	0	0	0	515	
12	0	0	0	0	513	
13	0	0	0	0	510	
14	0	0	0	0	512	
15	0	0	0	0	513	
0	0	0	0	0	516	
1	0	0	0	0	513	
2	0	0	0	0	508	
3	0	0	0	0	507	
4	0	0	0	0	514	
5	0	0	0	0	519	
6	0	0	0	0	518	
7	0	0	0	0	516	
8	0	0	0	0	517	
9	0	0	0	0	516	
10	0	0	0	0	516	
11	0	0	0	0	517	
12	0	0	0	0	517	
13	0	0	0	0	515	
14	0	0	0	0	514	
15	0	0	0	0	512	
0	0	0	0	0	511	
1	0	0	0	0	514	
2	0	0	0	0	515	
3	0	0	0	0	514	
4	0	0	0	0	513	
5	0	0	0	0	512	
6	0	0	0	0	512	
7	0	0	0	0	511	
8	0	0	0	0	513	
9	0	0	0	0	514	
10	0	0	0	0	512	
11	0	0	0	0	512	
12	0	0	0	0	513	
13	0	0	0	0	513	
14	0	0	0	0	515	
15	0	0	0	0	515	
0	0	0	0	0	517	
1	0	0	0	0	518	
2	0	0	0	0	517	
3	0	0	0	0	513	
4	0	0	0	0	514	
5	0	0	0	0	516	
6	0	0	0	0	515	
7	0	0	0	0	514	
8	0	0	0	0	515	
9	0	0	0	0	515	
10	0	0	0	0	513	
11	0	0	0	0	513	
12	0	0	0	0	515	
13	0	0	0	0	517	
14	0	0	0	0	516	
15	0	0	0	0	515	
0	0	0	0	0	515	
1	0	0	0	0	514	
2	0	0	0	0	515	
3	0	0	0	0	514	
4	0	0	0	0	513	
5	0	0	0	0	512	
6	0	0	0	0	510	
7	0	0	0	0	509	
8	0	0	0	0	510	
9	0	0	0	0	512	
10	0	0	0	0	512	
11	0	0	0	0	512	
12	0	0	0	0	512	
13	0	0	0	0	511	
14	0	0	0	0	509	
15	0	0	0	0	504	
0	0	0	0	0	506	
1	0	0	0	0	512	
2	0	0	0	0	516	
3	0	0	0	0	517	
4	0	0	0	0	517	
5	0	0	0	0	513	
6	0	0	0	0	512	
7	0	0	0	0	513	
8	0	0	0	0	517	
9	0	0	0	0	516	
10	0	0	0	0	514	
11	0	0	0	0	514	
12	0	0	0	0	514	
13	0	0	0	0	512	
14	0	0	0	0	511	
15	0	0	0	0	513	
0	0	0	0	0	513	
1	0	0	0	0	518	
2	0	0	0	0	520	
3	0	0	0	0	519	
4	0	0	0	0	515	
5	0	0	0	0	511	
6	0	0	0	0	510	
7	0	0	0	0	511	
8	0	0	0	0	515	
9	0	0	0	0	518	
10	0	0	0	0	520	
11	0	0	0	0	519	
12	0	0	0	0	519	
13	0	0	0	0	517	
14	0	0	0	0	515	
15	0	0	0	0	514	
0	0	0	0	0	513	
1	0	0	0	0	514	
2	0	0	0	0	515	
3	0	0	0	0	516	
4	0	0	0	0	517	
5	0	0	0	0	517	
6	0	0	0	0	516	
7	0	0	0	0	514	
8	0	0	0	0	513	
9	0	0	0	0	512	
10	0	0	0	0	512	
11	0	0	0	0	513	
12	0	0	0	0	512	
13	0	0	0	0	512	
14	0	0	0	0	512	
15	0	0	0	0	512	
0	0	0	0	0	513	
1	0	0	0	0	513	
2	0	0	0	0	514	
3	0	0	0	0	513	
4	0	0	0	0	511	
5	0	0	0	0	511	
6	0	0	0	0	508	
7	0	0	0	0	508	
8	0	0	0	0	512	
9	0	0	0	0	519	
10	0	0	0	0	520	
11	0	0	0	0	516	
12	0	0	0	0	512	
13	0	0	0	0	511	
14	0	0	0	0	510	
15	0	0	0	0	511	
0	0	0	0	0	510	
1	0	0	0	0	508	
2	0	0	0	0	506	
3	0	0	0	0	506	
4	0	0	0	0	508	
5	0	0	0	0	508	
6	0	0	0	0	507	
7	0	0	0	0	509	
8	0	0	0	0	510	
9	0	0	0	0	511	
10	0	0	0	0	509	
11	0	0	0	0	509	
12	0	0	0	0	511	
13	0	0	0	0	511	
14	0	0	0	0	513	
15	0	0	0	0	512	
0	0	0	0	0	510	
1	0	0	0	0	505	
2	0	0	0	0	500	
3	0	0	0	0	502	
4	0	0	0	0	506	
5	0	0	0	0	508	
6	0	0	0	0	509	
7	0	0	0	0	508	
8	0	0	0	0	509	
9	0	0	0	0	512	
10	0	0	0	0	513	
11	0	0	0	0	512	
12	0	0	0	0	508	
13	0	0	0	0	504	
14	0	0	0	0	506	
15	0	0	0	0	512	
0	0	0	0	0	514	
1	0	0	0	0	512	
2	0	0	0	0	510	
3	0	0	0	0	511	
4	0	0	0	0	510	
5	0	0	0	0	511	
6	0	0	0	0	511	
7	0	0	0	0	513	
8	0	0	0	0	512	
9	0	0	0	0	510	
10	0	0	0	0	510	
11	0	0	0	0	510	
12	0	0	0	0	508	
13	0	0	0	0	508	
14	0	0	0	0	510	
15	0	0	0	0	510	
0	0	0	0	0	508	
1	0	0	0	0	505	
2	0	0	0	0	504	
3	0	0	0	0	509	
4	0	0	0	0	512	
5	0	0	0	0	513	
6	0	0	0	0	514	
7	0	0	0	0	517	
8	0	0	0	0	517	
9	0	0	0	0	515	
10	0	0	0	0	514	
11	0	0	0	0	514	
12	0	0	0	0	516	
13	0	0	0	0	518	
14	0	0	0	0	519	
15	0	0	0	0	519	
0	0	0	0	0	520	
1	0	0	0	0	518	
2	0	0	0	0	519	
3	0	0	0	0	520	
4	0	0	0	0	518	
5	0	0	0	0	515	
6	0	0	0	0	512	
7	0	0	0	0	511	
8	0	0	0	0	510	
9	0	0	0	0	513	
10	0	0	0	0	516	
11	0	0	0	0	517	
12	0	0	0	0	516	
13	0	0	0	0	514	
14	0	0	0	0	514	
15	0	0	0	0	514	
0	0	0	0	0	514	
1	0	0	0	0	516	
2	0	0	0	0	518	
3	0	0	0	0	519	
4	0	0	0	0	520	
5	0	0	0	0	519	
6	0	0	0	0	520	
7	0	0	0	0	520	
8	0	0	0	0	519	
9	0	0	0	0	517	
10	0	0	0	0	517	
11	0	0	0	0	518	
12	0	0	0	0	519	
13	0	0	0	0	519	
14	0	0	0	0	518	
15	0	0	0	0	519	
0	0	0	0	0	518	
1	0	0	0	0	515	
2	0	0	0	0	514	
3	0	0	0	0	518	
4	0	0	0	0	518	
5	0	0	0	0	518	
6	0	0	0	0	518	
7	0	0	0	0	517	
8	0	0	0	0	517	
9	0	0	0	0	515	
10	0	0	0	0	511	
11	0	0	0	0	512	
12	0	0	0	0	513	
13	0	0	0	0	515	
14	0	0	0	0	515	
15	0	0	0	0	514	
0	0	0	0	0	512	
1	0	0	0	0	509	
2	0	0	0	0	508	
3	0	0	0	0	511	
4	0	0	0	0	510	
5	0	0	0	0	506	
6	0	0	0	0	506	
7	0	0	0	0	506	
8	0	0	0	0	507	
9	0	0	0	0	507	
10	0	0	0	0	510	
11	0	0	0	0	511	
12	0	0	0	0	511	
13	0	0	0	0	510	
14	0	0	0	0	507	
15	0	0	0	0	506	
0	0	0	0	0	507	
1	0	0	0	0	509	
2	0	0	0	0	509	
3	0	0	0	0	508	
4	0	0	0	0	504	
5	0	0	0	0	501	
6	0	0	0	0	504	
7	0	0	0	0	505	
8	0	0	0	0	504	
9	0	0	0	0	502	
10	0	0	0	0	500	
11	0	0	0	0	499	
12	0	0	0	0	498	
13	0	0	0	0	500	
14	0	0	0	0	499	
15	0	0	0	0	494	
0	0	0	0	0	492	
1	0	0	0	0	494	
2	0	0	0	0	497	
3	0	0	0	0	499	
4	0	0	0	0	499	
5	0	0	0	0	496	
6	0	0	0	0	496	
7	0	0	0	0	496	
8	0	0	0	0	497	
9	0	0	0	0	499	
10	0	0	0	0	500	
11	0	0	0	0	498	
12	0	0	0	0	496	
13	0	0	0	0	494	
14	0	0	0	0	494	
15	0	0	0	0	496	
0	0	0	0	0	498	
1	0	0	0	0	498	
2	0	0	0	0	497	
3	0	0	0	0	496	
4	0	0	0	0	496	
5	0	0	0	0	495	
6	0	0	0	0	495	
7	0	0	0	0	496	
8	0	0	0	0	497	
9	0	0	0	0	497	
10	0	0	0	0	496	
11	0	0	0	0	495	
12	0	0	0	0	496	
13	0	0	0	0	496	
14	0	0	0	0	497	
15	0	0	0	0	497	
0	0	0	0	0	496	
1	0	0	0	0	498	
2	0	0	0	0	496	
3	0	0	0	0	494	
4	0	0	0	0	492	
5	0	0	0	0	491	
6	0	0	0	0	491	
7	0	0	0	0	489	
8	0	0	0	0	483	
9	0	0	0	0	480	
10	0	0	0	0	482	
11	0	0	0	0	481	
12	0	0	0	0	477	
13	0	0	0	0	475	
14	0	0	0	0	475	
15	0	0	0	0	475	
0	0	0	0	0	475	
1	0	0	0	0	472	
2	0	0	0	0	472	
3	0	0	0	0	474	
4	0	0	0	0	474	
5	0	0	0	0	473	
6	0	0	0	0	479	
7	0	0	0	0	484	
8	0	0	0	0	489	
9	0	0	0	0	492	
10	0	0	0	0	497	
11	0	0	0	0	503	
12	0	0	0	0	510	
13	0	0	0	0	516	
14	0	0	0	0	522	
15	0	0	0	0	531	
0	0	0	0	0	540	
1	0	0	0	0	551	
2	0	0	0	0	563	
3	0	0	0	0	580	
4	0	0	0	0	595	
5	0	0	0	0	606	
6	0	0	0	0	617	
7	0	0	0	0	628	
8	0	0	0	0	640	
9	0	0	0	0	654	
10	0	0	0	0	665	
11	0	0	0	0	675	
12	0	0	0	0	684	
13	0	0	0	0	688	
14	0	0	0	0	689	
15	0	0	0	0	689	
0	0	0	0	0	684	
1	0	0	0	0	674	
2	0	0	0	0	662	
3	0	0	0	0	651	
4	0	0	0	0	639	
5	0	0	0	0	626	
6	0	0	0	0	611	
7	0	0	0	0	594	
8	0	0	0	0	574	
9	0	0	0	0	553	
10	0	0	0	0	535	
11	0	0	0	0	519	
12	0	0	0	0	504	
13	0	0	0	0	489	
14	0	0	0	0	473	
15	0	0	0	0	461	
0	0	0	0	0	454	
1	0	0	0	0	448	
2	0	0	0	0	446	
3	0	0	0	0	444	
4	0	0	0	0	441	
5	0	0	0	0	439	
6	0	0	0	0	440	
7	0	0	0	0	443	
8	0	0	0	0	448	
9	0	0	0	0	452	
10	0	0	0	0	455	
11	0	0	0	0	457	
12	0	0	0	0	458	
13	0	0	0	0	460	
14	0	0	0	0	464	
15	0	0	0	0	467	
0	0	0	0	0	472	
1	0	0	0	0	473	
2	0	0	0	0	476	
3	0	0	0	0	478	
4	0	0	0	0	480	
5	0	0	0	0	479	
6	0	0	0	0	477	
7	0	0	0	0	476	
8	0	0	0	0	477	
9	0	0	0	0	476	
10	0	0	0	0	475	
11	0	0	0	0	472	
12	0	0	0	0	471	
13	0	0	0	0	471	
14	0	0	0	0	472	
15	0	0	0	0	473	
0	0	0	0	0	475	
1	0	0	0	0	476	
2	0	0	0	0	479	
3	0	0	0	0	480	
4	0	0	0	0	477	
5	0	0	0	0	475	
6	0	0	0	0	476	
7	0	0	0	0	477	
8	0	0	0	0	477	
9	0	0	0	0	476	
10	0	0	0	0	476	
11	0	0	0	0	478	
12	0	0	0	0	479	
13	0	0	0	0	478	
14	0	0	0	0	479	
15	0	0	0	0	479	
0	0	0	0	0	476	
1	0	0	0	0	475	
2	0	0	0	0	476	
3	0	0	0	0	480	
4	0	0	0	0	483	
5	0	0	0	0	483	
6	0	0	0	0	482	
7	0	0	0	0	481	
8	0	0	0	0	481	
9	0	0	0	0	481	
10	0	0	0	0	480	
11	0	0	0	0	480	
12	0	0	0	0	480	
13	0	0	0	0	479	
14	0	0	0	0	480	
15	0	0	0	0	482	
0	0	0	0	0	483	
1	0	0	0	0	483	
2	0	0	0	0	487	
3	0	0	0	0	488	
4	0	0	0	0	488	
5	0	0	0	0	488	
6	0	0	0	0	489	
7	0	0	0	0	489	
8	0	0	0	0	487	
9	0	0	0	0	487	
10	0	0	0	0	489	
11	0	0	0	0	492	
12	0	0	0	0	492	
13	0	0	0	0	491	
14	0	0	0	0	489	
15	0	0	0	0	487	
0	0	0	0	0	489	
1	0	0	0	0	492	
2	0	0	0	0	492	
3	0	0	0	0	492	
4	0	0	0	0	491	
5	0	0	0	0	491	
6	0	0	0	0	491	
7	0	0	0	0	489	
8	0	0	0	0	490	
9	0	0	0	0	489	
10	0	0	0	0	488	
11	0	0	0	0	488	
12	0	0	0	0	488	
13	0	0	0	0	483	
14	0	0	0	0	484	
15	0	0	0	0	486	
0	0	0	0	0	488	
1	0	0	0	0	488	
2	0	0	0	0	487	
3	0	0	0	0	483	
4	0	0	0	0	484	
5	0	0	0	0	488	
6	0	0	0	0	489	
7	0	0	0	0	487	
8	0	0	0	0	491	
9	0	0	0	0	491	
10	0	0	0	0	490	
11	0	0	0	0	489	
12	0	0	0	0	490	
13	0	0	0	0	494	
14	0	0	0	0	493	
15	0	0	0	0	494	
0	0	0	0	0	495	
1	0	0	0	0	495	
2	0	0	0	0	497	
3	0	0	0	0	496	
4	0	0	0	0	495	
5	0	0	0	0	496	
6	0	0	0	0	497	
7	0	0	0	0	500	
8	0	0	0	0	502	
9	0	0	0	0	500	
10	0	0	0	0	501	
11	0	0	0	0	501	
12	0	0	0	0	501	
13	0	0	0	0	501	
14	0	0	0	0	500	
15	0	0	0	0	499	
0	0	0	0	0	495	
1	0	0	0	0	494	
2	0	0	0	0	496	
3	0	0	0	0	497	
4	0	0	0	0	499	
5	0	0	0	0	498	
6	0	0	0	0	493	
7	0	0	0	0	489	
8	0	0	0	0	489	
9	0	0	0	0	494	
10	0	0	0	0	497	
11	0	0	0	0	499	
12	0	0	0	0	499	
13	0	0	0	0	502	
14	0	0	0	0	504	
15	0	0	0	0	505	
0	0	0	0	0	506	
1	0	0	0	0	505	
2	0	0	0	0	504	
3	0	0	0	0	501	
4	0	0	0	0	499	
5	0	0	0	0	502	
6	0	0	0	0	504	
7	0	0	0	0	507	
8	0	0	0	0	509	
9	0	0	0	0	507	
10	0	0	0	0	505	
11	0	0	0	0	504	
12	0	0	0	0	505	
13	0	0	0	0	508	
14	0	0	0	0	506	
15	0	0	0	0	505	
0	0	0	0	0	503	
1	0	0	0	0	505	
2	0	0	0	0	507	
3	0	0	0	0	508	
4	0	0	0	0	510	
5	0	0	0	0	510	
6	0	0	0	0	508	
7	0	0	0	0	507	
8	0	0	0	0	508	
9	0	0	0	0	509	
10	0	0	0	0	510	
11	0	0	0	0	510	
12	0	0	0	0	511	
13	0	0	0	0	511	
14	0	0	0	0	514	
15	0	0	0	0	514	
0	0	0	0	0	515	
1	0	0	0	0	516	
2	0	0	0	0	517	
3	0	0	0	0	516	
4	0	0	0	0	513	
5	0	0	0	0	514	
6	0	0	0	0	516	
7	0	0	0	0	515	
8	0	0	0	0	513	
9	0	0	0	0	515	
10	0	0	0	0	514	
11	0	0	0	0	517	
12	0	0	0	0	520	
13	0	0	0	0	521	
14	0	0	0	0	524	
15	0	0	0	0	528	
0	0	0	0	0	532	
1	0	0	0	0	531	
2	0	0	0	0	527	
3	0	0	0	0	527	
4	0	0	0	0	528	
5	0	0	0	0	529	
6	0	0	0	0	529	
7	0	0	0	0	528	
8	0	0	0	0	527	
9	0	0	0	0	527	
10	0	0	0	0	525	
11	0	0	0	0	525	
12	0	0	0	0	525	
13	0	0	0	0	526	
14	0	0	0	0	531	
15	0	0	0	0	532	
0	0	0	0	0	530	
1	0	0	0	0	533	
2	0	0	0	0	534	
3	0	0	0	0	534	
4	0	0	0	0	534	
5	0	0	0	0	534	
6	0	0	0	0	535	
7	0	0	0	0	536	
8	0	0	0	0	536	
9	0	0	0	0	535	
10	0	0	0	0	534	
11	0	0	0	0	534	
12	0	0	0	0	533	
13	0	0	0	0	533	
14	0	0	0	0	535	
15	0	0	0	0	536	
0	0	0	0	0	536	
1	0	0	0	0	537	
2	0	0	0	0	536	
3	0	0	0	0	534	
4	0	0	0	0	534	
5	0	0	0	0	532	
6	0	0	0	0	529	
7	0	0	0	0	527	
8	0	0	0	0	527	
9	0	0	0	0	531	
10	0	0	0	0	531	
11	0	0	0	0	529	
12	0	0	0	0	530	
13	0	0	0	0	531	
14	0	0	0	0	529	
15	0	0	0	0	528	
0	0	0	0	0	527	
1	0	0	0	0	529	
2	0	0	0	0	528	
3	0	0	0	0	524	
4	0	0	0	0	521	
5	0	0	0	0	521	
6	0	0	0	0	519	
7	0	0	0	0	516	
8	0	0	0	0	514	
9	0	0	0	0	512	
10	0	0	0	0	512	
11	0	0	0	0	510	
12	0	0	0	0	508	
13	0	0	0	0	507	
14	0	0	0	0	505	
15	0	0	0	0	503	
0	0	0	0	0	502	
1	0	0	0	0	502	
2	0	0	0	0	500	
3	0	0	0	0	497	
4	0	0	0	0	495	
5	0	0	0	0	492	
6	0	0	0	0	489	
7	0	0	0	0	486	
8	0	0	0	0	483	
9	0	0	0	0	484	
10	0	0	0	0	487	
11	0	0	0	0	488	
12	0	0	0	0	486	
13	0	0	0	0	486	
14	0	0	0	0	486	
15	0	0	0	0	487	
0	0	0	0	0	485	
1	0	0	0	0	483	
2	0	0	0	0	483	
3	0	0	0	0	480	
4	0	0	0	0	476	
5	0	0	0	0	468	
6	0	0	0	0	465	
7	0	0	0	0	467	
8	0	0	0	0	469	
9	0	0	0	0	470	
10	0	0	0	0	470	
11	0	0	0	0	471	
12	0	0	0	0	473	
13	0	0	0	0	472	
14	0	0	0	0	470	
15	0	0	0	0	471	
0	0	0	0	0	473	
1	0	0	0	0	472	
2	0	0	0	0	470	
3	0	0	0	0	468	
4	0	0	0	0	471	
5	0	0	0	0	472	
6	0	0	0	0	475	
7	0	0	0	0	475	
8	0	0	0	0	475	
9	0	0	0	0	476	
10	0	0	0	0	476	
11	0	0	0	0	476	
12	0	0	0	0	476	
13	0	0	0	0	473	
14	0	0	0	0	473	
15	0	0	0	0	472	
0	0	0	0	0	472	
1	0	0	0	0	473	
2	0	0	0	0	474	
3	0	0	0	0	474	
4	0	0	0	0	475	
5	0	0	0	0	476	
6	0	0	0	0	475	
7	0	0	0	0	474	
8	0	0	0	0	473	
9	0	0	0	0	472	
10	0	0	0	0	472	
11	0	0	0	0	473	
12	0	0	0	0	477	
13	0	0	0	0	477	
14	0	0	0	0	476	
15	0	0	0	0	475	
0	0	0	0	0	475	
1	0	0	0	0	476	
2	0	0	0	0	479	
3	0	0	0	0	480	
4	0	0	0	0	478	
5	0	0	0	0	476	
6	0	0	0	0	477	
7	0	0	0	0	480	
8	0	0	0	0	480	
9	0	0	0	0	480	
10	0	0	0	0	480	
11	0	0	0	0	482	
12	0	0	0	0	483	
13	0	0	0	0	483	
14	0	0	0	0	483	
15	0	0	0	0	483	
0	0	0	0	0	481	
1	0	0	0	0	481	
2	0	0	0	0	483	
3	0	0	0	0	483	
4	0	0	0	0	483	
5	0	0	0	0	481	
6	0	0	0	0	475	
7	0	0	0	0	475	
8	0	0	0	0	481	
9	0	0	0	0	486	
10	0	0	0	0	487	
11	0	0	0	0	488	
12	0	0	0	0	490	
13	0	0	0	0	492	
14	0	0	0	0	491	
15	0	0	0	0	490	
0	0	0	0	0	490	
1	0	0	0	0	492	
2	0	0	0	0	491	
3	0	0	0	0	490	
4	0	0	0	0	491	
5	0	0	0	0	490	
6	0	0	0	0	490	
7	0	0	0	0	487	
8	0	0	0	0	485	
9	0	0	0	0	486	
10	0	0	0	0	488	
11	0	0	0	0	489	
12	0	0	0	0	490	
13	0	0	0	0	492	
14	0	0	0	0	492	
15	0	0	0	0	491	
0	0	0	0	0	493	
1	0	0	0	0	493	
2	0	0	0	0	492	
3	0	0	0	0	492	
4	0	0	0	0	496	
5	0	0	0	0	497	
6	0	0	0	0	500	
7	0	0	0	0	500	
8	0	0	0	0	499	
9	0	0	0	0	499	
10	0	0	0	0	499	
11	0	0	0	0	499	
12	0	0	0	0	499	
13	0	0	0	0	499	
14	0	0	0	0	497	
15	0	0	0	0	496	
0	0	0	0	0	496	
1	0	0	0	0	497	
2	0	0	0	0	499	
3	0	0	0	0	497	
4	0	0	0	0	496	
5	0	0	0	0	496	
6	0	0	0	0	497	
7	0	0	0	0	497	
8	0	0	0	0	496	
9	0	0	0	0	497	
10	0	0	0	0	496	
11	0	0	0	0	498	
12	0	0	0	0	499	
13	0	0	0	0	499	
14	0	0	0	0	501	
15	0	0	0	0	499	
0	0	0	0	0	499	
1	0	0	0	0	500	
2	0	0	0	0	502	
3	0	0	0	0	502	
4	0	0	0	0	498	
5	0	0	0	0	497	
6	0	0	0	0	496	
7	0	0	0	0	498	
8	0	0	0	0	502	
9	0	0	0	0	504	
10	0	0	0	0	504	
11	0	0	0	0	505	
12	0	0	0	0	504	
13	0	0	0	0	504	
14	0	0	0	0	505	
15	0	0	0	0	503	
0	0	0	0	0	504	
1	0	0	0	0	505	
2	0	0	0	0	505	
3	0	0	0	0	504	
4	0	0	0	0	504	
5	0	0	0	0	505	
6	0	0	0	0	504	
7	0	0	0	0	504	
8	0	0	0	0	502	
9	0	0	0	0	502	
10	0	0	0	0	502	
11	0	0	0	0	502	
12	0	0	0	0	502	
13	0	0	0	0	503	
14	0	0	0	0	504	
15	0	0	0	0	507	
0	0	0	0	0	509	
1	0	0	0	0	507	
2	0	0	0	0	505	
3	0	0	0	0	504	
4	0	0	0	0	506	
5	0	0	0	0	508	
6	0	0	0	0	508	
7	0	0	0	0	506	
8	0	0	0	0	504	
9	0	0	0	0	502	
10	0	0	0	0	502	
11	0	0	0	0	505	
12	0	0	0	0	507	
13	0	0	0	0	508	
14	0	0	0	0	507	
15	0	0	0	0	507	
0	0	0	0	0	508	
1	0	0	0	0	511	
2	0	0	0	0	511	
3	0	0	0	0	509	
4	0	0	0	0	509	
5	0	0	0	0	511	
6	0	0	0	0	511	
7	0	0	0	0	509	
8	0	0	0	0	507	
9	0	0	0	0	506	
10	0	0	0	0	504	
11	0	0	0	0	506	
12	0	0	0	0	508	
13	0	0	0	0	510	
14	0	0	0	0	510	
15	0	0	0	0	508	
0	0	0	0	0	508	
1	0	0	0	0	509	
2	0	0	0	0	509	
3	0	0	0	0	507	
4	0	0	0	0	502	
5	0	0	0	0	499	
6	0	0	0	0	500	
7	0	0	0	0	503	
8	0	0	0	0	505	
9	0	0	0	0	508	
10	0	0	0	0	509	
11	0	0	0	0	506	
12	0	0	0	0	505	
13	0	0	0	0	506	
14	0	0	0	0	509	
15	0	0	0	0	511	
0	0	0	0	0	511	
1	0	0	0	0	508	
2	0	0	0	0	509	
3	0	0	0	0	509	
4	0	0	0	0	508	
5	0	0	0	0	509	
6	0	0	0	0	508	
7	0	0	0	0	510	
8	0	0	0	0	511	
9	0	0	0	0	510	
10	0	0	0	0	510	
11	0	0	0	0	510	
12	0	0	0	0	509	
13	0	0	0	0	507	
14	0	0	0	0	508	
15	0	0	0	0	504	
0	0	0	0	0	505	
1	0	0	0	0	509	
2	0	0	0	0	511	
3	0	0	0	0	509	
4	0	0	0	0	506	
5	0	0	0	0	505	
6	0	0	0	0	507	
7	0	0	0	0	504	
8	0	0	0	0	504	
9	0	0	0	0	507	
10	0	0	0	0	509	
11	0	0	0	0	508	
12	0	0	0	0	507	
13	0	0	0	0	505	
14	0	0	0	0	506	
15	0	0	0	0	508	
0	0	0	0	0	506	
1	0	0	0	0	502	
2	0	0	0	0	504	
3	0	0	0	0	510	
4	0	0	0	0	511	
5	0	0	0	0	511	
6	0	0	0	0	509	
7	0	0	0	0	505	
8	0	0	0	0	503	
9	0	0	0	0	505	
10	0	0	0	0	511	
11	0	0	0	0	513	
12	0	0	0	0	512	
13	0	0	0	0	511	
14	0	0	0	0	514	
15	0	0	0	0	516	
0	0	0	0	0	513	
1	0	0	0	0	511	
2	0	0	0	0	511	
3	0	0	0	0	511	
4	0	0	0	0	510	
5	0	0	0	0	510	
6	0	0	0	0	513	
7	0	0	0	0	514	
8	0	0	0	0	515	
9	0	0	0	0	515	
10	0	0	0	0	513	
11	0	0	0	0	511	
12	0	0	0	0	509	
13	0	0	0	0	509	
14	0	0	0	0	512	
15	0	0	0	0	512	
0	0	0	0	0	511	
1	0	0	0	0	512	
2	0	0	0	0	515	
3	0	0	0	0	516	
4	0	0	0	0	515	
5	0	0	0	0	515	
6	0	0	0	0	516	
7	0	0	0	0	516	
8	0	0	0	0	516	
9	0	0	0	0	515	
10	0	0	0	0	514	
11	0	0	0	0	514	
12	0	0	0	0	513	
13	0	0	0	0	511	
14	0	0	0	0	512	
15	0	0	0	0	513	
0	0	0	0	0	514	
1	0	0	0	0	513	
2	0	0	0	0	511	
3	0	0	0	0	511	
4	0	0	0	0	512	
5	0	0	0	0	512	
6	0	0	0	0	513	
7	0	0	0	0	513	
8	0	0	0	0	514	
9	0	0	0	0	512	
10	0	0	0	0	512	
11	0	0	0	0	512	
12	0	0	0	0	511	
13	0	0	0	0	512	
14	0	0	0	0	512	
15	0	0	0	0	511	
0	0	0	0	0	508	
1	0	0	0	0	507	
2	0	0	0	0	508	
3	0	0	0	0	507	
4	0	0	0	0	510	
5	0	0	0	0	515	
6	0	0	0	0	516	
7	0	0	0	0	513	
8	0	0	0	0	512	
9	0	0	0	0	512	
10	0	0	0	0	512	
11	0	0	0	0	511	
12	0	0	0	0	508	
13	0	0	0	0	507	
14	0	0	0	0	507	
15	0	0	0	0	507	
0	0	0	0	0	508	
1	0	0	0	0	510	
2	0	0	0	0	507	
3	0	0	0	0	505	
4	0	0	0	0	502	
5	0	0	0	0	505	
6	0	0	0	0	511	
7	0	0	0	0	511	
8	0	0	0	0	511	
9	0	0	0	0	516	
10	0	0	0	0	518	
11	0	0	0	0	516	
12	0	0	0	0	516	
13	0	0	0	0	515	
14	0	0	0	0	514	
15	0	0	0	0	515	
0	0	0	0	0	516	
1	0	0	0	0	518	
2	0	0	0	0	515	
3	0	0	0	0	513	
4	0	0	0	0	512	
5	0	0	0	0	512	
6	0	0	0	0	513	
7	0	0	0	0	515	
8	0	0	0	0	516	
9	0	0	0	0	519	
10	0	0	0	0	520	
11	0	0	0	0	519	
12	0	0	0	0	516	
13	0	0	0	0	515	
14	0	0	0	0	515	
15	0	0	0	0	514	
0	0	0	0	0	512	
1	0	0	0	0	510	
2	0	0	0	0	512	
3	0	0	0	0	513	
4	0	0	0	0	513	
5	0	0	0	0	514	
6	0	0	0	0	514	
7	0	0	0	0	513	
8	0	0	0	0	514	
9	0	0	0	0	515	
10	0	0	0	0	514	
11	0	0	0	0	513	
12	0	0	0	0	512	
13	0	0	0	0	510	
14	0	0	0	0	510	
15	0	0	0	0	509	
0	0	0	0	0	510	
1	0	0	0	0	512	
2	0	0	0	0	513	
3	0	0	0	0	512	
4	0	0	0	0	512	
5	0	0	0	0	514	
6	0	0	0	0	514	
7	0	0	0	0	510	
8	0	0	0	0	505	
9	0	0	0	0	506	
10	0	0	0	0	508	
11	0	0	0	0	510	
12	0	0	0	0	510	
13	0	0	0	0	509	
14	0	0	0	0	508	
15	0	0	0	0	506	
0	0	0	0	0	506	
1	0	0	0	0	505	
2	0	0	0	0	503	
3	0	0	0	0	501	
4	0	0	0	0	499	
5	0	0	0	0	499	
6	0	0	0	0	500	
7	0	0	0	0	499	
8	0	0	0	0	495	
9	0	0	0	0	491	
10	0	0	0	0	486	
11	0	0	0	0	483	
12	0	0	0	0	481	
13	0	0	0	0	473	
14	0	0	0	0	468	
15	0	0	0	0	465	
0	0	0	0	0	464	
1	0	0	0	0	464	
2	0	0	0	0	459	
3	0	0	0	0	452	
4	0	0	0	0	442	
5	0	0	0	0	430	
6	0	0	0	0	415	
7	0	0	0	0	401	
8	0	0	0	0	387	
9	0	0	0	0	373	
10	0	0	0	0	360	
11	0	0	0	0	348	
12	0	0	0	0	335	
13	0	0	0	0	324	
14	0	0	0	0	315	
15	0	0	0	0	306	
0	0	0	0	0	297	
1	0	0	0	0	288	
2	0	0	0	0	283	
3	0	0	0	0	276	
4	0	0	0	0	268	
5	0	0	0	0	265	
6	0	0	0	0	263	
7	0	0	0	0	260	
8	0	0	0	0	256	
9	0	0	0	0	250	
10	0	0	0	0	247	
11	0	0	0	0	246	
12	0	0	0	0	246	
13	0	0	0	0	244	
14	0	0	0	0	244	
15	0	0	0	0	241	
0	0	0	0	0	237	
1	0	0	0	0	234	
2	0	0	0	0	233	
3	0	0	0	0	233	
4	0	0	0	0	234	
5	0	0	0	0	232	
6	0	0	0	0	231	
7	0	0	0	0	230	
8	0	0	0	0	231	
9	0	0	0	0	230	
10	0	0	0	0	231	
11	0	0	0	0	232	
12	0	0	0	0	233	
13	0	0	0	0	235	
14	0	0	0	0	235	
15	0	0	0	0	235	
0	0	0	0	0	236	
1	0	0	0	0	236	
2	0	0	0	0	239	
3	0	0	0	0	242	
4	0	0	0	0	244	
5	0	0	0	0	245	
6	0	0	0	0	245	
7	0	0	0	0	244	
8	0	0	0	0	247	
9	0	0	0	0	253	
10	0	0	0	0	261	
11	0	0	0	0	263	
12	0	0	0	0	260	
13	0	0	0	0	263	
14	0	0	0	0	265	
15	0	0	0	0	267	
0	0	0	0	0	270	
1	0	0	0	0	273	
2	0	0	0	0	277	
3	0	0	0	0	280	
4	0	0	0	0	282	
5	0	0	0	0	282	
6	0	0	0	0	285	
7	0	0	0	0	283	
8	0	0	0	0	282	
9	0	0	0	0	284	
10	0	0	0	0	290	
11	0	0	0	0	296	
12	0	0	0	0	300	
13	0	0	0	0	306	
14	0	0	0	0	309	
15	0	0	0	0	311	
0	0	0	0	0	316	
1	0	0	0	0	321	
2	0	0	0	0	324	
3	0	0	0	0	324	
4	0	0	0	0	324	
5	0	0	0	0	325	
6	0	0	0	0	330	
7	0	0	0	0	334	
8	0	0	0	0	338	
9	0	0	0	0	342	
10	0	0	0	0	347	
11	0	0	0	0	349	
12	0	0	0	0	350	
13	0	0	0	0	353	
14	0	0	0	0	356	
15	0	0	0	0	358	
0	0	0	0	0	360	
1	0	0	0	0	361	
2	0	0	0	0	365	
3	0	0	0	0	369	
4	0	0	0	0	371	
5	0	0	0	0	372	
6	0	0	0	0	374	
7	0	0	0	0	377	
8	0	0	0	0	382	
9	0	0	0	0	385	
10	0	0	0	0	386	
11	0	0	0	0	387	
12	0	0	0	0	388	
13	0	0	0	0	391	
14	0	0	0	0	393	
15	0	0	0	0	394	
0	0	0	0	0	396	
1	0	0	0	0	397	
2	0	0	0	0	400	
3	0	0	0	0	404	
4	0	0	0	0	408	
5	0	0	0	0	411	
6	0	0	0	0	415	
7	0	0	0	0	414	
8	0	0	0	0	417	
9	0	0	0	0	421	
10	0	0	0	0	426	
11	0	0	0	0	432	
12	0	0	0	0	436	
13	0	0	0	0	439	
14	0	0	0	0	442	
15	0	0	0	0	446	
0	0	0	0	0	450	
1	0	0	0	0	453	
2	0	0	0	0	452	
3	0	0	0	0	453	
4	0	0	0	0	455	
5	0	0	0	0	458	
6	0	0	0	0	459	
7	0	0	0	0	461	
8	0	0	0	0	462	
9	0	0	0	0	467	
10	0	0	0	0	472	
11	0	0	0	0	473	
12	0	0	0	0	474	
13	0	0	0	0	473	
14	0	0	0	0	472	
15	0	0	0	0	477	
0	0	0	0	0	480	
1	0	0	0	0	481	
2	0	0	0	0	486	
3	0	0	0	0	489	
4	0	0	0	0	493	
5	0	0	0	0	496	
6	0	0	0	0	497	
7	0	0	0	0	497	
8	0	0	0	0	498	
9	0	0	0	0	500	
10	0	0	0	0	503	
11	0	0	0	0	504	
12	0	0	0	0	504	
13	0	0	0	0	506	
14	0	0	0	0	510	
15	0	0	0	0	512	
0	0	0	0	0	512	
1	0	0	0	0	513	
2	0	0	0	0	517	
3	0	0	0	0	523	
4	0	0	0	0	526	
5	0	0	0	0	526	
6	0	0	0	0	527	
7	0	0	0	0	529	
8	0	0	0	0	529	
9	0	0	0	0	527	
10	0	0	0	0	528	
11	0	0	0	0	530	
12	0	0	0	0	530	
13	0	0	0	0	531	
14	0	0	0	0	532	
15	0	0	0	0	534	
0	0	0	0	0	534	
1	0	0	0	0	534	
2	0	0	0	0	534	
3	0	0	0	0	534	
4	0	0	0	0	534	
5	0	0	0	0	535	
6	0	0	0	0	537	
7	0	0	0	0	540	
8	0	0	0	0	542	
9	0	0	0	0	541	
10	0	0	0	0	540	
11	0	0	0	0	539	
12	0	0	0	0	540	
13	0	0	0	0	542	
14	0	0	0	0	543	
15	0	0	0	0	543	
0	0	0	0	0	543	
1	0	0	0	0	543	
2	0	0	0	0	542	
3	0	0	0	0	544	
4	0	0	0	0	548	
5	0	0	0	0	548	
6	0	0	0	0	547	
7	0	0	0	0	547	
8	0	0	0	0	548	
9	0	0	0	0	549	
10	0	0	0	0	549	
11	0	0	0	0	548	
12	0	0	0	0	547	
13	0	0	0	0	546	
14	0	0	0	0	543	
15	0	0	0	0	539	
0	0	0	0	0	539	
1	0	0	0	0	545	
2	0	0	0	0	551	
3	0	0	0	0	553	
4	0	0	0	0	555	
5	0	0	0	0	555	
6	0	0	0	0	554	
7	0	0	0	0	556	
8	0	0	0	0	555	
9	0	0	0	0	555	
10	0	0	0	0	557	
11	0	0	0	0	556	
12	0	0	0	0	556	
13	0	0	0	0	557	
14	0	0	0	0	559	
15	0	0	0	0	559	
0	0	0	0	0	557	
1	0	0	0	0	556	
2	0	0	0	0	555	
3	0	0	0	0	553	
4	0	0	0	0	552	
5	0	0	0	0	556	
6	0	0	0	0	561	
7	0	0	0	0	561	
8	0	0	0	0	561	
9	0	0	0	0	561	
10	0	0	0	0	563	
11	0	0	0	0	564	
12	0	0	0	0	564	
13	0	0	0	0	564	
14	0	0	0	0	563	
15	0	0	0	0	565	
0	0	0	0	0	566	
1	0	0	0	0	566	
2	0	0	0	0	566	
3	0	0	0	0	567	
4	0	0	0	0	568	
5	0	0	0	0	569	
6	0	0	0	0	568	
7	0	0	0	0	567	
8	0	0	0	0	566	
9	0	0	0	0	565	
10	0	0	0	0	565	
11	0	0	0	0	561	
12	0	0	0	0	560	
13	0	0	0	0	560	
14	0	0	0	0	559	
15	0	0	0	0	556	
0	0	0	0	0	554	
1	0	0	0	0	551	
2	0	0	0	0	546	
3	0	0	0	0	543	
4	0	0	0	0	542	
5	0	0	0	0	541	
6	0	0	0	0	540	
7	0	0	0	0	540	
8	0	0	0	0	540	
9	0	0	0	0	540	
10	0	0	0	0	539	
11	0	0	0	0	539	
12	0	0	0	0	541	
13	0	0	0	0	546	
14	0	0	0	0	550	
15	0	0	0	0	552	
0	0	0	0	0	553	
1	0	0	0	0	555	
2	0	0	0	0	557	
3	0	0	0	0	560	
4	0	0	0	0	568	
5	0	0	0	0	574	
6	0	0	0	0	579	
7	0	0	0	0	583	
8	0	0	0	0	591	
9	0	0	0	0	596	
10	0	0	0	0	603	
11	0	0	0	0	608	
12	0	0	0	0	615	
13	0	0	0	0	622	
14	0	0	0	0	632	
15	0	0	0	0	641	
0	0	0	0	0	648	
1	0	0	0	0	652	
2	0	0	0	0	650	
3	0	0	0	0	641	
4	0	0	0	0	635	
5	0	0	0	0	626	
6	0	0	0	0	615	
7	0	0	0	0	601	
8	0	0	0	0	582	
9	0	0	0	0	564	
10	0	0	0	0	543	
11	0	0	0	0	524	
12	0	0	0	0	504	
13	0	0	0	0	486	
14	0	0	0	0	468	
15	0	0	0	0	449	
0	0	0	0	0	433	
1	0	0	0	0	417	
2	0	0	0	0	404	
3	0	0	0	0	393	
4	0	0	0	0	382	
5	0	0	0	0	374	
6	0	0	0	0	368	
7	0	0	0	0	360	
8	0	0	0	0	355	
9	0	0	0	0	352	
10	0	0	0	0	350	
11	0	0	0	0	349	
12	0	0	0	0	351	
13	0	0	0	0	352	
14	0	0	0	0	359	
15	0	0	0	0	364	
0	0	0	0	0	367	
1	0	0	0	0	368	
2	0	0	0	0	371	
3	0	0	0	0	371	
4	0	0	0	0	374	
5	0	0	0	0	377	
6	0	0	0	0	382	
7	0	0	0	0	384	
8	0	0	0	0	384	
9	0	0	0	0	386	
10	0	0	0	0	390	
11	0	0	0	0	390	
12	0	0	0	0	388	
13	0	0	0	0	388	
14	0	0	0	0	390	
15	0	0	0	0	390	
0	0	0	0	0	389	
1	0	0	0	0	393	
2	0	0	0	0	395	
3	0	0	0	0	395	
4	0	0	0	0	397	
5	0	0	0	0	398	
6	0	0	0	0	396	
7	0	0	0	0	397	
8	0	0	0	0	400	
9	0	0	0	0	402	
10	0	0	0	0	404	
11	0	0	0	0	406	
12	0	0	0	0	407	
13	0	0	0	0	408	
14	0	0	0	0	412	
15	0	0	0	0	413	
0	0	0	0	0	412	
1	0	0	0	0	415	
2	0	0	0	0	416	
3	0	0	0	0	420	
4	0	0	0	0	423	
5	0	0	0	0	424	
6	0	0	0	0	425	
7	0	0	0	0	426	
8	0	0	0	0	427	
9	0	0	0	0	427	
10	0	0	0	0	430	
11	0	0	0	0	431	
12	0	0	0	0	432	
13	0	0	0	0	433	
14	0	0	0	0	436	
15	0	0	0	0	441	
0	0	0	0	0	443	
1	0	0	0	0	444	
2	0	0	0	0	444	
3	0	0	0	0	445	
4	0	0	0	0	448	
5	0	0	0	0	451	
6	0	0	0	0	451	
7	0	0	0	0	451	
8	0	0	0	0	450	
9	0	0	0	0	454	
10	0	0	0	0	459	
11	0	0	0	0	461	
12	0	0	0	0	465	
13	0	0	0	0	468	
14	0	0	0	0	472	
15	0	0	0	0	473	
0	0	0	0	0	475	
1	0	0	0	0	476	
2	0	0	0	0	478	
3	0	0	0	0	480	
4	0	0	0	0	479	
5	0	0	0	0	479	
6	0	0	0	0	482	
7	0	0	0	0	482	
8	0	0	0	0	482	
9	0	0	0	0	485	
10	0	0	0	0	487	
11	0	0	0	0	487	
12	0	0	0	0	486	
13	0	0	0	0	489	
14	0	0	0	0	491	
15	0	0	0	0	489	
0	0	0	0	0	490	
1	0	0	0	0	492	
2	0	0	0	0	495	
3	0	0	0	0	502	
4	0	0	0	0	505	
5	0	0	0	0	504	
6	0	0	0	0	504	
7	0	0	0	0	505	
8	0	0	0	0	507	
9	0	0	0	0	507	
10	0	0	0	0	505	
11	0	0	0	0	507	
12	0	0	0	0	512	
13	0	0	0	0	516	
14	0	0	0	0	519	
15	0	0	0	0	522	
0	0	0	0	0	524	
1	0	0	0	0	523	
2	0	0	0	0	520	
3	0	0	0	0	523	
4	0	0	0	0	528	
5	0	0	0	0	529	
6	0	0	0	0	530	
7	0	0	0	0	530	
8	0	0	0	0	531	
9	0	0	0	0	531	
10	0	0	0	0	530	
11	0	0	0	0	531	
12	0	0	0	0	532	
13	0	0	0	0	533	
14	0	0	0	0	536	
15	0	0	0	0	537	
0	0	0	0	0	538	
1	0	0	0	0	536	
2	0	0	0	0	536	
3	0	0	0	0	539	
4	0	0	0	0	540	
5	0	0	0	0	543	
6	0	0	0	0	543	
7	0	0	0	0	540	
8	0	0	0	0	538	
9	0	0	0	0	543	
10	0	0	0	0	547	
11	0	0	0	0	548	
12	0	0	0	0	548	
13	0	0	0	0	551	
14	0	0	0	0	553	
15	0	0	0	0	556	
0	0	0	0	0	558	
1	0	0	0	0	558	
2	0	0	0	0	560	
3	0	0	0	0	564	
4	0	0	0	0	566	
5	0	0	0	0	564	
6	0	0	0	0	566	
7	0	0	0	0	565	
8	0	0	0	0	563	
9	0	0	0	0	565	
10	0	0	0	0	566	
11	0	0	0	0	566	
12	0	0	0	0	567	
13	0	0	0	0	569	
14	0	0	0	0	571	
15	0	0	0	0	570	
0	0	0	0	0	571	
1	0	0	0	0	571	
2	0	0	0	0	571	
3	0	0	0	0	573	
4	0	0	0	0	575	
5	0	0	0	0	577	
6	0	0	0	0	578	
7	0	0	0	0	579	
8	0	0	0	0	581	
9	0	0	0	0	582	
10	0	0	0	0	585	
11	0	0	0	0	587	
12	0	0	0	0	584	
13	0	0	0	0	583	
14	0	0	0	0	586	
15	0	0	0	0	582	
0	0	0	0	0	583	
1	0	0	0	0	587	
2	0	0	0	0	591	
3	0	0	0	0	594	
4	0	0	0	0	594	
5	0	0	0	0	592	
6	0	0	0	0	591	
7	0	0	0	0	591	
8	0	0	0	0	595	
9	0	0	0	0	599	
10	0	0	0	0	600	
11	0	0	0	0	600	
12	0	0	0	0	601	
13	0	0	0	0	603	
14	0	0	0	0	604	
15	0	0	0	0	607	
0	0	0	0	0	607	
1	0	0	0	0	606	
2	0	0	0	0	607	
3	0	0	0	0	605	
4	0	0	0	0	604	
5	0	0	0	0	608	
6	0	0	0	0	611	
7	0	0	0	0	612	
8	0	0	0	0	613	
9	0	0	0	0	615	
10	0	0	0	0	616	
11	0	0	0	0	618	
12	0	0	0	0	620	
13	0	0	0	0	622	
14	0	0	0	0	620	
15	0	0	0	0	618	
0	0	0	0	0	617	
1	0	0	0	0	617	
2	0	0	0	0	620	
3	0	0	0	0	622	
4	0	0	0	0	624	
5	0	0	0	0	625	
6	0	0	0	0	628	
7	0	0	0	0	629	
8	0	0	0	0	630	
9	0	0	0	0	630	
10	0	0	0	0	628	
11	0	0	0	0	627	
12	0	0	0	0	625	
13	0	0	0	0	625	
14	0	0	0	0	627	
15	0	0	0	0	627	
0	0	0	0	0	630	
1	0	0	0	0	631	
2	0	0	0	0	631	
3	0	0	0	0	630	
4	0	0	0	0	627	
5	0	0	0	0	627	
6	0	0	0	0	627	
7	0	0	0	0	623	
8	0	0	0	0	622	
9	0	0	0	0	622	
10	0	0	0	0	625	
11	0	0	0	0	628	
12	0	0	0	0	630	
13	0	0	0	0	631	
14	0	0	0	0	634	
15	0	0	0	0	638	
0	0	0	0	0	638	
1	0	0	0	0	633	
2	0	0	0	0	632	
3	0	0	0	0	627	
4	0	0	0	0	623	
5	0	0	0	0	623	
6	0	0	0	0	623	
7	0	0	0	0	620	
8	0	0	0	0	618	
9	0	0	0	0	615	
10	0	0	0	0	614	
11	0	0	0	0	615	
12	0	0	0	0	614	
13	0	0	0	0	613	
14	0	0	0	0	615	
15	0	0	0	0	611	
0	0	0	0	0	607	
1	0	0	0	0	604	
2	0	0	0	0	604	
3	0	0	0	0	605	
4	0	0	0	0	604	
5	0	0	0	0	603	
6	0	0	0	0	604	
7	0	0	0	0	602	
8	0	0	0	0	600	
9	0	0	0	0	599	
10	0	0	0	0	596	
11	0	0	0	0	591	
12	0	0	0	0	588	
13	0	0	0	0	587	
14	0	0	0	0	585	
15	0	0	0	0	583	
0	0	0	0	0	583	
1	0	0	0	0	586	
2	0	0	0	0	586	
3	0	0	0	0	583	
4	0	0	0	0	581	
5	0	0	0	0	579	
6	0	0	0	0	579	
7	0	0	0	0	577	
8	0	0	0	0	576	
9	0	0	0	0	575	
10	0	0	0	0	573	
11	0	0	0	0	571	
12	0	0	0	0	572	
13	0	0	0	0	572	
14	0	0	0	0	572	
15	0	0	0	0	569	
0	0	0	0	0	569	
1	0	0	0	0	571	
2	0	0	0	0	571	
3	0	0	0	0	573	
4	0	0	0	0	573	
5	0	0	0	0	572	
6	0	0	0	0	569	
7	0	0	0	0	567	
8	0	0	0	0	568	
9	0	0	0	0	568	
10	0	0	0	0	568	
11	0	0	0	0	568	
12	0	0	0	0	568	
13	0	0	0	0	570	
14	0	0	0	0	570	
15	0	0	0	0	568	
0	0	0	0	0	566	
1	0	0	0	0	564	
2	0	0	0	0	563	
3	0	0	0	0	560	
4	0	0	0	0	562	
5	0	0	0	0	565	
6	0	0	0	0	566	
7	0	0	0	0	565	
8	0	0	0	0	566	
9	0	0	0	0	565	
10	0	0	0	0	567	
11	0	0	0	0	567	
12	0	0	0	0	567	
13	0	0	0	0	566	
14	0	0	0	0	567	
15	0	0	0	0	567	
0	0	0	0	0	569	
1	0	0	0	0	569	
2	0	0	0	0	567	
3	0	0	0	0	568	
4	0	0	0	0	569	
5	0	0	0	0	571	
6	0	0	0	0	571	
7	0	0	0	0	568	
8	0	0	0	0	568	
9	0	0	0	0	569	
10	0	0	0	0	568	
11	0	0	0	0	568	
12	0	0	0	0	567	
13	0	0	0	0	569	
14	0	0	0	0	569	
15	0	0	0	0	568	
0	0	0	0	0	568	
1	0	0	0	0	572	
2	0	0	0	0	571	
3	0	0	0	0	570	
4	0	0	0	0	569	
5	0	0	0	0	572	
6	0	0	0	0	574	
7	0	0	0	0	572	
8	0	0	0	0	573	
9	0	0	0	0	575	
10	0	0	0	0	574	
11	0	0	0	0	572	
12	0	0	0	0	572	
13	0	0	0	0	572	
14	0	0	0	0	574	
15	0	0	0	0	575	
0	0	0	0	0	577	
1	0	0	0	0	580	
2	0	0	0	0	579	
3	0	0	0	0	577	
4	0	0	0	0	578	
5	0	0	0	0	578	
6	0	0	0	0	578	
7	0	0	0	0	576	
8	0	0	0	0	573	
9	0	0	0	0	575	
10	0	0	0	0	576	
11	0	0	0	0	576	
12	0	0	0	0	575	
13	0	0	0	0	574	
14	0	0	0	0	572	
15	0	0	0	0	570	
0	0	0	0	0	570	
1	0	0	0	0	575	
2	0	0	0	0	578	
3	0	0	0	0	578	
4	0	0	0	0	579	
5	0	0	0	0	582	
6	0	0	0	0	584	
7	0	0	0	0	587	
8	0	0	0	0	589	
9	0	0	0	0	587	
10	0	0	0	0	584	
11	0	0	0	0	580	
12	0	0	0	0	579	
13	0	0	0	0	581	
14	0	0	0	0	583	
15	0	0	0	0	583	
0	0	0	0	0	582	
1	0	0	0	0	580	
2	0	0	0	0	579	
3	0	0	0	0	581	
4	0	0	0	0	582	
5	0	0	0	0	582	
6	0	0	0	0	581	
7	0	0	0	0	580	
8	0	0	0	0	583	
9	0	0	0	0	585	
10	0	0	0	0	587	
11	0	0	0	0	584	
12	0	0	0	0	583	
13	0	0	0	0	582	
14	0	0	0	0	582	
15	0	0	0	0	583	
0	0	0	0	0	582	
1	0	0	0	0	581	
2	0	0	0	0	582	
3	0	0	0	0	583	
4	0	0	0	0	582	
5	0	0	0	0	579	
6	0	0	0	0	580	
7	0	0	0	0	579	
8	0	0	0	0	577	
9	0	0	0	0	579	
10	0	0	0	0	579	
11	0	0	0	0	580	
12	0	0	0	0	580	
13	0	0	0	0	579	
14	0	0	0	0	579	
15	0	0	0	0	577	
0	0	0	0	0	577	
1	0	0	0	0	577	
2	0	0	0	0	577	
3	0	0	0	0	577	
4	0	0	0	0	576	
5	0	0	0	0	579	
6	0	0	0	0	579	
7	0	0	0	0	575	
8	0	0	0	0	571	
9	0	0	0	0	573	
10	0	0	0	0	575	
11	0	0	0	0	579	
12	0	0	0	0	579	
13	0	0	0	0	579	
14	0	0	0	0	579	
15	0	0	0	0	578	
0	0	0	0	0	580	
1	0	0	0	0	580	
2	0	0	0	0	581	
3	0	0	0	0	583	
4	0	0	0	0	585	
5	0	0	0	0	584	
6	0	0	0	0	584	
7	0	0	0	0	585	
8	0	0	0	0	585	
9	0	0	0	0	583	
10	0	0	0	0	583	
11	0	0	0	0	583	
12	0	0	0	0	582	
13	0	0	0	0	582	
14	0	0	0	0	583	
15	0	0	0	0	581	
0	0	0	0	0	579	
1	0	0	0	0	578	
2	0	0	0	0	580	
3	0	0	0	0	583	
4	0	0	0	0	583	
5	0	0	0	0	581	
6	0	0	0	0	579	
7	0	0	0	0	578	
8	0	0	0	0	579	
9	0	0	0	0	579	
10	0	0	0	0	580	
11	0	0	0	0	581	
12	0	0	0	0	580	
13	0	0	0	0	580	
14	0	0	0	0	580	
15	0	0	0	0	581	
0	0	0	0	0	578	
1	0	0	0	0	575	
2	0	0	0	0	573	
3	0	0	0	0	573	
4	0	0	0	0	575	
5	0	0	0	0	576	
6	0	0	0	0	575	
7	0	0	0	0	573	
8	0	0	0	0	572	
9	0	0	0	0	572	
10	0	0	0	0	574	
11	0	0	0	0	574	
12	0	0	0	0	575	
13	0	0	0	0	572	
14	0	0	0	0	569	
15	0	0	0	0	568	
0	0	0	0	0	567	
1	0	0	0	0	567	
2	0	0	0	0	569	
3	0	0	0	0	568	
4	0	0	0	0	570	
5	0	0	0	0	571	
6	0	0	0	0	571	
7	0	0	0	0	567	
8	0	0	0	0	563	
9	0	0	0	0	568	
10	0	0	0	0	568	
11	0	0	0	0	568	
12	0	0	0	0	567	
13	0	0	0	0	564	
14	0	0	0	0	566	
15	0	0	0	0	569	
0	0	0	0	0	572	
1	0	0	0	0	572	
2	0	0	0	0	571	
3	0	0	0	0	567	
4	0	0	0	0	563	
5	0	0	0	0	565	
6	0	0	0	0	566	
7	0	0	0	0	569	
8	0	0	0	0	570	
9	0	0	0	0	571	
10	0	0	0	0	571	
11	0	0	0	0	571	
12	0	0	0	0	568	
13	0	0	0	0	567	
14	0	0	0	0	571	
15	0	0	0	0	572	
0	0	0	0	0	573	
1	0	0	0	0	571	
2	0	0	0	0	568	
3	0	0	0	0	566	
4	0	0	0	0	568	
5	0	0	0	0	568	
6	0	0	0	0	569	
7	0	0	0	0	569	
8	0	0	0	0	570	
9	0	0	0	0	571	
10	0	0	0	0	571	
11	0	0	0	0	572	
12	0	0	0	0	573	
13	0	0	0	0	572	
14	0	0	0	0	568	
15	0	0	0	0	566	
0	0	0	0	0	564	
1	0	0	0	0	568	
2	0	0	0	0	566	
3	0	0	0	0	563	
4	0	0	0	0	563	
5	0	0	0	0	566	
6	0	0	0	0	566	
7	0	0	0	0	565	
8	0	0	0	0	563	
9	0	0	0	0	562	
10	0	0	0	0	564	
11	0	0	0	0	568	
12	0	0	0	0	568	
13	0	0	0	0	568	
14	0	0	0	0	566	
15	0	0	0	0	565	
0	0	0	0	0	564	
1	0	0	0	0	564	
2	0	0	0	0	563	
3	0	0	0	0	563	
4	0	0	0	0	564	
5	0	0	0	0	563	
6	0	0	0	0	560	
7	0	0	0	0	561	
8	0	0	0	0	560	
9	0	0	0	0	562	
10	0	0	0	0	563	
11	0	0	0	0	563	
12	0	0	0	0	560	
13	0	0	0	0	560	
14	0	0	0	0	558	
15	0	0	0	0	556	
0	0	0	0	0	554	
1	0	0	0	0	553	
2	0	0	0	0	553	
3	0	0	0	0	556	
4	0	0	0	0	558	
5	0	0	0	0	557	
6	0	0	0	0	560	
7	0	0	0	0	560	
8	0	0	0	0	558	
9	0	0	0	0	556	
10	0	0	0	0	557	
11	0	0	0	0	558	
12	0	0	0	0	561	
13	0	0	0	0	560	
14	0	0	0	0	558	
15	0	0	0	0	553	
0	0	0	0	0	553	
1	0	0	0	0	555	
2	0	0	0	0	556	
3	0	0	0	0	555	
4	0	0	0	0	555	
5	0	0	0	0	558	
6	0	0	0	0	559	
7	0	0	0	0	561	
8	0	0	0	0	561	
9	0	0	0	0	559	
10	0	0	0	0	556	
11	0	0	0	0	553	
12	0	0	0	0	551	
13	0	0	0	0	551	
14	0	0	0	0	553	
15	0	0	0	0	550	
0	0	0	0	0	548	
1	0	0	0	0	551	
2	0	0	0	0	549	
3	0	0	0	0	547	
4	0	0	0	0	546	
5	0	0	0	0	547	
6	0	0	0	0	550	
7	0	0	0	0	553	
8	0	0	0	0	552	
9	0	0	0	0	550	
10	0	0	0	0	549	
11	0	0	0	0	551	
12	0	0	0	0	551	
13	0	0	0	0	550	
14	0	0	0	0	549	
15	0	0	0	0	546	
0	0	0	0	0	546	
1	0	0	0	0	548	
2	0	0	0	0	548	
3	0	0	0	0	545	
4	0	0	0	0	543	
5	0	0	0	0	539	
6	0	0	0	0	537	
7	0	0	0	0	534	
8	0	0	0	0	532	
9	0	0	0	0	532	
10	0	0	0	0	529	
11	0	0	0	0	525	
12	0	0	0	0	525	
13	0	0	0	0	523	
14	0	0	0	0	520	
15	0	0	0	0	519	
0	0	0	0	0	519	
1	0	0	0	0	518	
2	0	0	0	0	513	
3	0	0	0	0	511	
4	0	0	0	0	508	
5	0	0	0	0	512	
6	0	0	0	0	517	
7	0	0	0	0	518	
8	0	0	0	0	519	
9	0	0	0	0	519	
10	0	0	0	0	518	
11	0	0	0	0	516	
12	0	0	0	0	514	
13	0	0	0	0	513	
14	0	0	0	0	515	
15	0	0	0	0	515	
0	0	0	0	0	517	
1	0	0	0	0	517	
2	0	0	0	0	516	
3	0	0	0	0	514	
4	0	0	0	0	513	
5	0	0	0	0	514	
6	0	0	0	0	514	
7	0	0	0	0	516	
8	0	0	0	0	515	
9	0	0	0	0	509	
10	0	0	0	0	511	
11	0	0	0	0	515	
12	0	0	0	0	516	
13	0	0	0	0	514	
14	0	0	0	0	515	
15	0	0	0	0	515	
0	0	0	0	0	513	
1	0	0	0	0	511	
2	0	0	0	0	512	
3	0	0	0	0	512	
4	0	0	0	0	511	
5	0	0	0	0	511	
6	0	0	0	0	514	
7	0	0	0	0	514	
8	0	0	0	0	513	
9	0	0	0	0	510	
10	0	0	0	0	511	
11	0	0	0	0	513	
12	0	0	0	0	515	
13	0	0	0	0	515	
14	0	0	0	0	513	
15	0	0	0	0	513	
0	0	0	0	0	514	
1	0	0	0	0	515	
2	0	0	0	0	515	
3	0	0	0	0	515	
4	0	0	0	0	515	
5	0	0	0	0	515	
6	0	0	0	0	515	
7	0	0	0	0	515	
8	0	0	0	0	513	
9	0	0	0	0	514	
10	0	0	0	0	515	
11	0	0	0	0	514	
12	0	0	0	0	514	
13	0	0	0	0	511	
14	0	0	0	0	504	
15	0	0	0	0	500	
0	0	0	0	0	505	
1	0	0	0	0	512	
2	0	0	0	0	514	
3	0	0	0	0	515	
4	0	0	0	0	519	
5	0	0	0	0	522	
6	0	0	0	0	523	
7	0	0	0	0	522	
8	0	0	0	0	524	
9	0	0	0	0	524	
10	0	0	0	0	524	
11	0	0	0	0	524	
12	0	0	0	0	524	
13	0	0	0	0	525	
14	0	0	0	0	524	
15	0	0	0	0	521	
0	0	0	0	0	518	
1	0	0	0	0	518	
2	0	0	0	0	521	
3	0	0	0	0	521	
4	0	0	0	0	520	
5	0	0	0	0	521	
6	0	0	0	0	524	
7	0	0	0	0	525	
8	0	0	0	0	524	
9	0	0	0	0	525	
10	0	0	0	0	527	
11	0	0	0	0	527	
12	0	0	0	0	527	
13	0	0	0	0	526	
14	0	0	0	0	526	
15	0	0	0	0	531	
0	0	0	0	0	531	
1	0	0	0	0	529	
2	0	0	0	0	527	
3	0	0	0	0	528	
4	0	0	0	0	528	
5	0	0	0	0	527	
6	0	0	0	0	527	
7	0	0	0	0	528	
8	0	0	0	0	531	
9	0	0	0	0	533	
10	0	0	0	0	531	
11	0	0	0	0	531	
12	0	0	0	0	532	
13	0	0	0	0	531	
14	0	0	0	0	531	
15	0	0	0	0	534	
0	0	0	0	0	538	
1	0	0	0	0	537	
2	0	0	0	0	537	
3	0	0	0	0	538	
4	0	0	0	0	536	
5	0	0	0	0	535	
6	0	0	0	0	535	
7	0	0	0	0	536	
8	0	0	0	0	535	
9	0	0	0	0	535	
10	0	0	0	0	535	
11	0	0	0	0	535	
12	0	0	0	0	534	
13	0	0	0	0	535	
14	0	0	0	0	537	
15	0	0	0	0	540	
0	0	0	0	0	539	
1	0	0	0	0	536	
2	0	0	0	0	535	
3	0	0	0	0	536	
4	0	0	0	0	536	
5	0	0	0	0	536	
6	0	0	0	0	537	
7	0	0	0	0	538	
8	0	0	0	0	537	
9	0	0	0	0	537	
10	0	0	0	0	538	
11	0	0	0	0	537	
12	0	0	0	0	538	
13	0	0	0	0	537	
14	0	0	0	0	537	
15	0	0	0	0	537	
0	0	0	0	0	537	
1	0	0	0	0	536	
2	0	0	0	0	536	
3	0	0	0	0	535	
4	0	0	0	0	535	
5	0	0	0	0	536	
6	0	0	0	0	537	
7	0	0	0	0	539	
8	0	0	0	0	539	
9	0	0	0	0	539	
10	0	0	0	0	540	
11	0	0	0	0	539	
12	0	0	0	0	539	
13	0	0	0	0	539	
14	0	0	0	0	537	
15	0	0	0	0	535	
0	0	0	0	0	535	
1	0	0	0	0	536	
2	0	0	0	0	536	
3	0	0	0	0	535	
4	0	0	0	0	535	
5	0	0	0	0	536	
6	0	0	0	0	536	
7	0	0	0	0	536	
8	0	0	0	0	539	
9	0	0	0	0	538	
10	0	0	0	0	536	
11	0	0	0	0	534	
12	0	0	0	0	536	
13	0	0	0	0	535	
14	0	0	0	0	534	
15	0	0	0	0	533	
0	0	0	0	0	532	
1	0	0	0	0	535	
2	0	0	0	0	538	
3	0	0	0	0	540	
4	0	0	0	0	542	
5	0	0	0	0	539	
6	0	0	0	0	539	
7	0	0	0	0	538	
8	0	0	0	0	537	
9	0	0	0	0	541	
10	0	0	0	0	542	
11	0	0	0	0	541	
12	0	0	0	0	540	
13	0	0	0	0	540	
14	0	0	0	0	543	
15	0	0	0	0	543	
0	0	0	0	0	542	
1	0	0	0	0	543	
2	0	0	0	0	543	
3	0	0	0	0	542	
4	0	0	0	0	541	
5	0	0	0	0	541	
6	0	0	0	0	539	
7	0	0	0	0	540	
8	0	0	0	0	544	
9	0	0	0	0	544	
10	0	0	0	0	547	
11	0	0	0	0	548	
12	0	0	0	0	548	
13	0	0	0	0	549	
14	0	0	0	0	551	
15	0	0	0	0	552	
0	0	0	0	0	551	
1	0	0	0	0	551	
2	0	0	0	0	549	
3	0	0	0	0	548	
4	0	0	0	0	549	
5	0	0	0	0	548	
6	0	0	0	0	548	
7	0	0	0	0	549	
8	0	0	0	0	550	
9	0	0	0	0	550	
10	0	0	0	0	545	
11	0	0	0	0	544	
12	0	0	0	0	545	
13	0	0	0	0	546	
14	0	0	0	0	546	
15	0	0	0	0	545	
0	0	0	0	0	545	
1	0	0	0	0	543	
2	0	0	0	0	543	
3	0	0	0	0	544	
4	0	0	0	0	545	
5	0	0	0	0	546	
6	0	0	0	0	546	
7	0	0	0	0	544	
8	0	0	0	0	543	
9	0	0	0	0	541	
10	0	0	0	0	540	
11	0	0	0	0	540	
12	0	0	0	0	540	
13	0	0	0	0	541	
14	0	0	0	0	540	
15	0	0	0	0	542	
0	0	0	0	0	543	
1	0	0	0	0	542	
2	0	0	0	0	543	
3	0	0	0	0	543	
4	0	0	0	0	540	
5	0	0	0	0	538	
6	0	0	0	0	539	
7	0	0	0	0	537	
8	0	0	0	0	534	
9	0	0	0	0	531	
10	0	0	0	0	531	
11	0	0	0	0	534	
12	0	0	0	0	536	
13	0	0	0	0	535	
14	0	0	0	0	531	
15	0	0	0	0	531	
0	0	0	0	0	531	
1	0	0	0	0	533	
2	0	0	0	0	533	
3	0	0	0	0	530	
4	0	0	0	0	527	
5	0	0	0	0	526	
6	0	0	0	0	527	
7	0	0	0	0	526	
8	0	0	0	0	527	
9	0	0	0	0	529	
10	0	0	0	0	530	
11	0	0	0	0	528	
12	0	0	0	0	527	
13	0	0	0	0	528	
14	0	0	0	0	529	
15	0	0	0	0	524	
0	0	0	0	0	522	
1	0	0	0	0	523	
2	0	0	0	0	526	
3	0	0	0	0	526	
4	0	0	0	0	526	
5	0	0	0	0	526	
6	0	0	0	0	524	
7	0	0	0	0	524	
8	0	0	0	0	524	
9	0	0	0	0	524	
10	0	0	0	0	525	
11	0	0	0	0	526	
12	0	0	0	0	526	
13	0	0	0	0	525	
14	0	0	0	0	527	
15	0	0	0	0	527	
0	0	0	0	0	527	
1	0	0	0	0	527	
2	0	0	0	0	525	
3	0	0	0	0	520	
4	0	0	0	0	516	
5	0	0	0	0	519	
6	0	0	0	0	524	
7	0	0	0	0	525	
8	0	0	0	0	521	
9	0	0	0	0	519	
10	0	0	0	0	519	
11	0	0	0	0	518	
12	0	0	0	0	512	
13	0	0	0	0	507	
14	0	0	0	0	507	
15	0	0	0	0	505	
0	0	0	0	0	501	
1	0	0	0	0	496	
2	0	0	0	0	496	
3	0	0	0	0	496	
4	0	0	0	0	497	
5	0	0	0	0	498	
6	0	0	0	0	498	
7	0	0	0	0	500	
8	0	0	0	0	503	
9	0	0	0	0	505	
10	0	0	0	0	509	
11	0	0	0	0	513	
12	0	0	0	0	518	
13	0	0	0	0	524	
14	0	0	0	0	528	
15	0	0	0	0	534	
0	0	0	0	0	543	
1	0	0	0	0	549	
2	0	0	0	0	558	
3	0	0	0	0	568	
4	0	0	0	0	576	
5	0	0	0	0	588	
6	0	0	0	0	602	
7	0	0	0	0	614	
8	0	0	0	0	625	
9	0	0	0	0	636	
10	0	0	0	0	647	
11	0	0	0	0	659	
12	0	0	0	0	672	
13	0	0	0	0	688	
14	0	0	0	0	700	
15	0	0	0	0	709	
0	0	0	0	0	713	
1	0	0	0	0	715	
2	0	0	0	0	711	
3	0	0	0	0	708	
4	0	0	0	0	700	
5	0	0	0	0	687	
6	0	0	0	0	672	
7	0	0	0	0	659	
8	0	0	0	0	645	
9	0	0	0	0	631	
10	0	0	0	0	615	
11	0	0	0	0	599	
12	0	0	0	0	576	
13	0	0	0	0	557	
14	0	0	0	0	544	
15	0	0	0	0	531	
0	0	0	0	0	517	
1	0	0	0	0	502	
2	0	0	0	0	491	
3	0	0	0	0	483	
4	0	0	0	0	478	
5	0	0	0	0	474	
6	0	0	0	0	471	
7	0	0	0	0	469	
8	0	0	0	0	468	
9	0	0	0	0	467	
10	0	0	0	0	466	
11	0	0	0	0	470	
12	0	0	0	0	474	
13	0	0	0	0	474	
14	0	0	0	0	475	
15	0	0	0	0	478	
0	0	0	0	0	481	
1	0	0	0	0	486	
2	0	0	0	0	487	
3	0	0	0	0	488	
4	0	0	0	0	487	
5	0	0	0	0	489	
6	0	0	0	0	496	
7	0	0	0	0	499	
8	0	0	0	0	500	
9	0	0	0	0	497	
10	0	0	0	0	494	
11	0	0	0	0	491	
12	0	0	0	0	489	
13	0	0	0	0	487	
14	0	0	0	0	489	
15	0	0	0	0	491	
0	0	0	0	0	492	
1	0	0	0	0	493	
2	0	0	0	0	492	
3	0	0	0	0	493	
4	0	0	0	0	494	
5	0	0	0	0	495	
6	0	0	0	0	495	
7	0	0	0	0	492	
8	0	0	0	0	491	
9	0	0	0	0	488	
10	0	0	0	0	489	
11	0	0	0	0	491	
12	0	0	0	0	489	
13	0	0	0	0	489	
14	0	0	0	0	487	
15	0	0	0	0	487	
0	0	0	0	0	492	
1	0	0	0	0	495	
2	0	0	0	0	495	
3	0	0	0	0	494	
4	0	0	0	0	494	
5	0	0	0	0	494	
6	0	0	0	0	493	
7	0	0	0	0	492	
8	0	0	0	0	494	
9	0	0	0	0	492	
10	0	0	0	0	491	
11	0	0	0	0	491	
12	0	0	0	0	493	
13	0	0	0	0	496	
14	0	0	0	0	497	
15	0	0	0	0	499	
0	0	0	0	0	500	
1	0	0	0	0	497	
2	0	0	0	0	496	
3	0	0	0	0	494	
4	0	0	0	0	494	
5	0	0	0	0	495	
6	0	0	0	0	496	
7	0	0	0	0	495	
8	0	0	0	0	494	
9	0	0	0	0	496	
10	0	0	0	0	498	
11	0	0	0	0	497	
12	0	0	0	0	498	
13	0	0	0	0	498	
14	0	0	0	0	497	
15	0	0	0	0	497	
0	0	0	0	0	499	
1	0	0	0	0	498	
2	0	0	0	0	497	
3	0	0	0	0	496	
4	0	0	0	0	495	
5	0	0	0	0	494	
6	0	0	0	0	496	
7	0	0	0	0	499	
8	0	0	0	0	500	
9	0	0	0	0	499	
10	0	0	0	0	498	
11	0	0	0	0	497	
12	0	0	0	0	497	
13	0	0	0	0	499	
14	0	0	0	0	501	
15	0	0	0	0	501	
0	0	0	0	0	502	
1	0	0	0	0	502	
2	0	0	0	0	501	
3	0	0	0	0	499	
4	0	0	0	0	496	
5	0	0	0	0	491	
6	0	0	0	0	492	
7	0	0	0	0	495	
8	0	0	0	0	496	
9	0	0	0	0	499	
10	0	0	0	0	499	
11	0	0	0	0	497	
12	0	0	0	0	496	
13	0	0	0	0	496	
14	0	0	0	0	494	
15	0	0	0	0	494	
0	0	0	0	0	496	
1	0	0	0	0	499	
2	0	0	0	0	500	
3	0	0	0	0	501	
4	0	0	0	0	501	
5	0	0	0	0	500	
6	0	0	0	0	501	
7	0	0	0	0	500	
8	0	0	0	0	497	
9	0	0	0	0	497	
10	0	0	0	0	498	
11	0	0	0	0	496	
12	0	0	0	0	499	
13	0	0	0	0	501	
14	0	0	0	0	503	
15	0	0	0	0	502	
0	0	0	0	0	501	
1	0	0	0	0	500	
2	0	0	0	0	501	
3	0	0	0	0	500	
4	0	0	0	0	497	
5	0	0	0	0	497	
6	0	0	0	0	504	
7	0	0	0	0	510	
8	0	0	0	0	513	
9	0	0	0	0	513	
10	0	0	0	0	512	
11	0	0	0	0	511	
12	0	0	0	0	512	
13	0	0	0	0	511	
14	0	0	0	0	510	
15	0	0	0	0	508	
0	0	0	0	0	508	
1	0	0	0	0	509	
2	0	0	0	0	510	
3	0	0	0	0	508	
4	0	0	0	0	505	
5	0	0	0	0	508	
6	0	0	0	0	511	
7	0	0	0	0	511	
8	0	0	0	0	509	
9	0	0	0	0	508	
10	0	0	0	0	508	
11	0	0	0	0	511	
12	0	0	0	0	513	
13	0	0	0	0	513	
14	0	0	0	0	512	
15	0	0	0	0	513	
0	0	0	0	0	514	
1	0	0	0	0	513	
2	0	0	0	0	514	
3	0	0	0	0	515	
4	0	0	0	0	513	
5	0	0	0	0	513	
6	0	0	0	0	513	
7	0	0	0	0	515	
8	0	0	0	0	515	
9	0	0	0	0	514	
10	0	0	0	0	515	
11	0	0	0	0	517	
12	0	0	0	0	519	
13	0	0	0	0	520	
14	0	0	0	0	519	
15	0	0	0	0	519	
0	0	0	0	0	519	
1	0	0	0	0	520	
2	0	0	0	0	521	
3	0	0	0	0	520	
4	0	0	0	0	524	
5	0	0	0	0	521	
6	0	0	0	0	519	
7	0	0	0	0	520	
8	0	0	0	0	523	
9	0	0	0	0	523	
10	0	0	0	0	525	
11	0	0	0	0	527	
12	0	0	0	0	528	
13	0	0	0	0	528	
14	0	0	0	0	527	
15	0	0	0	0	527	
0	0	0	0	0	529	
1	0	0	0	0	527	
2	0	0	0	0	524	
3	0	0	0	0	525	
4	0	0	0	0	529	
5	0	0	0	0	531	
6	0	0	0	0	531	
7	0	0	0	0	530	
8	0	0	0	0	532	
9	0	0	0	0	536	
10	0	0	0	0	535	
11	0	0	0	0	535	
12	0	0	0	0	536	
13	0	0	0	0	537	
14	0	0	0	0	538	
15	0	0	0	0	542	
0	0	0	0	0	543	
1	0	0	0	0	544	
2	0	0	0	0	544	
3	0	0	0	0	545	
4	0	0	0	0	542	
5	0	0	0	0	540	
6	0	0	0	0	541	
7	0	0	0	0	543	
8	0	0	0	0	545	
9	0	0	0	0	546	
10	0	0	0	0	544	
11	0	0	0	0	543	
12	0	0	0	0	542	
13	0	0	0	0	541	
14	0	0	0	0	543	
15	0	0	0	0	545	
0	0	0	0	0	547	
1	0	0	0	0	548	
2	0	0	0	0	548	
3	0	0	0	0	549	
4	0	0	0	0	551	
5	0	0	0	0	549	
6	0	0	0	0	546	
7	0	0	0	0	545	
8	0	0	0	0	545	
9	0	0	0	0	542	
10	0	0	0	0	542	
11	0	0	0	0	544	
12	0	0	0	0	545	
13	0	0	0	0	541	
14	0	0	0	0	540	
15	0	0	0	0	539	
0	0	0	0	0	537	
1	0	0	0	0	536	
2	0	0	0	0	536	
3	0	0	0	0	534	
4	0	0	0	0	535	
5	0	0	0	0	533	
6	0	0	0	0	529	
7	0	0	0	0	527	
8	0	0	0	0	526	
9	0	0	0	0	526	
10	0	0	0	0	527	
11	0	0	0	0	524	
12	0	0	0	0	523	
13	0	0	0	0	519	
14	0	0	0	0	518	
15	0	0	0	0	517	
0	0	0	0	0	518	
1	0	0	0	0	516	
2	0	0	0	0	515	
3	0	0	0	0	512	
4	0	0	0	0	508	
5	0	0	0	0	504	
6	0	0	0	0	504	
7	0	0	0	0	506	
8	0	0	0	0	504	
9	0	0	0	0	503	
10	0	0	0	0	499	
11	0	0	0	0	500	
12	0	0	0	0	499	
13	0	0	0	0	495	
14	0	0	0	0	492	
15	0	0	0	0	491	
0	0	0	0	0	488	
1	0	0	0	0	487	
2	0	0	0	0	487	
3	0	0	0	0	483	
4	0	0	0	0	482	
5	0	0	0	0	481	
6	0	0	0	0	483	
7	0	0	0	0	484	
8	0	0	0	0	483	
9	0	0	0	0	478	
10	0	0	0	0	474	
11	0	0	0	0	473	
12	0	0	0	0	479	
13	0	0	0	0	482	
14	0	0	0	0	481	
15	0	0	0	0	480	
0	0	0	0	0	478	
1	0	0	0	0	477	
2	0	0	0	0	478	
3	0	0	0	0	477	
4	0	0	0	0	476	
5	0	0	0	0	473	
6	0	0	0	0	470	
7	0	0	0	0	468	
8	0	0	0	0	471	
9	0	0	0	0	477	
10	0	0	0	0	479	
11	0	0	0	0	477	
12	0	0	0	0	478	
13	0	0	0	0	479	
14	0	0	0	0	481	
15	0	0	0	0	480	
0	0	0	0	0	479	
1	0	0	0	0	480	
2	0	0	0	0	481	
3	0	0	0	0	480	
4	0	0	0	0	480	
5	0	0	0	0	481	
6	0	0	0	0	480	
7	0	0	0	0	479	
8	0	0	0	0	480	
9	0	0	0	0	480	
10	0	0	0	0	480	
11	0	0	0	0	480	
12	0	0	0	0	479	
13	0	0	0	0	480	
14	0	0	0	0	481	
15	0	0	0	0	481	
0	0	0	0	0	481	
1	0	0	0	0	481	
2	0	0	0	0	481	
3	0	0	0	0	480	
4	0	0	0	0	477	
5	0	0	0	0	476	
6	0	0	0	0	479	
7	0	0	0	0	484	
8	0	0	0	0	485	
9	0	0	0	0	485	
10	0	0	0	0	484	
11	0	0	0	0	482	
12	0	0	0	0	481	
13	0	0	0	0	482	
14	0	0	0	0	481	
15	0	0	0	0	481	
0	0	0	0	0	483	
1	0	0	0	0	483	
2	0	0	0	0	484	
3	0	0	0	0	485	
4	0	0	0	0	485	
5	0	0	0	0	484	
6	0	0	0	0	484	
7	0	0	0	0	484	
8	0	0	0	0	483	
9	0	0	0	0	483	
10	0	0	0	0	484	
11	0	0	0	0	488	
12	0	0	0	0	489	
13	0	0	0	0	489	
14	0	0	0	0	490	
15	0	0	0	0	492	
0	0	0	0	0	494	
1	0	0	0	0	492	
2	0	0	0	0	489	
3	0	0	0	0	488	
4	0	0	0	0	487	
5	0	0	0	0	486	
6	0	0	0	0	486	
7	0	0	0	0	488	
8	0	0	0	0	493	
9	0	0	0	0	494	
10	0	0	0	0	493	
11	0	0	0	0	494	
12	0	0	0	0	496	
13	0	0	0	0	495	
14	0	0	0	0	496	
15	0	0	0	0	496	
0	0	0	0	0	496	
1	0	0	0	0	496	
2	0	0	0	0	497	
3	0	0	0	0	498	
4	0	0	0	0	498	
5	0	0	0	0	499	
6	0	0	0	0	499	
7	0	0	0	0	497	
8	0	0	0	0	493	
9	0	0	0	0	492	
10	0	0	0	0	499	
11	0	0	0	0	502	
12	0	0	0	0	500	
13	0	0	0	0	499	
14	0	0	0	0	499	
15	0	0	0	0	500	
0	0	0	0	0	501	
1	0	0	0	0	499	
2	0	0	0	0	497	
3	0	0	0	0	499	
4	0	0	0	0	500	
5	0	0	0	0	499	
6	0	0	0	0	500	
7	0	0	0	0	503	
8	0	0	0	0	503	
9	0	0	0	0	502	
10	0	0	0	0	500	
11	0	0	0	0	502	
12	0	0	0	0	504	
13	0	0	0	0	504	
14	0	0	0	0	504	
15	0	0	0	0	502	
0	0	0	0	0	502	
1	0	0	0	0	502	
2	0	0	0	0	503	
3	0	0	0	0	501	
4	0	0	0	0	499	
5	0	0	0	0	501	
6	0	0	0	0	502	
7	0	0	0	0	500	
8	0	0	0	0	499	
9	0	0	0	0	499	
10	0	0	0	0	499	
11	0	0	0	0	501	
12	0	0	0	0	503	
13	0	0	0	0	501	
14	0	0	0	0	501	
15	0	0	0	0	499	
0	0	0	0	0	499	
1	0	0	0	0	502	
2	0	0	0	0	504	
3	0	0	0	0	504	
4	0	0	0	0	504	
5	0	0	0	0	505	
6	0	0	0	0	504	
7	0	0	0	0	501	
8	0	0	0	0	499	
9	0	0	0	0	499	
10	0	0	0	0	500	
11	0	0	0	0	504	
12	0	0	0	0	507	
13	0	0	0	0	508	
14	0	0	0	0	509	
15	0	0	0	0	510	
0	0	0	0	0	512	
1	0	0	0	0	511	
2	0	0	0	0	509	
3	0	0	0	0	504	
4	0	0	0	0	500	
5	0	0	0	0	504	
6	0	0	0	0	509	
7	0	0	0	0	511	
8	0	0	0	0	512	
9	0	0	0	0	514	
10	0	0	0	0	513	
11	0	0	0	0	511	
12	0	0	0	0	510	
13	0	0	0	0	509	
14	0	0	0	0	505	
15	0	0	0	0	505	
0	0	0	0	0	508	
1	0	0	0	0	505	
2	0	0	0	0	502	
3	0	0	0	0	502	
4	0	0	0	0	509	
5	0	0	0	0	516	
6	0	0	0	0	518	
7	0	0	0	0	518	
8	0	0	0	0	518	
9	0	0	0	0	519	
10	0	0	0	0	516	
11	0	0	0	0	513	
12	0	0	0	0	512	
13	0	0	0	0	511	
14	0	0	0	0	510	
15	0	0	0	0	508	
0	0	0	0	0	507	
1	0	0	0	0	509	
2	0	0	0	0	511	
3	0	0	0	0	511	
4	0	0	0	0	508	
5	0	0	0	0	508	
6	0	0	0	0	510	
7	0	0	0	0	508	
8	0	0	0	0	507	
9	0	0	0	0	507	
10	0	0	0	0	508	
11	0	0	0	0	509	
12	0	0	0	0	510	
13	0	0	0	0	508	
14	0	0	0	0	508	
15	0	0	0	0	507	
0	0	0	0	0	508	
1	0	0	0	0	508	
2	0	0	0	0	505	
3	0	0	0	0	505	
4	0	0	0	0	507	
5	0	0	0	0	507	
6	0	0	0	0	505	
7	0	0	0	0	508	
8	0	0	0	0	511	
9	0	0	0	0	509	
10	0	0	0	0	505	
11	0	0	0	0	502	
12	0	0	0	0	503	
13	0	0	0	0	507	
14	0	0	0	0	509	
15	0	0	0	0	511	
0	0	0	0	0	512	
1	0	0	0	0	512	
2	0	0	0	0	512	
3	0	0	0	0	513	
4	0	0	0	0	513	
5	0	0	0	0	513	
6	0	0	0	0	512	
7	0	0	0	0	512	
8	0	0	0	0	512	
9	0	0	0	0	512	
10	0	0	0	0	512	
11	0	0	0	0	512	
12	0	0	0	0	513	
13	0	0	0	0	512	
14	0	0	0	0	511	
15	0	0	0	0	511	
0	0	0	0	0	512	
1	0	0	0	0	513	
2	0	0	0	0	512	
3	0	0	0	0	513	
4	0	0	0	0	513	
5	0	0	0	0	512	
6	0	0	0	0	512	
7	0	0	0	0	512	
8	0	0	0	0	513	
9	0	0	0	0	515	
10	0	0	0	0	514	
11	0	0	0	0	511	
12	0	0	0	0	511	
13	0	0	0	0	514	
14	0	0	0	0	515	
15	0	0	0	0	515	
0	0	0	0	0	515	
1	0	0	0	0	515	
2	0	0	0	0	513	
3	0	0	0	0	512	
4	0	0	0	0	512	
5	0	0	0	0	512	
6	0	0	0	0	515	
7	0	0	0	0	517	
8	0	0	0	0	517	
9	0	0	0	0	515	
10	0	0	0	0	513	
11	0	0	0	0	516	
12	0	0	0	0	518	
13	0	0	0	0	519	
14	0	0	0	0	521	
15	0	0	0	0	520	
0	0	0	0	0	518	
1	0	0	0	0	518	
2	0	0	0	0	518	
3	0	0	0	0	519	
4	0	0	0	0	518	
5	0	0	0	0	517	
6	0	0	0	0	517	
7	0	0	0	0	519	
8	0	0	0	0	516	
9	0	0	0	0	513	
10	0	0	0	0	513	
11	0	0	0	0	515	
12	0	0	0	0	514	
13	0	0	0	0	512	
14	0	0	0	0	512	
15	0	0	0	0	513	
0	0	0	0	0	515	
1	0	0	0	0	518	
2	0	0	0	0	519	
3	0	0	0	0	516	
4	0	0	0	0	514	
5	0	0	0	0	513	
6	0	0	0	0	513	
7	0	0	0	0	515	
8	0	0	0	0	517	
9	0	0	0	0	515	
10	0	0	0	0	514	
11	0	0	0	0	515	
12	0	0	0	0	519	
13	0	0	0	0	521	
14	0	0	0	0	520	
15	0	0	0	0	518	
0	0	0	0	0	520	
1	0	0	0	0	521	
2	0	0	0	0	519	
3	0	0	0	0	515	
4	0	0	0	0	515	
5	0	0	0	0	519	
6	0	0	0	0	519	
7	0	0	0	0	519	
8	0	0	0	0	518	
9	0	0	0	0	516	
10	0	0	0	0	512	
11	0	0	0	0	515	
12	0	0	0	0	516	
13	0	0	0	0	518	
14	0	0	0	0	519	
15	0	0	0	0	518	
0	0	0	0	0	519	
1	0	0	0	0	520	
2	0	0	0	0	518	
3	0	0	0	0	518	
4	0	0	0	0	515	
5	0	0	0	0	517	
6	0	0	0	0	517	
7	0	0	0	0	516	
8	0	0	0	0	518	
9	0	0	0	0	519	
10	0	0	0	0	518	
11	0	0	0	0	515	
12	0	0	0	0	515	
13	0	0	0	0	519	
14	0	0	0	0	520	
15	0	0	0	0	520	
0	0	0	0	0	519	
1	0	0	0	0	516	
2	0	0	0	0	516	
3	0	0	0	0	518	
4	0	0	0	0	519	
5	0	0	0	0	519	
6	0	0	0	0	519	
7	0	0	0	0	519	
8	0	0	0	0	520	
9	0	0	0	0	519	
10	0	0	0	0	518	
11	0	0	0	0	516	
12	0	0	0	0	517	
13	0	0	0	0	515	
14	0	0	0	0	514	
15	0	0	0	0	513	
0	0	0	0	0	513	
1	0	0	0	0	514	
2	0	0	0	0	514	
3	0	0	0	0	514	
4	0	0	0	0	517	
5	0	0	0	0	519	
6	0	0	0	0	521	
7	0	0	0	0	520	
8	0	0	0	0	515	
9	0	0	0	0	512	
10	0	0	0	0	512	
11	0	0	0	0	515	
12	0	0	0	0	519	
13	0	0	0	0	517	
14	0	0	0	0	514	
15	0	0	0	0	512	
0	0	0	0	0	513	
1	0	0	0	0	516	
2	0	0	0	0	518	
3	0	0	0	0	519	
4	0	0	0	0	521	
5	0	0	0	0	521	
6	0	0	0	0	519	
7	0	0	0	0	518	
8	0	0	0	0	519	
9	0	0	0	0	519	
10	0	0	0	0	516	
11	0	0	0	0	514	
12	0	0	0	0	516	
13	0	0	0	0	519	
14	0	0	0	0	520	
15	0	0	0	0	522	
0	0	0	0	0	520	
1	0	0	0	0	517	
2	0	0	0	0	518	
3	0	0	0	0	518	
4	0	0	0	0	516	
5	0	0	0	0	520	
6	0	0	0	0	523	
7	0	0	0	0	520	
8	0	0	0	0	519	
9	0	0	0	0	516	
10	0	0	0	0	516	
11	0	0	0	0	519	
12	0	0	0	0	522	
13	0	0	0	0	522	
14	0	0	0	0	521	
15	0	0	0	0	520	
0	0	0	0	0	521	
1	0	0	0	0	521	
2	0	0	0	0	521	
3	0	0	0	0	521	
4	0	0	0	0	523	
5	0	0	0	0	523	
6	0	0	0	0	521	
7	0	0	0	0	520	
8	0	0	0	0	519	
9	0	0	0	0	517	
10	0	0	0	0	519	
11	0	0	0	0	519	
12	0	0	0	0	519	
13	0	0	0	0	516	
14	0	0	0	0	517	
15	0	0	0	0	519	
0	0	0	0	0	518	
1	0	0	0	0	517	
2	0	0	0	0	518	
3	0	0	0	0	517	
4	0	0	0	0	515	
5	0	0	0	0	517	
6	0	0	0	0	518	
7	0	0	0	0	519	
8	0	0	0	0	520	
9	0	0	0	0	521	
10	0	0	0	0	516	
11	0	0	0	0	515	
12	0	0	0	0	515	
13	0	0	0	0	517	
14	0	0	0	0	518	
15	0	0	0	0	516	
0	0	0	0	0	515	
1	0	0	0	0	516	
2	0	0	0	0	518	
3	0	0	0	0	518	
4	0	0	0	0	517	
5	0	0	0	0	515	
6	0	0	0	0	519	
7	0	0	0	0	519	
8	0	0	0	0	519	
9	0	0	0	0	518	
10	0	0	0	0	519	
11	0	0	0	0	524	
12	0	0	0	0	525	
13	0	0	0	0	525	
14	0	0	0	0	522	
15	0	0	0	0	520	
0	0	0	0	0	519	
1	0	0	0	0	514	
2	0	0	0	0	516	
3	0	0	0	0	519	
4	0	0	0	0	521	
5	0	0	0	0	519	
6	0	0	0	0	519	
7	0	0	0	0	522	
8	0	0	0	0	523	
9	0	0	0	0	523	
10	0	0	0	0	523	
11	0	0	0	0	522	
12	0	0	0	0	523	
13	0	0	0	0	525	
14	0	0	0	0	523	
15	0	0	0	0	520	
0	0	0	0	0	518	
1	0	0	0	0	517	
2	0	0	0	0	519	
3	0	0	0	0	519	
4	0	0	0	0	517	
5	0	0	0	0	517	
6	0	0	0	0	521	
7	0	0	0	0	521	
8	0	0	0	0	520	
9	0	0	0	0	519	
10	0	0	0	0	519	
11	0	0	0	0	520	
12	0	0	0	0	520	
13	0	0	0	0	521	
14	0	0	0	0	523	
15	0	0	0	0	523	
0	0	0	0	0	524	
1	0	0	0	0	523	
2	0	0	0	0	524	
3	0	0	0	0	523	
4	0	0	0	0	521	
5	0	0	0	0	519	
6	0	0	0	0	516	
7	0	0	0	0	515	
8	0	0	0	0	518	
9	0	0	0	0	520	
10	0	0	0	0	518	
11	0	0	0	0	517	
12	0	0	0	0	518	
13	0	0	0	0	518	
14	0	0	0	0	517	
15	0	0	0	0	516	
0	0	0	0	0	516	
1	0	0	0	0	517	
2	0	0	0	0	518	
3	0	0	0	0	518	
4	0	0	0	0	517	
5	0	0	0	0	517	
6	0	0	0	0	517	
7	0	0	0	0	515	
8	0	0	0	0	516	
9	0	0	0	0	517	
10	0	0	0	0	515	
11	0	0	0	0	513	
12	0	0	0	0	513	
13	0	0	0	0	514	
14	0	0	0	0	516	
15	0	0	0	0	516	
0	0	0	0	0	516	
1	0	0	0	0	517	
2	0	0	0	0	515	
3	0	0	0	0	513	
4	0	0	0	0	515	
5	0	0	0	0	515	
6	0	0	0	0	513	
7	0	0	0	0	512	
8	0	0	0	0	513	
9	0	0	0	0	512	
10	0	0	0	0	508	
11	0	0	0	0	512	
12	0	0	0	0	516	
13	0	0	0	0	516	
14	0	0	0	0	515	
15	0	0	0	0	517	
0	0	0	0	0	519	
1	0	0	0	0	519	
2	0	0	0	0	516	
3	0	0	0	0	514	
4	0	0	0	0	512	
5	0	0	0	0	512	
6	0	0	0	0	513	
7	0	0	0	0	513	
8	0	0	0	0	517	
9	0	0	0	0	520	
10	0	0	0	0	521	
11	0	0	0	0	522	
12	0	0	0	0	523	
13	0	0	0	0	525	
14	0	0	0	0	526	
15	0	0	0	0	524	
0	0	0	0	0	522	
1	0	0	0	0	520	
2	0	0	0	0	519	
3	0	0	0	0	518	
4	0	0	0	0	518	
5	0	0	0	0	521	
6	0	0	0	0	521	
7	0	0	0	0	519	
8	0	0	0	0	512	
9	0	0	0	0	512	
10	0	0	0	0	519	
11	0	0	0	0	524	
12	0	0	0	0	524	
13	0	0	0	0	523	
14	0	0	0	0	524	
15	0	0	0	0	525	
0	0	0	0	0	524	
1	0	0	0	0	523	
2	0	0	0	0	525	
3	0	0	0	0	525	
4	0	0	0	0	524	
5	0	0	0	0	525	
6	0	0	0	0	527	
7	0	0	0	0	527	
8	0	0	0	0	527	
9	0	0	0	0	527	
10	0	0	0	0	528	
11	0	0	0	0	527	
12	0	0	0	0	527	
13	0	0	0	0	527	
14	0	0	0	0	525	
15	0	0	0	0	527	
0	0	0	0	0	529	
1	0	0	0	0	528	
2	0	0	0	0	527	
3	0	0	0	0	527	
4	0	0	0	0	526	
5	0	0	0	0	525	
6	0	0	0	0	524	
7	0	0	0	0	524	
8	0	0	0	0	525	
9	0	0	0	0	524	
10	0	0	0	0	524	
11	0	0	0	0	525	
12	0	0	0	0	524	
13	0	0	0	0	523	
14	0	0	0	0	524	
15	0	0	0	0	523	
0	0	0	0	0	522	
1	0	0	0	0	519	
2	0	0	0	0	519	
3	0	0	0	0	520	
4	0	0	0	0	520	
5	0	0	0	0	521	
6	0	0	0	0	520	
7	0	0	0	0	521	
8	0	0	0	0	519	
9	0	0	0	0	517	
10	0	0	0	0	517	
11	0	0	0	0	516	
12	0	0	0	0	514	
13	0	0	0	0	512	
14	0	0	0	0	513	
15	0	0	0	0	516	
0	0	0	0	0	514	
1	0	0	0	0	513	
2	0	0	0	0	517	
3	0	0	0	0	518	
4	0	0	0	0	515	
5	0	0	0	0	513	
6	0	0	0	0	512	
7	0	0	0	0	508	
8	0	0	0	0	504	
9	0	0	0	0	503	
10	0	0	0	0	505	
11	0	0	0	0	512	
12	0	0	0	0	518	
13	0	0	0	0	516	
14	0	0	0	0	516	
15	0	0	0	0	514	
0	0	0	0	0	514	
1	0	0	0	0	514	
2	0	0	0	0	512	
3	0	0	0	0	508	
4	0	0	0	0	507	
5	0	0	0	0	508	
6	0	0	0	0	511	
7	0	0	0	0	511	
8	0	0	0	0	508	
9	0	0	0	0	503	
10	0	0	0	0	499	
11	0	0	0	0	503	
12	0	0	0	0	510	
13	0	0	0	0	513	
14	0	0	0	0	511	
15	0	0	0	0	508	
0	0	0	0	0	509	
1	0	0	0	0	512	
2	0	0	0	0	512	
3	0	0	0	0	510	
4	0	0	0	0	509	
5	0	0	0	0	508	
6	0	0	0	0	509	
7	0	0	0	0	512	
8	0	0	0	0	515	
9	0	0	0	0	516	
10	0	0	0	0	514	
11	0	0	0	0	511	
12	0	0	0	0	509	
13	0	0	0	0	508	
14	0	0	0	0	509	
15	0	0	0	0	509	
0	0	0	0	0	508	
1	0	0	0	0	508	
2	0	0	0	0	509	
3	0	0	0	0	509	
4	0	0	0	0	508	
5	0	0	0	0	505	
6	0	0	0	0	505	
7	0	0	0	0	504	
8	0	0	0	0	501	
9	0	0	0	0	501	
10	0	0	0	0	498	
11	0	0	0	0	496	
12	0	0	0	0	496	
13	0	0	0	0	494	
14	0	0	0	0	491	
15	0	0	0	0	487	
0	0	0	0	0	484	
1	0	0	0	0	481	
2	0	0	0	0	480	
3	0	0	0	0	479	
4	0	0	0	0	480	
5	0	0	0	0	480	
6	0	0	0	0	481	
7	0	0	0	0	482	
8	0	0	0	0	483	
9	0	0	0	0	483	
10	0	0	0	0	484	
11	0	0	0	0	490	
12	0	0	0	0	495	
13	0	0	0	0	499	
14	0	0	0	0	504	
15	0	0	0	0	509	
0	0	0	0	0	515	
1	0	0	0	0	523	
2	0	0	0	0	530	
3	0	0	0	0	540	
4	0	0	0	0	551	
5	0	0	0	0	561	
6	0	0	0	0	573	
7	0	0	0	0	587	
8	0	0	0	0	601	
9	0	0	0	0	614	
10	0	0	0	0	624	
11	0	0	0	0	633	
12	0	0	0	0	647	
13	0	0	0	0	663	
14	0	0	0	0	680	
15	0	0	0	0	694	
0	0	0	0	0	702	
1	0	0	0	0	705	
2	0	0	0	0	706	
3	0	0	0	0	704	
4	0	0	0	0	699	
5	0	0	0	0	685	
6	0	0	0	0	669	
7	0	0	0	0	653	
8	0	0	0	0	639	
9	0	0	0	0	628	
10	0	0	0	0	617	
11	0	0	0	0	604	
12	0	0	0	0	585	
13	0	0	0	0	568	
14	0	0	0	0	553	
15	0	0	0	0	537	
0	0	0	0	0	526	
1	0	0	0	0	511	
2	0	0	0	0	499	
3	0	0	0	0	489	
4	0	0	0	0	478	
5	0	0	0	0	470	
6	0	0	0	0	464	
7	0	0	0	0	463	
8	0	0	0	0	460	
9	0	0	0	0	457	
10	0	0	0	0	460	
11	0	0	0	0	458	
12	0	0	0	0	459	
13	0	0	0	0	461	
14	0	0	0	0	464	
15	0	0	0	0	464	
0	0	0	0	0	467	
1	0	0	0	0	472	
2	0	0	0	0	473	
3	0	0	0	0	475	
4	0	0	0	0	479	
5	0	0	0	0	482	
6	0	0	0	0	484	
7	0	0	0	0	484	
8	0	0	0	0	485	
9	0	0	0	0	486	
10	0	0	0	0	487	
11	0	0	0	0	486	
12	0	0	0	0	485	
13	0	0	0	0	484	
14	0	0	0	0	487	
15	0	0	0	0	487	
0	0	0	0	0	484	
1	0	0	0	0	483	
2	0	0	0	0	481	
3	0	0	0	0	480	
4	0	0	0	0	480	
5	0	0	0	0	479	
6	0	0	0	0	478	
7	0	0	0	0	479	
8	0	0	0	0	479	
9	0	0	0	0	479	
10	0	0	0	0	478	
11	0	0	0	0	479	
12	0	0	0	0	480	
13	0	0	0	0	477	
14	0	0	0	0	477	
15	0	0	0	0	478	
0	0	0	0	0	480	
1	0	0	0	0	482	
2	0	0	0	0	486	
3	0	0	0	0	487	
4	0	0	0	0	484	
5	0	0	0	0	483	
6	0	0	0	0	487	
7	0	0	0	0	489	
8	0	0	0	0	487	
9	0	0	0	0	486	
10	0	0	0	0	483	
11	0	0	0	0	479	
12	0	0	0	0	480	
13	0	0	0	0	482	
14	0	0	0	0	487	
15	0	0	0	0	491	
0	0	0	0	0	495	
1	0	0	0	0	494	
2	0	0	0	0	493	
3	0	0	0	0	492	
4	0	0	0	0	486	
5	0	0	0	0	486	
6	0	0	0	0	490	
7	0	0	0	0	495	
8	0	0	0	0	496	
9	0	0	0	0	497	
10	0	0	0	0	497	
11	0	0	0	0	497	
12	0	0	0	0	497	
13	0	0	0	0	497	
14	0	0	0	0	496	
15	0	0	0	0	497	
0	0	0	0	0	496	
1	0	0	0	0	494	
2	0	0	0	0	494	
3	0	0	0	0	494	
4	0	0	0	0	494	
5	0	0	0	0	495	
6	0	0	0	0	492	
7	0	0	0	0	492	
8	0	0	0	0	493	
9	0	0	0	0	494	
10	0	0	0	0	497	
11	0	0	0	0	499	
12	0	0	0	0	502	
13	0	0	0	0	502	
14	0	0	0	0	501	
15	0	0	0	0	500	
0	0	0	0	0	499	
1	0	0	0	0	499	
2	0	0	0	0	498	
3	0	0	0	0	499	
4	0	0	0	0	499	
5	0	0	0	0	499	
6	0	0	0	0	499	
7	0	0	0	0	496	
8	0	0	0	0	494	
9	0	0	0	0	494	
10	0	0	0	0	497	
11	0	0	0	0	500	
12	0	0	0	0	501	
13	0	0	0	0	500	
14	0	0	0	0	498	
15	0	0	0	0	498	
0	0	0	0	0	502	
1	0	0	0	0	501	
2	0	0	0	0	499	
3	0	0	0	0	499	
4	0	0	0	0	500	
5	0	0	0	0	504	
6	0	0	0	0	505	
7	0	0	0	0	501	
8	0	0	0	0	499	
9	0	0	0	0	498	
10	0	0	0	0	498	
11	0	0	0	0	503	
12	0	0	0	0	505	
13	0	0	0	0	503	
14	0	0	0	0	501	
15	0	0	0	0	502	
0	0	0	0	0	503	
1	0	0	0	0	503	
2	0	0	0	0	504	
3	0	0	0	0	505	
4	0	0	0	0	506	
5	0	0	0	0	506	
6	0	0	0	0	506	
7	0	0	0	0	504	
8	0	0	0	0	502	
9	0	0	0	0	504	
10	0	0	0	0	504	
11	0	0	0	0	502	
12	0	0	0	0	502	
13	0	0	0	0	505	
14	0	0	0	0	508	
15	0	0	0	0	508	
0	0	0	0	0	508	
1	0	0	0	0	508	
2	0	0	0	0	508	
3	0	0	0	0	508	
4	0	0	0	0	511	
5	0	0	0	0	511	
6	0	0	0	0	511	
7	0	0	0	0	512	
8	0	0	0	0	514	
9	0	0	0	0	514	
10	0	0	0	0	513	
11	0	0	0	0	512	
12	0	0	0	0	511	
13	0	0	0	0	513	
14	0	0	0	0	515	
15	0	0	0	0	515	
0	0	0	0	0	514	
1	0	0	0	0	513	
2	0	0	0	0	512	
3	0	0	0	0	512	
4	0	0	0	0	512	
5	0	0	0	0	510	
6	0	0	0	0	511	
7	0	0	0	0	512	
8	0	0	0	0	513	
9	0	0	0	0	513	
10	0	0	0	0	515	
11	0	0	0	0	516	
12	0	0	0	0	517	
13	0	0	0	0	518	
14	0	0	0	0	517	
15	0	0	0	0	517	
0	0	0	0	0	519	
1	0	0	0	0	521	
2	0	0	0	0	522	
3	0	0	0	0	523	
4	0	0	0	0	524	
5	0	0	0	0	523	
6	0	0	0	0	520	
7	0	0	0	0	518	
8	0	0	0	0	518	
9	0	0	0	0	522	
10	0	0	0	0	524	
11	0	0	0	0	522	
12	0	0	0	0	521	
13	0	0	0	0	523	
14	0	0	0	0	525	
15	0	0	0	0	524	
0	0	0	0	0	524	
1	0	0	0	0	523	
2	0	0	0	0	521	
3	0	0	0	0	522	
4	0	0	0	0	525	
5	0	0	0	0	530	
6	0	0	0	0	531	
7	0	0	0	0	532	
8	0	0	0	0	533	
9	0	0	0	0	535	
10	0	0	0	0	536	
11	0	0	0	0	537	
12	0	0	0	0	540	
13	0	0	0	0	541	
14	0	0	0	0	539	
15	0	0	0	0	536	
0	0	0	0	0	535	
1	0	0	0	0	534	
2	0	0	0	0	537	
3	0	0	0	0	540	
4	0	0	0	0	541	
5	0	0	0	0	537	
6	0	0	0	0	537	
7	0	0	0	0	537	
8	0	0	0	0	540	
9	0	0	0	0	542	
10	0	0	0	0	543	
11	0	0	0	0	543	
12	0	0	0	0	544	
13	0	0	0	0	545	
14	0	0	0	0	547	
15	0	0	0	0	547	
0	0	0	0	0	547	
1	0	0	0	0	546	
2	0	0	0	0	545	
3	0	0	0	0	543	
4	0	0	0	0	543	
5	0	0	0	0	543	
6	0	0	0	0	542	
7	0	0	0	0	540	
8	0	0	0	0	539	
9	0	0	0	0	540	
10	0	0	0	0	543	
11	0	0	0	0	543	
12	0	0	0	0	543	
13	0	0	0	0	540	
14	0	0	0	0	539	
15	0	0	0	0	537	
0	0	0	0	0	535	
1	0	0	0	0	535	
2	0	0	0	0	533	
3	0	0	0	0	531	
4	0	0	0	0	534	
5	0	0	0	0	536	
6	0	0	0	0	537	
7	0	0	0	0	536	
8	0	0	0	0	531	
9	0	0	0	0	527	
10	0	0	0	0	526	
11	0	0	0	0	528	
12	0	0	0	0	528	
13	0	0	0	0	526	
14	0	0	0	0	524	
15	0	0	0	0	522	
0	0	0	0	0	519	
1	0	0	0	0	515	
2	0	0	0	0	515	
3	0	0	0	0	515	
4	0	0	0	0	513	
5	0	0	0	0	512	
6	0	0	0	0	509	
7	0	0	0	0	508	
8	0	0	0	0	507	
9	0	0	0	0	505	
10	0	0	0	0	505	
11	0	0	0	0	503	
12	0	0	0	0	498	
13	0	0	0	0	494	
14	0	0	0	0	493	
15	0	0	0	0	493	
0	0	0	0	0	490	
1	0	0	0	0	487	
2	0	0	0	0	488	
3	0	0	0	0	485	
4	0	0	0	0	484	
5	0	0	0	0	487	
6	0	0	0	0	490	
7	0	0	0	0	487	
8	0	0	0	0	487	
9	0	0	0	0	487	
10	0	0	0	0	485	
11	0	0	0	0	483	
12	0	0	0	0	482	
13	0	0	0	0	480	
14	0	0	0	0	479	
15	0	0	0	0	478	
0	0	0	0	0	478	
1	0	0	0	0	478	
2	0	0	0	0	479	
3	0	0	0	0	476	
4	0	0	0	0	472	
5	0	0	0	0	471	
6	0	0	0	0	473	
7	0	0	0	0	475	
8	0	0	0	0	471	
9	0	0	0	0	472	
10	0	0	0	0	477	
11	0	0	0	0	476	
12	0	0	0	0	473	
13	0	0	0	0	473	
14	0	0	0	0	475	
15	0	0	0	0	476	
0	0	0	0	0	477	
1	0	0	0	0	479	
2	0	0	0	0	477	
3	0	0	0	0	472	
4	0	0	0	0	467	
5	0	0	0	0	467	
6	0	0	0	0	475	
7	0	0	0	0	479	
8	0	0	0	0	479	
9	0	0	0	0	478	
10	0	0	0	0	479	
11	0	0	0	0	480	
12	0	0	0	0	480	
13	0	0	0	0	480	
14	0	0	0	0	480	
15	0	0	0	0	477	
0	0	0	0	0	474	
1	0	0	0	0	474	
2	0	0	0	0	475	
3	0	0	0	0	475	
4	0	0	0	0	477	
5	0	0	0	0	480	
6	0	0	0	0	482	
7	0	0	0	0	481	
8	0	0	0	0	483	
9	0	0	0	0	483	
10	0	0	0	0	482	
11	0	0	0	0	481	
12	0	0	0	0	480	
13	0	0	0	0	478	
14	0	0	0	0	480	
15	0	0	0	0	482	
0	0	0	0	0	483	
1	0	0	0	0	484	
2	0	0	0	0	483	
3	0	0	0	0	483	
4	0	0	0	0	484	
5	0	0	0	0	487	
6	0	0	0	0	486	
7	0	0	0	0	484	
8	0	0	0	0	485	
9	0	0	0	0	483	
10	0	0	0	0	484	
11	0	0	0	0	484	
12	0	0	0	0	485	
13	0	0	0	0	486	
14	0	0	0	0	489	
15	0	0	0	0	487	
0	0	0	0	0	486	
1	0	0	0	0	487	
2	0	0	0	0	488	
3	0	0	0	0	488	
4	0	0	0	0	488	
5	0	0	0	0	488	
6	0	0	0	0	489	
7	0	0	0	0	492	
8	0	0	0	0	494	
9	0	0	0	0	493	
10	0	0	0	0	492	
11	0	0	0	0	491	
12	0	0	0	0	491	
13	0	0	0	0	492	
14	0	0	0	0	495	
15	0	0	0	0	493	
0	0	0	0	0	492	
1	0	0	0	0	494	
2	0	0	0	0	496	
3	0	0	0	0	494	
4	0	0	0	0	494	
5	0	0	0	0	497	
6	0	0	0	0	495	
7	0	0	0	0	495	
8	0	0	0	0	495	
9	0	0	0	0	497	
10	0	0	0	0	500	
11	0	0	0	0	501	
12	0	0	0	0	499	
13	0	0	0	0	495	
14	0	0	0	0	497	
15	0	0	0	0	496	
0	0	0	0	0	497	
1	0	0	0	0	499	
2	0	0	0	0	496	
3	0	0	0	0	497	
4	0	0	0	0	499	
5	0	0	0	0	500	
6	0	0	0	0	504	
7	0	0	0	0	507	
8	0	0	0	0	504	
9	0	0	0	0	501	
10	0	0	0	0	499	
11	0	0	0	0	498	
12	0	0	0	0	496	
13	0	0	0	0	496	
14	0	0	0	0	497	
15	0	0	0	0	498	
0	0	0	0	0	497	
1	0	0	0	0	498	
2	0	0	0	0	494	
3	0	0	0	0	492	
4	0	0	0	0	494	
5	0	0	0	0	499	
6	0	0	0	0	503	
7	0	0	0	0	504	
8	0	0	0	0	504	
9	0	0	0	0	502	
10	0	0	0	0	501	
11	0	0	0	0	501	
12	0	0	0	0	499	
13	0	0	0	0	500	
14	0	0	0	0	503	
15	0	0	0	0	504	
0	0	0	0	0	503	
1	0	0	0	0	501	
2	0	0	0	0	503	
3	0	0	0	0	502	
4	0	0	0	0	499	
5	0	0	0	0	498	
6	0	0	0	0	501	
7	0	0	0	0	503	
8	0	0	0	0	503	
9	0	0	0	0	504	
10	0	0	0	0	501	
11	0	0	0	0	500	
12	0	0	0	0	503	
13	0	0	0	0	504	
14	0	0	0	0	503	
15	0	0	0	0	502	
0	0	0	0	0	501	
1	0	0	0	0	502	
2	0	0	0	0	504	
3	0	0	0	0	506	
4	0	0	0	0	504	
5	0	0	0	0	504	
6	0	0	0	0	502	
7	0	0	0	0	499	
8	0	0	0	0	499	
9	0	0	0	0	502	
10	0	0	0	0	504	
11	0	0	0	0	501	
12	0	0	0	0	501	
13	0	0	0	0	504	
14	0	0	0	0	510	
15	0	0	0	0	511	
0	0	0	0	0	508	
1	0	0	0	0	507	
2	0	0	0	0	508	
3	0	0	0	0	508	
4	0	0	0	0	507	
5	0	0	0	0	504	
6	0	0	0	0	502	
7	0	0	0	0	502	
8	0	0	0	0	504	
9	0	0	0	0	505	
10	0	0	0	0	506	
11	0	0	0	0	509	
12	0	0	0	0	510	
13	0	0	0	0	511	
14	0	0	0	0	511	
15	0	0	0	0	508	
0	0	0	0	0	506	
1	0	0	0	0	504	
2	0	0	0	0	507	
3	0	0	0	0	510	
4	0	0	0	0	510	
5	0	0	0	0	509	
6	0	0	0	0	511	
7	0	0	0	0	512	
8	0	0	0	0	512	
9	0	0	0	0	511	
10	0	0	0	0	511	
11	0	0	0	0	511	
12	0	0	0	0	510	
13	0	0	0	0	510	
14	0	0	0	0	512	
15	0	0	0	0	509	
0	0	0	0	0	508	
1	0	0	0	0	507	
2	0	0	0	0	507	
3	0	0	0	0	504	
4	0	0	0	0	504	
5	0	0	0	0	507	
6	0	0	0	0	509	
7	0	0	0	0	511	
8	0	0	0	0	511	
9	0	0	0	0	510	
10	0	0	0	0	509	
11	0	0	0	0	509	
12	0	0	0	0	510	
13	0	0	0	0	510	
14	0	0	0	0	510	
15	0	0	0	0	508	
0	0	0	0	0	509	
1	0	0	0	0	510	
2	0	0	0	0	511	
3	0	0	0	0	510	
4	0	0	0	0	510	
5	0	0	0	0	508	
6	0	0	0	0	505	
7	0	0	0	0	505	
8	0	0	0	0	505	
9	0	0	0	0	507	
10	0	0	0	0	505	
11	0	0	0	0	505	
12	0	0	0	0	507	
13	0	0	0	0	508	
14	0	0	0	0	511	
15	0	0	0	0	511	
0	0	0	0	0	511	
1	0	0	0	0	512	
2	0	0	0	0	513	
3	0	0	0	0	513	
4	0	0	0	0	515	
5	0	0	0	0	511	
6	0	0	0	0	509	
7	0	0	0	0	507	
8	0	0	0	0	506	
9	0	0	0	0	508	
10	0	0	0	0	511	
11	0	0	0	0	511	
12	0	0	0	0	510	
13	0	0	0	0	507	
14	0	0	0	0	506	
15	0	0	0	0	510	
0	0	0	0	0	515	
1	0	0	0	0	520	
2	0	0	0	0	520	
3	0	0	0	0	517	
4	0	0	0	0	515	
5	0	0	0	0	517	
6	0	0	0	0	518	
7	0	0	0	0	519	
8	0	0	0	0	519	
9	0	0	0	0	520	
10	0	0	0	0	520	
11	0	0	0	0	520	
12	0	0	0	0	519	
13	0	0	0	0	515	
14	0	0	0	0	512	
15	0	0	0	0	512	
0	0	0	0	0	512	
1	0	0	0	0	512	
2	0	0	0	0	513	
3	0	0	0	0	513	
4	0	0	0	0	511	
5	0	0	0	0	513	
6	0	0	0	0	515	
7	0	0	0	0	513	
8	0	0	0	0	512	
9	0	0	0	0	510	
10	0	0	0	0	512	
11	0	0	0	0	514	
12	0	0	0	0	514	
13	0	0	0	0	510	
14	0	0	0	0	508	
15	0	0	0	0	511	
0	0	0	0	0	514	
1	0	0	0	0	515	
2	0	0	0	0	514	
3	0	0	0	0	513	
4	0	0	0	0	513	
5	0	0	0	0	512	
6	0	0	0	0	513	
7	0	0	0	0	510	
8	0	0	0	0	509	
9	0	0	0	0	511	
10	0	0	0	0	515	
11	0	0	0	0	518	
12	0	0	0	0	519	
13	0	0	0	0	517	
14	0	0	0	0	515	
15	0	0	0	0	515	
0	0	0	0	0	513	
1	0	0	0	0	511	
2	0	0	0	0	512	
3	0	0	0	0	512	
4	0	0	0	0	512	
5	0	0	0	0	511	
6	0	0	0	0	511	
7	0	0	0	0	510	
8	0	0	0	0	511	
9	0	0	0	0	511	
10	0	0	0	0	512	
11	0	0	0	0	513	
12	0	0	0	0	515	
13	0	0	0	0	515	
14	0	0	0	0	513	
15	0	0	0	0	512	
0	0	0	0	0	511	
1	0	0	0	0	511	
2	0	0	0	0	510	
3	0	0	0	0	513	
4	0	0	0	0	515	
5	0	0	0	0	517	
6	0	0	0	0	518	
7	0	0	0	0	518	
8	0	0	0	0	516	
9	0	0	0	0	512	
10	0	0	0	0	513	
11	0	0	0	0	516	
12	0	0	0	0	517	
13	0	0	0	0	519	
14	0	0	0	0	517	
15	0	0	0	0	518	
0	0	0	0	0	521	
1	0	0	0	0	521	
2	0	0	0	0	520	
3	0	0	0	0	517	
4	0	0	0	0	515	
5	0	0	0	0	514	
6	0	0	0	0	514	
7	0	0	0	0	515	
8	0	0	0	0	515	
9	0	0	0	0	515	
10	0	0	0	0	515	
11	0	0	0	0	515	
12	0	0	0	0	515	
13	0	0	0	0	512	
14	0	0	0	0	512	
15	0	0	0	0	514	
0	0	0	0	0	518	
1	0	0	0	0	516	
2	0	0	0	0	512	
3	0	0	0	0	512	
4	0	0	0	0	514	
5	0	0	0	0	515	
6	0	0	0	0	517	
7	0	0	0	0	518	
8	0	0	0	0	520	
9	0	0	0	0	516	
10	0	0	0	0	513	
11	0	0	0	0	513	
12	0	0	0	0	516	
13	0	0	0	0	516	
14	0	0	0	0	514	
15	0	0	0	0	512	
0	0	0	0	0	511	
1	0	0	0	0	513	
2	0	0	0	0	516	
3	0	0	0	0	519	
4	0	0	0	0	518	
5	0	0	0	0	517	
6	0	0	0	0	518	
7	0	0	0	0	519	
8	0	0	0	0	521	
9	0	0	0	0	519	
10	0	0	0	0	517	
11	0	0	0	0	518	
12	0	0	0	0	518	
13	0	0	0	0	518	
14	0	0	0	0	520	
15	0	0	0	0	518	
0	0	0	0	0	515	
1	0	0	0	0	515	
2	0	0	0	0	515	
3	0	0	0	0	516	
4	0	0	0	0	516	
5	0	0	0	0	515	
6	0	0	0	0	514	
7	0	0	0	0	514	
8	0	0	0	0	517	
9	0	0	0	0	520	
10	0	0	0	0	519	
11	0	0	0	0	517	
12	0	0	0	0	517	
13	0	0	0	0	518	
14	0	0	0	0	518	
15	0	0	0	0	519	
0	0	0	0	0	518	
1	0	0	0	0	518	
2	0	0	0	0	521	
3	0	0	0	0	521	
4	0	0	0	0	518	
5	0	0	0	0	516	
6	0	0	0	0	514	
7	0	0	0	0	515	
8	0	0	0	0	516	
9	0	0	0	0	516	
10	0	0	0	0	517	
11	0	0	0	0	516	
12	0	0	0	0	516	
13	0	0	0	0	515	
14	0	0	0	0	517	
15	0	0	0	0	519	
0	0	0	0	0	518	
1	0	0	0	0	514	
2	0	0	0	0	511	
3	0	0	0	0	512	
4	0	0	0	0	513	
5	0	0	0	0	514	
6	0	0	0	0	514	
7	0	0	0	0	513	
8	0	0	0	0	512	
9	0	0	0	0	512	
10	0	0	0	0	513	
11	0	0	0	0	514	
12	0	0	0	0	514	
13	0	0	0	0	513	
14	0	0	0	0	510	
15	0	0	0	0	511	
0	0	0	0	0	509	
1	0	0	0	0	510	
2	0	0	0	0	511	
3	0	0	0	0	510	
4	0	0	0	0	508	
5	0	0	0	0	509	
6	0	0	0	0	509	
7	0	0	0	0	507	
8	0	0	0	0	508	
9	0	0	0	0	512	
10	0	0	0	0	513	
11	0	0	0	0	513	
12	0	0	0	0	516	
13	0	0	0	0	515	
14	0	0	0	0	513	
15	0	0	0	0	510	
0	0	0	0	0	510	
1	0	0	0	0	513	
2	0	0	0	0	514	
3	0	0	0	0	515	
4	0	0	0	0	516	
5	0	0	0	0	514	
6	0	0	0	0	510	
7	0	0	0	0	512	
8	0	0	0	0	517	
9	0	0	0	0	515	
10	0	0	0	0	515	
11	0	0	0	0	514	
12	0	0	0	0	511	
13	0	0	0	0	511	
14	0	0	0	0	514	
15	0	0	0	0	516	
0	0	0	0	0	516	
1	0	0	0	0	515	
2	0	0	0	0	512	
3	0	0	0	0	512	
4	0	0	0	0	517	
5	0	0	0	0	521	
6	0	0	0	0	523	
7	0	0	0	0	523	
8	0	0	0	0	521	
9	0	0	0	0	519	
10	0	0	0	0	518	
11	0	0	0	0	519	
12	0	0	0	0	516	
13	0	0	0	0	516	
14	0	0	0	0	513	
15	0	0	0	0	513	
0	0	0	0	0	518	
1	0	0	0	0	519	
2	0	0	0	0	516	
3	0	0	0	0	517	
4	0	0	0	0	517	
5	0	0	0	0	515	
6	0	0	0	0	514	
7	0	0	0	0	513	
8	0	0	0	0	515	
9	0	0	0	0	516	
10	0	0	0	0	515	
11	0	0	0	0	512	
12	0	0	0	0	512	
13	0	0	0	0	515	
14	0	0	0	0	516	
15	0	0	0	0	518	
0	0	0	0	0	518	
1	0	0	0	0	515	
2	0	0	0	0	513	
3	0	0	0	0	512	
4	0	0	0	0	512	
5	0	0	0	0	512	
6	0	0	0	0	512	
7	0	0	0	0	513	
8	0	0	0	0	513	
9	0	0	0	0	515	
10	0	0	0	0	515	
11	0	0	0	0	513	
12	0	0	0	0	511	
13	0	0	0	0	511	
14	0	0	0	0	511	
15	0	0	0	0	513	
0	0	0	0	0	515	
1	0	0	0	0	515	
2	0	0	0	0	513	
3	0	0	0	0	512	
4	0	0	0	0	512	
5	0	0	0	0	510	
6	0	0	0	0	512	
7	0	0	0	0	513	
8	0	0	0	0	510	
9	0	0	0	0	508	
10	0	0	0	0	508	
11	0	0	0	0	510	
12	0	0	0	0	509	
13	0	0	0	0	511	
14	0	0	0	0	512	
15	0	0	0	0	511	
0	0	0	0	0	510	
1	0	0	0	0	511	
2	0	0	0	0	511	
3	0	0	0	0	511	
4	0	0	0	0	508	
5	0	0	0	0	509	
6	0	0	0	0	514	
7	0	0	0	0	515	
8	0	0	0	0	518	
9	0	0	0	0	518	
10	0	0	0	0	517	
11	0	0	0	0	518	
12	0	0	0	0	518	
13	0	0	0	0	513	
14	0	0	0	0	510	
15	0	0	0	0	510	
0	0	0	0	0	512	
1	0	0	0	0	512	
2	0	0	0	0	515	
3	0	0	0	0	519	
4	0	0	0	0	520	
5	0	0	0	0	519	
6	0	0	0	0	516	
7	0	0	0	0	517	
8	0	0	0	0	517	
9	0	0	0	0	516	
10	0	0	0	0	515	
11	0	0	0	0	513	
12	0	0	0	0	514	
13	0	0	0	0	513	
14	0	0	0	0	508	
15	0	0	0	0	510	
0	0	0	0	0	518	
1	0	0	0	0	523	
2	0	0	0	0	522	
3	0	0	0	0	521	
4	0	0	0	0	522	
5	0	0	0	0	523	
6	0	0	0	0	525	
7	0	0	0	0	524	
8	0	0	0	0	522	
9	0	0	0	0	521	
10	0	0	0	0	519	
11	0	0	0	0	516	
12	0	0	0	0	516	
13	0	0	0	0	515	
14	0	0	0	0	516	
15	0	0	0	0	518	
0	0	0	0	0	519	
1	0	0	0	0	522	
2	0	0	0	0	521	
3	0	0	0	0	518	
4	0	0	0	0	516	
5	0	0	0	0	519	
6	0	0	0	0	521	
7	0	0	0	0	523	
8	0	0	0	0	525	
9	0	0	0	0	524	
10	0	0	0	0	521	
11	0	0	0	0	523	
12	0	0	0	0	525	
13	0	0	0	0	527	
14	0	0	0	0	527	
15	0	0	0	0	527	
0	0	0	0	0	526	
1	0	0	0	0	528	
2	0	0	0	0	529	
3	0	0	0	0	527	
4	0	0	0	0	526	
5	0	0	0	0	526	
6	0	0	0	0	527	
7	0	0	0	0	528	
8	0	0	0	0	528	
9	0	0	0	0	528	
10	0	0	0	0	528	
11	0	0	0	0	529	
12	0	0	0	0	529	
13	0	0	0	0	527	
14	0	0	0	0	527	
15	0	0	0	0	524	
0	0	0	0	0	519	
1	0	0	0	0	520	
2	0	0	0	0	519	
3	0	0	0	0	516	
4	0	0	0	0	516	
5	0	0	0	0	518	
6	0	0	0	0	520	
7	0	0	0	0	519	
8	0	0	0	0	519	
9	0	0	0	0	520	
10	0	0	0	0	519	
11	0	0	0	0	516	
12	0	0	0	0	516	
13	0	0	0	0	518	
14	0	0	0	0	520	
15	0	0	0	0	519	
0	0	0	0	0	519	
1	0	0	0	0	520	
2	0	0	0	0	519	
3	0	0	0	0	518	
4	0	0	0	0	515	
5	0	0	0	0	518	
6	0	0	0	0	516	
7	0	0	0	0	516	
8	0	0	0	0	515	
9	0	0	0	0	515	
10	0	0	0	0	515	
11	0	0	0	0	516	
12	0	0	0	0	515	
13	0	0	0	0	514	
14	0	0	0	0	514	
15	0	0	0	0	513	
0	0	0	0	0	511	
1	0	0	0	0	508	
2	0	0	0	0	509	
3	0	0	0	0	513	
4	0	0	0	0	516	
5	0	0	0	0	516	
6	0	0	0	0	515	
7	0	0	0	0	513	
8	0	0	0	0	512	
9	0	0	0	0	513	
10	0	0	0	0	510	
11	0	0	0	0	507	
12	0	0	0	0	505	
13	0	0	0	0	507	
14	0	0	0	0	510	
15	0	0	0	0	511	
0	0	0	0	0	511	
1	0	0	0	0	509	
2	0	0	0	0	505	
3	0	0	0	0	506	
4	0	0	0	0	508	
5	0	0	0	0	510	
6	0	0	0	0	511	
7	0	0	0	0	511	
8	0	0	0	0	510	
9	0	0	0	0	507	
10	0	0	0	0	506	
11	0	0	0	0	507	
12	0	0	0	0	506	
13	0	0	0	0	506	
14	0	0	0	0	508	
15	0	0	0	0	508	
0	0	0	0	0	508	
1	0	0	0	0	508	
2	0	0	0	0	507	
3	0	0	0	0	506	
4	0	0	0	0	508	
5	0	0	0	0	508	
6	0	0	0	0	508	
7	0	0	0	0	507	
8	0	0	0	0	505	
9	0	0	0	0	505	
10	0	0	0	0	506	
11	0	0	0	0	504	
12	0	0	0	0	505	
13	0	0	0	0	505	
14	0	0	0	0	503	
15	0	0	0	0	498	
0	0	0	0	0	496	
1	0	0	0	0	491	
2	0	0	0	0	490	
3	0	0	0	0	489	
4	0	0	0	0	487	
5	0	0	0	0	483	
6	0	0	0	0	481	
7	0	0	0	0	484	
8	0	0	0	0	487	
9	0	0	0	0	484	
10	0	0	0	0	484	
11	0	0	0	0	484	
12	0	0	0	0	485	
13	0	0	0	0	487	
14	0	0	0	0	490	
15	0	0	0	0	495	
0	0	0	0	0	502	
1	0	0	0	0	509	
2	0	0	0	0	513	
3	0	0	0	0	516	
4	0	0	0	0	521	
5	0	0	0	0	527	
6	0	0	0	0	536	
7	0	0	0	0	550	
8	0	0	0	0	563	
9	0	0	0	0	573	
10	0	0	0	0	584	
11	0	0	0	0	598	
12	0	0	0	0	611	
13	0	0	0	0	623	
14	0	0	0	0	636	
15	0	0	0	0	649	
0	0	0	0	0	663	
1	0	0	0	0	678	
2	0	0	0	0	689	
3	0	0	0	0	698	
4	0	0	0	0	705	
5	0	0	0	0	707	
6	0	0	0	0	705	
7	0	0	0	0	696	
8	0	0	0	0	685	
9	0	0	0	0	674	
10	0	0	0	0	662	
11	0	0	0	0	649	
12	0	0	0	0	636	
13	0	0	0	0	623	
14	0	0	0	0	605	
15	0	0	0	0	582	
0	0	0	0	0	558	
1	0	0	0	0	543	
2	0	0	0	0	532	
3	0	0	0	0	519	
4	0	0	0	0	508	
5	0	0	0	0	498	
6	0	0	0	0	487	
7	0	0	0	0	478	
8	0	0	0	0	472	
9	0	0	0	0	466	
10	0	0	0	0	462	
11	0	0	0	0	460	
12	0	0	0	0	459	
13	0	0	0	0	458	
14	0	0	0	0	460	
15	0	0	0	0	461	
0	0	0	0	0	462	
1	0	0	0	0	463	
2	0	0	0	0	463	
3	0	0	0	0	466	
4	0	0	0	0	471	
5	0	0	0	0	476	
6	0	0	0	0	480	
7	0	0	0	0	484	
8	0	0	0	0	486	
9	0	0	0	0	488	
10	0	0	0	0	485	
11	0	0	0	0	485	
12	0	0	0	0	484	
13	0	0	0	0	483	
14	0	0	0	0	484	
15	0	0	0	0	484	
0	0	0	0	0	483	
1	0	0	0	0	483	
2	0	0	0	0	481	
3	0	0	0	0	480	
4	0	0	0	0	481	
5	0	0	0	0	482	
6	0	0	0	0	481	
7	0	0	0	0	480	
8	0	0	0	0	480	
9	0	0	0	0	478	
10	0	0	0	0	475	
11	0	0	0	0	476	
12	0	0	0	0	476	
13	0	0	0	0	478	
14	0	0	0	0	478	
15	0	0	0	0	483	
0	0	0	0	0	486	
1	0	0	0	0	483	
2	0	0	0	0	484	
3	0	0	0	0	486	
4	0	0	0	0	486	
5	0	0	0	0	488	
6	0	0	0	0	489	
7	0	0	0	0	490	
8	0	0	0	0	488	
9	0	0	0	0	487	
10	0	0	0	0	488	
11	0	0	0	0	487	
12	0	0	0	0	488	
13	0	0	0	0	488	
14	0	0	0	0	488	
15	0	0	0	0	490	
0	0	0	0	0	490	
1	0	0	0	0	490	
2	0	0	0	0	489	
3	0	0	0	0	488	
4	0	0	0	0	488	
5	0	0	0	0	487	
6	0	0	0	0	489	
7	0	0	0	0	491	
8	0	0	0	0	492	
9	0	0	0	0	491	
10	0	0	0	0	490	
11	0	0	0	0	487	
12	0	0	0	0	487	
13	0	0	0	0	492	
14	0	0	0	0	496	
15	0	0	0	0	497	
0	0	0	0	0	497	
1	0	0	0	0	498	
2	0	0	0	0	498	
3	0	0	0	0	499	
4	0	0	0	0	498	
5	0	0	0	0	496	
6	0	0	0	0	495	
7	0	0	0	0	496	
8	0	0	0	0	498	
9	0	0	0	0	497	
10	0	0	0	0	496	
11	0	0	0	0	494	
12	0	0	0	0	495	
13	0	0	0	0	497	
14	0	0	0	0	502	
15	0	0	0	0	503	
0	0	0	0	0	501	
1	0	0	0	0	501	
2	0	0	0	0	501	
3	0	0	0	0	503	
4	0	0	0	0	503	
5	0	0	0	0	504	
6	0	0	0	0	503	
7	0	0	0	0	504	
8	0	0	0	0	504	
9	0	0	0	0	504	
10	0	0	0	0	504	
11	0	0	0	0	505	
12	0	0	0	0	505	
13	0	0	0	0	505	
14	0	0	0	0	504	
15	0	0	0	0	504	
0	0	0	0	0	506	
1	0	0	0	0	507	
2	0	0	0	0	506	
3	0	0	0	0	507	
4	0	0	0	0	507	
5	0	0	0	0	508	
6	0	0	0	0	508	
7	0	0	0	0	507	
8	0	0	0	0	508	
9	0	0	0	0	507	
10	0	0	0	0	508	
11	0	0	0	0	509	
12	0	0	0	0	510	
13	0	0	0	0	511	
14	0	0	0	0	510	
15	0	0	0	0	509	
0	0	0	0	0	510	
1	0	0	0	0	510	
2	0	0	0	0	508	
3	0	0	0	0	509	
4	0	0	0	0	510	
5	0	0	0	0	510	
6	0	0	0	0	509	
7	0	0	0	0	510	
8	0	0	0	0	511	
9	0	0	0	0	512	
10	0	0	0	0	514	
11	0	0	0	0	513	
12	0	0	0	0	513	
13	0	0	0	0	510	
14	0	0	0	0	511	
15	0	0	0	0	510	
0	0	0	0	0	507	
1	0	0	0	0	504	
2	0	0	0	0	506	
3	0	0	0	0	508	
4	0	0	0	0	512	
5	0	0	0	0	514	
6	0	0	0	0	517	
7	0	0	0	0	516	
8	0	0	0	0	513	
9	0	0	0	0	509	
10	0	0	0	0	507	
11	0	0	0	0	510	
12	0	0	0	0	511	
13	0	0	0	0	512	
14	0	0	0	0	512	
15	0	0	0	0	511	
0	0	0	0	0	513	
1	0	0	0	0	515	
2	0	0	0	0	517	
3	0	0	0	0	515	
4	0	0	0	0	512	
5	0	0	0	0	513	
6	0	0	0	0	514	
7	0	0	0	0	514	
8	0	0	0	0	516	
9	0	0	0	0	519	
10	0	0	0	0	522	
11	0	0	0	0	523	
12	0	0	0	0	523	
13	0	0	0	0	525	
14	0	0	0	0	525	
15	0	0	0	0	522	
0	0	0	0	0	520	
1	0	0	0	0	522	
2	0	0	0	0	523	
3	0	0	0	0	520	
4	0	0	0	0	522	
5	0	0	0	0	521	
6	0	0	0	0	520	
7	0	0	0	0	520	
8	0	0	0	0	521	
9	0	0	0	0	526	
10	0	0	0	0	527	
11	0	0	0	0	526	
12	0	0	0	0	526	
13	0	0	0	0	526	
14	0	0	0	0	527	
15	0	0	0	0	528	
0	0	0	0	0	528	
1	0	0	0	0	531	
2	0	0	0	0	534	
3	0	0	0	0	534	
4	0	0	0	0	533	
5	0	0	0	0	532	
6	0	0	0	0	532	
7	0	0	0	0	535	
8	0	0	0	0	534	
9	0	0	0	0	531	
10	0	0	0	0	532	
11	0	0	0	0	532	
12	0	0	0	0	531	
13	0	0	0	0	530	
14	0	0	0	0	532	
15	0	0	0	0	537	
0	0	0	0	0	537	
1	0	0	0	0	534	
2	0	0	0	0	536	
3	0	0	0	0	538	
4	0	0	0	0	539	
5	0	0	0	0	538	
6	0	0	0	0	536	
7	0	0	0	0	539	
8	0	0	0	0	542	
9	0	0	0	0	543	
10	0	0	0	0	540	
11	0	0	0	0	537	
12	0	0	0	0	540	
13	0	0	0	0	543	
14	0	0	0	0	550	
15	0	0	0	0	550	
0	0	0	0	0	549	
1	0	0	0	0	548	
2	0	0	0	0	547	
3	0	0	0	0	547	
4	0	0	0	0	543	
5	0	0	0	0	543	
6	0	0	0	0	547	
7	0	0	0	0	551	
8	0	0	0	0	551	
9	0	0	0	0	547	
10	0	0	0	0	544	
11	0	0	0	0	545	
12	0	0	0	0	548	
13	0	0	0	0	549	
14	0	0	0	0	548	
15	0	0	0	0	547	
0	0	0	0	0	549	
1	0	0	0	0	549	
2	0	0	0	0	544	
3	0	0	0	0	543	
4	0	0	0	0	543	
5	0	0	0	0	545	
6	0	0	0	0	544	
7	0	0	0	0	542	
8	0	0	0	0	542	
9	0	0	0	0	542	
10	0	0	0	0	541	
11	0	0	0	0	538	
12	0	0	0	0	536	
13	0	0	0	0	535	
14	0	0	0	0	533	
15	0	0	0	0	535	
0	0	0	0	0	533	
1	0	0	0	0	532	
2	0	0	0	0	530	
3	0	0	0	0	529	
4	0	0	0	0	526	
5	0	0	0	0	521	
6	0	0	0	0	519	
7	0	0	0	0	518	
8	0	0	0	0	515	
9	0	0	0	0	513	
10	0	0	0	0	511	
11	0	0	0	0	511	
12	0	0	0	0	512	
13	0	0	0	0	508	
14	0	0	0	0	508	
15	0	0	0	0	507	
0	0	0	0	0	507	
1	0	0	0	0	503	
2	0	0	0	0	500	
3	0	0	0	0	499	
4	0	0	0	0	499	
5	0	0	0	0	499	
6	0	0	0	0	499	
7	0	0	0	0	497	
8	0	0	0	0	497	
9	0	0	0	0	494	
10	0	0	0	0	493	
11	0	0	0	0	490	
12	0	0	0	0	484	
13	0	0	0	0	479	
14	0	0	0	0	480	
15	0	0	0	0	483	
0	0	0	0	0	488	
1	0	0	0	0	487	
2	0	0	0	0	483	
3	0	0	0	0	483	
4	0	0	0	0	484	
5	0	0	0	0	483	
6	0	0	0	0	484	
7	0	0	0	0	484	
8	0	0	0	0	485	
9	0	0	0	0	483	
10	0	0	0	0	482	
11	0	0	0	0	483	
12	0	0	0	0	484	
13	0	0	0	0	486	
14	0	0	0	0	486	
15	0	0	0	0	483	
0	0	0	0	0	483	
1	0	0	0	0	483	
2	0	0	0	0	482	
3	0	0	0	0	478	
4	0	0	0	0	477	
5	0	0	0	0	479	
6	0	0	0	0	480	
7	0	0	0	0	478	
8	0	0	0	0	476	
9	0	0	0	0	477	
10	0	0	0	0	479	
11	0	0	0	0	480	
12	0	0	0	0	481	
13	0	0	0	0	481	
14	0	0	0	0	484	
15	0	0	0	0	487	
0	0	0	0	0	489	
1	0	0	0	0	485	
2	0	0	0	0	481	
3	0	0	0	0	480	
4	0	0	0	0	483	
5	0	0	0	0	487	
6	0	0	0	0	488	
7	0	0	0	0	489	
8	0	0	0	0	492	
9	0	0	0	0	491	
10	0	0	0	0	489	
11	0	0	0	0	486	
12	0	0	0	0	487	
13	0	0	0	0	491	
14	0	0	0	0	491	
15	0	0	0	0	489	
0	0	0	0	0	488	
1	0	0	0	0	489	
2	0	0	0	0	486	
3	0	0	0	0	488	
4	0	0	0	0	492	
5	0	0	0	0	493	
6	0	0	0	0	492	
7	0	0	0	0	490	
8	0	0	0	0	489	
9	0	0	0	0	489	
10	0	0	0	0	489	
11	0	0	0	0	491	
12	0	0	0	0	492	
13	0	0	0	0	492	
14	0	0	0	0	493	
15	0	0	0	0	495	
0	0	0	0	0	496	
1	0	0	0	0	496	
2	0	0	0	0	495	
3	0	0	0	0	492	
4	0	0	0	0	491	
5	0	0	0	0	492	
6	0	0	0	0	494	
7	0	0	0	0	495	
8	0	0	0	0	497	
9	0	0	0	0	498	
10	0	0	0	0	496	
11	0	0	0	0	497	
12	0	0	0	0	498	
13	0	0	0	0	496	
14	0	0	0	0	491	
15	0	0	0	0	492	
0	0	0	0	0	494	
1	0	0	0	0	495	
2	0	0	0	0	494	
3	0	0	0	0	496	
4	0	0	0	0	501	
5	0	0	0	0	500	
6	0	0	0	0	501	
7	0	0	0	0	504	
8	0	0	0	0	503	
9	0	0	0	0	499	
10	0	0	0	0	498	
11	0	0	0	0	497	
12	0	0	0	0	497	
13	0	0	0	0	498	
14	0	0	0	0	499	
15	0	0	0	0	501	
0	0	0	0	0	502	
1	0	0	0	0	503	
2	0	0	0	0	502	
3	0	0	0	0	502	
4	0	0	0	0	500	
5	0	0	0	0	497	
6	0	0	0	0	498	
7	0	0	0	0	498	
8	0	0	0	0	499	
9	0	0	0	0	502	
10	0	0	0	0	501	
11	0	0	0	0	502	
12	0	0	0	0	502	
13	0	0	0	0	502	
14	0	0	0	0	501	
15	0	0	0	0	501	
0	0	0	0	0	504	
1	0	0	0	0	502	
2	0	0	0	0	504	
3	0	0	0	0	505	
4	0	0	0	0	504	
5	0	0	0	0	503	
6	0	0	0	0	503	
7	0	0	0	0	504	
8	0	0	0	0	508	
9	0	0	0	0	508	
10	0	0	0	0	508	
11	0	0	0	0	505	
12	0	0	0	0	504	
13	0	0	0	0	504	
14	0	0	0	0	505	
15	0	0	0	0	506	
0	0	0	0	0	505	
1	0	0	0	0	502	
2	0	0	0	0	503	
3	0	0	0	0	505	
4	0	0	0	0	508	
5	0	0	0	0	508	
6	0	0	0	0	508	
7	0	0	0	0	507	
8	0	0	0	0	505	
9	0	0	0	0	507	
10	0	0	0	0	507	
11	0	0	0	0	508	
12	0	0	0	0	511	
13	0	0	0	0	513	
14	0	0	0	0	511	
15	0	0	0	0	509	
0	0	0	0	0	509	
1	0	0	0	0	506	
2	0	0	0	0	505	
3	0	0	0	0	509	
4	0	0	0	0	510	
5	0	0	0	0	509	
6	0	0	0	0	510	
7	0	0	0	0	507	
8	0	0	0	0	506	
9	0	0	0	0	507	
10	0	0	0	0	508	
11	0	0	0	0	508	
12	0	0	0	0	509	
13	0	0	0	0	512	
14	0	0	0	0	512	
15	0	0	0	0	511	
0	0	0	0	0	511	
1	0	0	0	0	512	
2	0	0	0	0	511	
3	0	0	0	0	511	
4	0	0	0	0	510	
5	0	0	0	0	506	
6	0	0	0	0	503	
7	0	0	0	0	502	
8	0	0	0	0	503	
9	0	0	0	0	505	
10	0	0	0	0	508	
11	0	0	0	0	512	
12	0	0	0	0	516	
13	0	0	0	0	516	
14	0	0	0	0	515	
15	0	0	0	0	512	
0	0	0	0	0	510	
1	0	0	0	0	510	
2	0	0	0	0	511	
3	0	0	0	0	512	
4	0	0	0	0	512	
5	0	0	0	0	513	
6	0	0	0	0	512	
7	0	0	0	0	511	
8	0	0	0	0	512	
9	0	0	0	0	512	
10	0	0	0	0	512	
11	0	0	0	0	510	
12	0	0	0	0	508	
13	0	0	0	0	505	
14	0	0	0	0	505	
15	0	0	0	0	503	
0	0	0	0	0	502	
1	0	0	0	0	504	
2	0	0	0	0	507	
3	0	0	0	0	508	
4	0	0	0	0	510	
5	0	0	0	0	509	
6	0	0	0	0	508	
7	0	0	0	0	510	
8	0	0	0	0	511	
9	0	0	0	0	511	
10	0	0	0	0	509	
11	0	0	0	0	509	
12	0	0	0	0	509	
13	0	0	0	0	509	
14	0	0	0	0	512	
15	0	0	0	0	515	
0	0	0	0	0	518	
1	0	0	0	0	518	
2	0	0	0	0	515	
3	0	0	0	0	512	
4	0	0	0	0	512	
5	0	0	0	0	512	
6	0	0	0	0	513	
7	0	0	0	0	516	
8	0	0	0	0	517	
9	0	0	0	0	517	
10	0	0	0	0	517	
11	0	0	0	0	516	
12	0	0	0	0	514	
13	0	0	0	0	515	
14	0	0	0	0	516	
15	0	0	0	0	515	
0	0	0	0	0	516	
1	0	0	0	0	514	
2	0	0	0	0	512	
3	0	0	0	0	509	
4	0	0	0	0	507	
5	0	0	0	0	505	
6	0	0	0	0	506	
7	0	0	0	0	509	
8	0	0	0	0	512	
9	0	0	0	0	511	
10	0	0	0	0	513	
11	0	0	0	0	514	
12	0	0	0	0	513	
13	0	0	0	0	512	
14	0	0	0	0	512	
15	0	0	0	0	512	
0	0	0	0	0	512	
1	0	0	0	0	510	
2	0	0	0	0	509	
3	0	0	0	0	512	
4	0	0	0	0	513	
5	0	0	0	0	513	
6	0	0	0	0	515	
7	0	0	0	0	515	
8	0	0	0	0	512	
9	0	0	0	0	511	
10	0	0	0	0	512	
11	0	0	0	0	511	
12	0	0	0	0	512	
13	0	0	0	0	512	
14	0	0	0	0	511	
15	0	0	0	0	507	
0	0	0	0	0	507	
1	0	0	0	0	511	
2	0	0	0	0	514	
3	0	0	0	0	516	
4	0	0	0	0	516	
5	0	0	0	0	517	
6	0	0	0	0	516	
7	0	0	0	0	515	
8	0	0	0	0	513	
9	0	0	0	0	513	
10	0	0	0	0	515	
11	0	0	0	0	518	
12	0	0	0	0	515	
13	0	0	0	0	512	
14	0	0	0	0	512	
15	0	0	0	0	512	
0	0	0	0	0	514	
1	0	0	0	0	516	
2	0	0	0	0	516	
3	0	0	0	0	515	
4	0	0	0	0	511	
5	0	0	0	0	511	
6	0	0	0	0	511	
7	0	0	0	0	510	
8	0	0	0	0	511	
9	0	0	0	0	513	
10	0	0	0	0	512	
11	0	0	0	0	512	
12	0	0	0	0	512	
13	0	0	0	0	512	
14	0	0	0	0	514	
15	0	0	0	0	517	
0	0	0	0	0	515	
1	0	0	0	0	512	
2	0	0	0	0	515	
3	0	0	0	0	516	
4	0	0	0	0	514	
5	0	0	0	0	514	
6	0	0	0	0	517	
7	0	0	0	0	518	
8	0	0	0	0	515	
9	0	0	0	0	516	
10	0	0	0	0	515	
11	0	0	0	0	516	
12	0	0	0	0	518	
13	0	0	0	0	519	
14	0	0	0	0	519	
15	0	0	0	0	516	
0	0	0	0	0	514	
1	0	0	0	0	514	
2	0	0	0	0	515	
3	0	0	0	0	515	
4	0	0	0	0	514	
5	0	0	0	0	513	
6	0	0	0	0	513	
7	0	0	0	0	513	
8	0	0	0	0	513	
9	0	0	0	0	513	
10	0	0	0	0	511	
11	0	0	0	0	512	
12	0	0	0	0	514	
13	0	0	0	0	513	
14	0	0	0	0	513	
15	0	0	0	0	513	
0	0	0	0	0	512	
1	0	0	0	0	513	
2	0	0	0	0	515	
3	0	0	0	0	515	
4	0	0	0	0	514	
5	0	0	0	0	514	
6	0	0	0	0	515	
7	0	0	0	0	515	
8	0	0	0	0	513	
9	0	0	0	0	511	
10	0	0	0	0	508	
11	0	0	0	0	507	
12	0	0	0	0	508	
13	0	0	0	0	512	
14	0	0	0	0	518	
15	0	0	0	0	517	
0	0	0	0	0	517	
1	0	0	0	0	515	
2	0	0	0	0	515	
3	0	0	0	0	515	
4	0	0	0	0	514	
5	0	0	0	0	515	
6	0	0	0	0	518	
7	0	0	0	0	517	
8	0	0	0	0	517	
9	0	0	0	0	515	
10	0	0	0	0	516	
11	0	0	0	0	519	
12	0	0	0	0	520	
13	0	0	0	0	519	
14	0	0	0	0	516	
15	0	0	0	0	515	
0	0	0	0	0	519	
1	0	0	0	0	517	
2	0	0	0	0	515	
3	0	0	0	0	512	
4	0	0	0	0	511	
5	0	0	0	0	512	
6	0	0	0	0	512	
7	0	0	0	0	512	
8	0	0	0	0	512	
9	0	0	0	0	512	
10	0	0	0	0	516	
11	0	0	0	0	518	
12	0	0	0	0	518	
13	0	0	0	0	516	
14	0	0	0	0	518	
15	0	0	0	0	518	
0	0	0	0	0	518	
1	0	0	0	0	518	
2	0	0	0	0	516	
3	0	0	0	0	517	
4	0	0	0	0	518	
5	0	0	0	0	518	
6	0	0	0	0	519	
7	0	0	0	0	519	
8	0	0	0	0	518	
9	0	0	0	0	519	
10	0	0	0	0	519	
11	0	0	0	0	519	
12	0	0	0	0	519	
13	0	0	0	0	519	
14	0	0	0	0	518	
15	0	0	0	0	518	
0	0	0	0	0	516	
1	0	0	0	0	516	
2	0	0	0	0	515	
3	0	0	0	0	515	
4	0	0	0	0	516	
5	0	0	0	0	516	
6	0	0	0	0	513	
7	0	0	0	0	511	
8	0	0	0	0	512	
9	0	0	0	0	513	
10	0	0	0	0	515	
11	0	0	0	0	516	
12	0	0	0	0	517	
13	0	0	0	0	518	
14	0	0	0	0	516	
15	0	0	0	0	514	
0	0	0	0	0	516	
1	0	0	0	0	518	
2	0	0	0	0	516	
3	0	0	0	0	515	
4	0	0	0	0	515	
5	0	0	0	0	514	
6	0	0	0	0	513	
7	0	0	0	0	515	
8	0	0	0	0	516	
9	0	0	0	0	515	
10	0	0	0	0	516	
11	0	0	0	0	516	
12	0	0	0	0	518	
13	0	0	0	0	518	
14	0	0	0	0	518	
15	0	0	0	0	517	
0	0	0	0	0	515	
1	0	0	0	0	514	
2	0	0	0	0	514	
3	0	0	0	0	513	
4	0	0	0	0	512	
5	0	0	0	0	511	
6	0	0	0	0	512	
7	0	0	0	0	515	
8	0	0	0	0	515	
9	0	0	0	0	515	
10	0	0	0	0	511	
11	0	0	0	0	512	
12	0	0	0	0	513	
13	0	0	0	0	513	
14	0	0	0	0	516	
15	0	0	0	0	517	
0	0	0	0	0	514	
1	0	0	0	0	508	
2	0	0	0	0	509	
3	0	0	0	0	515	
4	0	0	0	0	518	
5	0	0	0	0	519	
6	0	0	0	0	518	
7	0	0	0	0	516	
8	0	0	0	0	516	
9	0	0	0	0	516	
10	0	0	0	0	516	
11	0	0	0	0	516	
12	0	0	0	0	516	
13	0	0	0	0	516	
14	0	0	0	0	516	
15	0	0	0	0	516	
0	0	0	0	0	514	
1	0	0	0	0	513	
2	0	0	0	0	513	
3	0	0	0	0	516	
4	0	0	0	0	518	
5	0	0	0	0	516	
6	0	0	0	0	514	
7	0	0	0	0	512	
8	0	0	0	0	511	
9	0	0	0	0	512	
10	0	0	0	0	512	
11	0	0	0	0	510	
12	0	0	0	0	508	
13	0	0	0	0	510	
14	0	0	0	0	513	
15	0	0	0	0	515	
0	0	0	0	0	513	
1	0	0	0	0	512	
2	0	0	0	0	513	
3	0	0	0	0	516	
4	0	0	0	0	516	
5	0	0	0	0	516	
6	0	0	0	0	516	
7	0	0	0	0	517	
8	0	0	0	0	517	
9	0	0	0	0	515	
10	0	0	0	0	515	
11	0	0	0	0	515	
12	0	0	0	0	514	
13	0	0	0	0	516	
14	0	0	0	0	518	
15	0	0	0	0	516	
0	0	0	0	0	515	
1	0	0	0	0	514	
2	0	0	0	0	512	
3	0	0	0	0	507	
4	0	0	0	0	504	
5	0	0	0	0	508	
6	0	0	0	0	515	
7	0	0	0	0	515	
8	0	0	0	0	515	
9	0	0	0	0	516	
10	0	0	0	0	518	
11	0	0	0	0	518	
12	0	0	0	0	518	
13	0	0	0	0	518	
14	0	0	0	0	519	
15	0	0	0	0	519	
0	0	0	0	0	519	
1	0	0	0	0	519	
2	0	0	0	0	517	
3	0	0	0	0	519	
4	0	0	0	0	518	
5	0	0	0	0	518	
6	0	0	0	0	518	
7	0	0	0	0	515	
8	0	0	0	0	513	
9	0	0	0	0	514	
10	0	0	0	0	514	
11	0	0	0	0	515	
12	0	0	0	0	516	
13	0	0	0	0	516	
14	0	0	0	0	515	
15	0	0	0	0	513	
0	0	0	0	0	514	
1	0	0	0	0	514	
2	0	0	0	0	512	
3	0	0	0	0	512	
4	0	0	0	0	511	
5	0	0	0	0	511	
6	0	0	0	0	514	
7	0	0	0	0	514	
8	0	0	0	0	514	
9	0	0	0	0	514	
10	0	0	0	0	512	
11	0	0	0	0	512	
12	0	0	0	0	513	
13	0	0	0	0	511	
14	0	0	0	0	511	
15	0	0	0	0	511	
0	0	0	0	0	511	
1	0	0	0	0	511	
2	0	0	0	0	510	
3	0	0	0	0	511	
4	0	0	0	0	512	
5	0	0	0	0	512	
6	0	0	0	0	512	
7	0	0	0	0	511	
8	0	0	0	0	511	
9	0	0	0	0	513	
10	0	0	0	0	515	
11	0	0	0	0	516	
12	0	0	0	0	516	
13	0	0	0	0	515	
14	0	0	0	0	516	
15	0	0	0	0	517	
0	0	0	0	0	519	
1	0	0	0	0	519	
2	0	0	0	0	519	
3	0	0	0	0	519	
4	0	0	0	0	519	
5	0	0	0	0	517	
6	0	0	0	0	519	
7	0	0	0	0	519	
8	0	0	0	0	520	
9	0	0	0	0	518	
10	0	0	0	0	518	
11	0	0	0	0	518	
12	0	0	0	0	519	
13	0	0	0	0	519	
14	0	0	0	0	517	
15	0	0	0	0	515	
0	0	0	0	0	513	
1	0	0	0	0	513	
2	0	0	0	0	515	
3	0	0	0	0	518	
4	0	0	0	0	518	
5	0	0	0	0	519	
6	0	0	0	0	520	
7	0	0	0	0	520	
8	0	0	0	0	521	
9	0	0	0	0	524	
10	0	0	0	0	524	
11	0	0	0	0	526	
12	0	0	0	0	527	
13	0	0	0	0	524	
14	0	0	0	0	522	
15	0	0	0	0	521	
0	0	0	0	0	524	
1	0	0	0	0	524	
2	0	0	0	0	522	
3	0	0	0	0	524	
4	0	0	0	0	523	
5	0	0	0	0	524	
6	0	0	0	0	524	
7	0	0	0	0	524	
8	0	0	0	0	522	
9	0	0	0	0	518	
10	0	0	0	0	517	
11	0	0	0	0	521	
12	0	0	0	0	525	
13	0	0	0	0	525	
14	0	0	0	0	524	
15	0	0	0	0	523	
0	0	0	0	0	521	
1	0	0	0	0	520	
2	0	0	0	0	518	
3	0	0	0	0	514	
4	0	0	0	0	513	
5	0	0	0	0	515	
6	0	0	0	0	519	
7	0	0	0	0	522	
8	0	0	0	0	521	
9	0	0	0	0	519	
10	0	0	0	0	516	
11	0	0	0	0	516	
12	0	0	0	0	516	
13	0	0	0	0	515	
14	0	0	0	0	516	
15	0	0	0	0	515	
0	0	0	0	0	513	
1	0	0	0	0	517	
2	0	0	0	0	521	
3	0	0	0	0	520	
4	0	0	0	0	519	
5	0	0	0	0	515	
6	0	0	0	0	516	
7	0	0	0	0	517	
8	0	0	0	0	515	
9	0	0	0	0	515	
10	0	0	0	0	516	
11	0	0	0	0	514	
12	0	0	0	0	511	
13	0	0	0	0	511	
14	0	0	0	0	512	
15	0	0	0	0	510	
0	0	0	0	0	508	
1	0	0	0	0	510	
2	0	0	0	0	512	
3	0	0	0	0	511	
4	0	0	0	0	510	
5	0	0	0	0	509	
6	0	0	0	0	507	
7	0	0	0	0	507	
8	0	0	0	0	508	
9	0	0	0	0	509	
10	0	0	0	0	508	
11	0	0	0	0	507	
12	0	0	0	0	507	
13	0	0	0	0	506	
14	0	0	0	0	505	
15	0	0	0	0	506	
0	0	0	0	0	506	
1	0	0	0	0	507	
2	0	0	0	0	507	
3	0	0	0	0	505	
4	0	0	0	0	506	
5	0	0	0	0	508	
6	0	0	0	0	509	
7	0	0	0	0	508	
8	0	0	0	0	507	
9	0	0	0	0	507	
10	0	0	0	0	504	
11	0	0	0	0	502	
12	0	0	0	0	502	
13	0	0	0	0	505	
14	0	0	0	0	506	
15	0	0	0	0	505	
0	0	0	0	0	505	
1	0	0	0	0	507	
2	0	0	0	0	506	
3	0	0	0	0	504	
4	0	0	0	0	501	
5	0	0	0	0	500	
6	0	0	0	0	504	
7	0	0	0	0	505	
8	0	0	0	0	504	
9	0	0	0	0	504	
10	0	0	0	0	502	
11	0	0	0	0	500	
12	0	0	0	0	496	
13	0	0	0	0	492	
14	0	0	0	0	491	
15	0	0	0	0	490	
0	0	0	0	0	487	
1	0	0	0	0	485	
2	0	0	0	0	484	
3	0	0	0	0	479	
4	0	0	0	0	474	
5	0	0	0	0	472	
6	0	0	0	0	474	
7	0	0	0	0	476	
8	0	0	0	0	479	
9	0	0	0	0	482	
10	0	0	0	0	482	
11	0	0	0	0	481	
12	0	0	0	0	482	
13	0	0	0	0	484	
14	0	0	0	0	491	
15	0	0	0	0	498	
0	0	0	0	0	504	
1	0	0	0	0	511	
2	0	0	0	0	519	
3	0	0	0	0	521	
4	0	0	0	0	526	
5	0	0	0	0	533	
6	0	0	0	0	543	
7	0	0	0	0	554	
8	0	0	0	0	567	
9	0	0	0	0	580	
10	0	0	0	0	592	
11	0	0	0	0	604	
12	0	0	0	0	615	
13	0	0	0	0	628	
14	0	0	0	0	641	
15	0	0	0	0	653	
0	0	0	0	0	667	
1	0	0	0	0	680	
2	0	0	0	0	690	
3	0	0	0	0	697	
4	0	0	0	0	702	
5	0	0	0	0	703	
6	0	0	0	0	699	
7	0	0	0	0	691	
8	0	0	0	0	680	
9	0	0	0	0	668	
10	0	0	0	0	655	
11	0	0	0	0	641	
12	0	0	0	0	626	
13	0	0	0	0	611	
14	0	0	0	0	594	
15	0	0	0	0	576	
0	0	0	0	0	557	
1	0	0	0	0	540	
2	0	0	0	0	524	
3	0	0	0	0	509	
4	0	0	0	0	496	
5	0	0	0	0	486	
6	0	0	0	0	480	
7	0	0	0	0	472	
8	0	0	0	0	464	
9	0	0	0	0	460	
10	0	0	0	0	461	
11	0	0	0	0	461	
12	0	0	0	0	458	
13	0	0	0	0	454	
14	0	0	0	0	456	
15	0	0	0	0	459	
0	0	0	0	0	462	
1	0	0	0	0	464	
2	0	0	0	0	465	
3	0	0	0	0	469	
4	0	0	0	0	472	
5	0	0	0	0	473	
6	0	0	0	0	477	
7	0	0	0	0	481	
8	0	0	0	0	484	
9	0	0	0	0	483	
10	0	0	0	0	483	
11	0	0	0	0	486	
12	0	0	0	0	483	
13	0	0	0	0	481	
14	0	0	0	0	483	
15	0	0	0	0	482	
0	0	0	0	0	481	
1	0	0	0	0	483	
2	0	0	0	0	482	
3	0	0	0	0	479	
4	0	0	0	0	478	
5	0	0	0	0	482	
6	0	0	0	0	482	
7	0	0	0	0	482	
8	0	0	0	0	483	
9	0	0	0	0	483	
10	0	0	0	0	485	
11	0	0	0	0	483	
12	0	0	0	0	478	
13	0	0	0	0	477	
14	0	0	0	0	480	
15	0	0	0	0	479	
0	0	0	0	0	479	
1	0	0	0	0	481	
2	0	0	0	0	486	
3	0	0	0	0	491	
4	0	0	0	0	493	
5	0	0	0	0	494	
6	0	0	0	0	492	
7	0	0	0	0	491	
8	0	0	0	0	489	
9	0	0	0	0	489	
10	0	0	0	0	491	
11	0	0	0	0	489	
12	0	0	0	0	488	
13	0	0	0	0	489	
14	0	0	0	0	491	
15	0	0	0	0	489	
0	0	0	0	0	487	
1	0	0	0	0	488	
2	0	0	0	0	489	
3	0	0	0	0	492	
4	0	0	0	0	493	
5	0	0	0	0	494	
6	0	0	0	0	493	
7	0	0	0	0	492	
8	0	0	0	0	491	
9	0	0	0	0	492	
10	0	0	0	0	494	
11	0	0	0	0	495	
12	0	0	0	0	495	
13	0	0	0	0	496	
14	0	0	0	0	498	
15	0	0	0	0	497	
0	0	0	0	0	496	
1	0	0	0	0	493	
2	0	0	0	0	494	
3	0	0	0	0	496	
4	0	0	0	0	497	
5	0	0	0	0	500	
6	0	0	0	0	500	
7	0	0	0	0	500	
8	0	0	0	0	499	
9	0	0	0	0	497	
10	0	0	0	0	498	
11	0	0	0	0	498	
12	0	0	0	0	498	
13	0	0	0	0	500	
14	0	0	0	0	500	
15	0	0	0	0	500	
0	0	0	0	0	499	
1	0	0	0	0	495	
2	0	0	0	0	492	
3	0	0	0	0	492	
4	0	0	0	0	494	
5	0	0	0	0	497	
6	0	0	0	0	499	
7	0	0	0	0	499	
8	0	0	0	0	496	
9	0	0	0	0	495	
10	0	0	0	0	498	
11	0	0	0	0	502	
12	0	0	0	0	504	
13	0	0	0	0	507	
14	0	0	0	0	508	
15	0	0	0	0	507	
0	0	0	0	0	505	
1	0	0	0	0	505	
2	0	0	0	0	503	
3	0	0	0	0	503	
4	0	0	0	0	504	
5	0	0	0	0	504	
6	0	0	0	0	504	
7	0	0	0	0	503	
8	0	0	0	0	501	
9	0	0	0	0	502	
10	0	0	0	0	503	
11	0	0	0	0	503	
12	0	0	0	0	505	
13	0	0	0	0	509	
14	0	0	0	0	507	
15	0	0	0	0	500	
0	0	0	0	0	499	
1	0	0	0	0	505	
2	0	0	0	0	510	
3	0	0	0	0	509	
4	0	0	0	0	509	
5	0	0	0	0	510	
6	0	0	0	0	511	
7	0	0	0	0	511	
8	0	0	0	0	513	
9	0	0	0	0	512	
10	0	0	0	0	510	
11	0	0	0	0	508	
12	0	0	0	0	507	
13	0	0	0	0	508	
14	0	0	0	0	509	
15	0	0	0	0	508	
0	0	0	0	0	512	
1	0	0	0	0	512	
2	0	0	0	0	511	
3	0	0	0	0	508	
4	0	0	0	0	509	
5	0	0	0	0	512	
6	0	0	0	0	515	
7	0	0	0	0	515	
8	0	0	0	0	516	
9	0	0	0	0	517	
10	0	0	0	0	516	
11	0	0	0	0	515	
12	0	0	0	0	514	
13	0	0	0	0	515	
14	0	0	0	0	515	
15	0	0	0	0	516	
0	0	0	0	0	517	
1	0	0	0	0	517	
2	0	0	0	0	514	
3	0	0	0	0	513	
4	0	0	0	0	515	
5	0	0	0	0	513	
6	0	0	0	0	513	
7	0	0	0	0	513	
8	0	0	0	0	515	
9	0	0	0	0	516	
10	0	0	0	0	515	
11	0	0	0	0	518	
12	0	0	0	0	519	
13	0	0	0	0	520	
14	0	0	0	0	523	
15	0	0	0	0	523	
0	0	0	0	0	520	
1	0	0	0	0	519	
2	0	0	0	0	519	
3	0	0	0	0	517	
4	0	0	0	0	519	
5	0	0	0	0	524	
6	0	0	0	0	523	
7	0	0	0	0	520	
8	0	0	0	0	520	
9	0	0	0	0	521	
10	0	0	0	0	524	
11	0	0	0	0	525	
12	0	0	0	0	525	
13	0	0	0	0	524	
14	0	0	0	0	523	
15	0	0	0	0	521	
0	0	0	0	0	522	
1	0	0	0	0	523	
2	0	0	0	0	524	
3	0	0	0	0	526	
4	0	0	0	0	527	
5	0	0	0	0	529	
6	0	0	0	0	531	
7	0	0	0	0	532	
8	0	0	0	0	533	
9	0	0	0	0	535	
10	0	0	0	0	534	
11	0	0	0	0	532	
12	0	0	0	0	533	
13	0	0	0	0	536	
14	0	0	0	0	537	
15	0	0	0	0	536	
0	0	0	0	0	536	
1	0	0	0	0	537	
2	0	0	0	0	539	
3	0	0	0	0	540	
4	0	0	0	0	538	
5	0	0	0	0	535	
6	0	0	0	0	535	
7	0	0	0	0	537	
8	0	0	0	0	537	
9	0	0	0	0	539	
10	0	0	0	0	540	
11	0	0	0	0	540	
12	0	0	0	0	541	
13	0	0	0	0	541	
14	0	0	0	0	542	
15	0	0	0	0	542	
0	0	0	0	0	542	
1	0	0	0	0	540	
2	0	0	0	0	539	
3	0	0	0	0	541	
4	0	0	0	0	540	
5	0	0	0	0	540	
6	0	0	0	0	541	
7	0	0	0	0	541	
8	0	0	0	0	539	
9	0	0	0	0	539	
10	0	0	0	0	540	
11	0	0	0	0	543	
12	0	0	0	0	545	
13	0	0	0	0	545	
14	0	0	0	0	546	
15	0	0	0	0	546	
0	0	0	0	0	543	
1	0	0	0	0	543	
2	0	0	0	0	543	
3	0	0	0	0	542	
4	0	0	0	0	539	
5	0	0	0	0	539	
6	0	0	0	0	541	
7	0	0	0	0	541	
8	0	0	0	0	537	
9	0	0	0	0	533	
10	0	0	0	0	533	
11	0	0	0	0	534	
12	0	0	0	0	531	
13	0	0	0	0	527	
14	0	0	0	0	523	
15	0	0	0	0	524	
0	0	0	0	0	528	
1	0	0	0	0	530	
2	0	0	0	0	527	
3	0	0	0	0	525	
4	0	0	0	0	524	
5	0	0	0	0	520	
6	0	0	0	0	519	
7	0	0	0	0	517	
8	0	0	0	0	512	
9	0	0	0	0	509	
10	0	0	0	0	509	
11	0	0	0	0	507	
12	0	0	0	0	505	
13	0	0	0	0	505	
14	0	0	0	0	504	
15	0	0	0	0	501	
0	0	0	0	0	500	
1	0	0	0	0	499	
2	0	0	0	0	496	
3	0	0	0	0	494	
4	0	0	0	0	495	
5	0	0	0	0	495	
6	0	0	0	0	492	
7	0	0	0	0	491	
8	0	0	0	0	490	
9	0	0	0	0	491	
10	0	0	0	0	493	
11	0	0	0	0	493	
12	0	0	0	0	492	
13	0	0	0	0	489	
14	0	0	0	0	488	
15	0	0	0	0	487	
0	0	0	0	0	485	
1	0	0	0	0	486	
2	0	0	0	0	487	
3	0	0	0	0	485	
4	0	0	0	0	482	
5	0	0	0	0	480	
6	0	0	0	0	480	
7	0	0	0	0	480	
8	0	0	0	0	481	
9	0	0	0	0	481	
10	0	0	0	0	481	
11	0	0	0	0	482	
12	0	0	0	0	482	
13	0	0	0	0	483	
14	0	0	0	0	481	
15	0	0	0	0	478	
0	0	0	0	0	479	
1	0	0	0	0	480	
2	0	0	0	0	480	
3	0	0	0	0	483	
4	0	0	0	0	482	
5	0	0	0	0	480	
6	0	0	0	0	481	
7	0	0	0	0	480	
8	0	0	0	0	482	
9	0	0	0	0	481	
10	0	0	0	0	482	
11	0	0	0	0	482	
12	0	0	0	0	482	
13	0	0	0	0	480	
14	0	0	0	0	478	
15	0	0	0	0	478	
0	0	0	0	0	480	
1	0	0	0	0	481	
2	0	0	0	0	482	
3	0	0	0	0	484	
4	0	0	0	0	485	
5	0	0	0	0	484	
6	0	0	0	0	482	
7	0	0	0	0	483	
8	0	0	0	0	486	
9	0	0	0	0	488	
10	0	0	0	0	489	
11	0	0	0	0	489	
12	0	0	0	0	488	
13	0	0	0	0	486	
14	0	0	0	0	484	
15	0	0	0	0	484	
0	0	0	0	0	487	
1	0	0	0	0	488	
2	0	0	0	0	486	
3	0	0	0	0	483	
4	0	0	0	0	482	
5	0	0	0	0	481	
6	0	0	0	0	480	
7	0	0	0	0	481	
8	0	0	0	0	486	
9	0	0	0	0	489	
10	0	0	0	0	491	
11	0	0	0	0	492	
12	0	0	0	0	491	
13	0	0	0	0	488	
14	0	0	0	0	487	
15	0	0	0	0	490	
0	0	0	0	0	493	
1	0	0	0	0	492	
2	0	0	0	0	492	
3	0	0	0	0	491	
4	0	0	0	0	491	
5	0	0	0	0	493	
6	0	0	0	0	494	
7	0	0	0	0	496	
8	0	0	0	0	498	
9	0	0	0	0	499	
10	0	0	0	0	498	
11	0	0	0	0	495	
12	0	0	0	0	492	
13	0	0	0	0	490	
14	0	0	0	0	492	
15	0	0	0	0	496	
0	0	0	0	0	501	
1	0	0	0	0	500	
2	0	0	0	0	497	
3	0	0	0	0	498	
4	0	0	0	0	498	
5	0	0	0	0	497	
6	0	0	0	0	499	
7	0	0	0	0	499	
8	0	0	0	0	499	
9	0	0	0	0	500	
10	0	0	0	0	499	
11	0	0	0	0	497	
12	0	0	0	0	499	
13	0	0	0	0	501	
14	0	0	0	0	504	
15	0	0	0	0	504	
0	0	0	0	0	504	
1	0	0	0	0	503	
2	0	0	0	0	502	
3	0	0	0	0	502	
4	0	0	0	0	503	
5	0	0	0	0	502	
6	0	0	0	0	503	
7	0	0	0	0	503	
8	0	0	0	0	503	
9	0	0	0	0	501	
10	0	0	0	0	502	
11	0	0	0	0	502	
12	0	0	0	0	502	
13	0	0	0	0	504	
14	0	0	0	0	505	
15	0	0	0	0	503	
0	0	0	0	0	501	
1	0	0	0	0	499	
2	0	0	0	0	501	
3	0	0	0	0	503	
4	0	0	0	0	505	
5	0	0	0	0	504	
6	0	0	0	0	505	
7	0	0	0	0	504	
8	0	0	0	0	501	
9	0	0	0	0	501	
10	0	0	0	0	503	
11	0	0	0	0	504	
12	0	0	0	0	506	
13	0	0	0	0	508	
14	0	0	0	0	506	
15	0	0	0	0	504	
0	0	0	0	0	502	
1	0	0	0	0	501	
2	0	0	0	0	502	
3	0	0	0	0	504	
4	0	0	0	0	505	
5	0	0	0	0	505	
6	0	0	0	0	504	
7	0	0	0	0	501	
8	0	0	0	0	502	
9	0	0	0	0	504	
10	0	0	0	0	505	
11	0	0	0	0	501	
12	0	0	0	0	498	
13	0	0	0	0	500	
14	0	0	0	0	503	
15	0	0	0	0	499	
0	0	0	0	0	499	
1	0	0	0	0	503	
2	0	0	0	0	504	
3	0	0	0	0	504	
4	0	0	0	0	504	
5	0	0	0	0	505	
6	0	0	0	0	504	
7	0	0	0	0	505	
8	0	0	0	0	506	
9	0	0	0	0	507	
10	0	0	0	0	508	
11	0	0	0	0	507	
12	0	0	0	0	508	
13	0	0	0	0	511	
14	0	0	0	0	511	
15	0	0	0	0	511	
0	0	0	0	0	509	
1	0	0	0	0	507	
2	0	0	0	0	502	
3	0	0	0	0	499	
4	0	0	0	0	503	
5	0	0	0	0	504	
6	0	0	0	0	506	
7	0	0	0	0	508	
8	0	0	0	0	510	
9	0	0	0	0	509	
10	0	0	0	0	508	
11	0	0	0	0	507	
12	0	0	0	0	506	
13	0	0	0	0	506	
14	0	0	0	0	509	
15	0	0	0	0	509	
0	0	0	0	0	512	
1	0	0	0	0	512	
2	0	0	0	0	511	
3	0	0	0	0	510	
4	0	0	0	0	510	
5	0	0	0	0	511	
6	0	0	0	0	512	
7	0	0	0	0	514	
8	0	0	0	0	513	
9	0	0	0	0	510	
10	0	0	0	0	510	
11	0	0	0	0	510	
12	0	0	0	0	508	
13	0	0	0	0	510	
14	0	0	0	0	509	
15	0	0	0	0	509	
0	0	0	0	0	508	
1	0	0	0	0	508	
2	0	0	0	0	508	
3	0	0	0	0	510	
4	0	0	0	0	512	
5	0	0	0	0	512	
6	0	0	0	0	510	
7	0	0	0	0	511	
8	0	0	0	0	511	
9	0	0	0	0	512	
10	0	0	0	0	515	
11	0	0	0	0	516	
12	0	0	0	0	516	
13	0	0	0	0	512	
14	0	0	0	0	510	
15	0	0	0	0	508	
0	0	0	0	0	510	
1	0	0	0	0	513	
2	0	0	0	0	513	
3	0	0	0	0	511	
4	0	0	0	0	508	
5	0	0	0	0	508	
6	0	0	0	0	511	
7	0	0	0	0	510	
8	0	0	0	0	509	
9	0	0	0	0	510	
10	0	0	0	0	510	
11	0	0	0	0	508	
12	0	0	0	0	509	
13	0	0	0	0	508	
14	0	0	0	0	507	
15	0	0	0	0	509	
0	0	0	0	0	511	
1	0	0	0	0	513	
2	0	0	0	0	512	
3	0	0	0	0	511	
4	0	0	0	0	508	
5	0	0	0	0	508	
6	0	0	0	0	509	
7	0	0	0	0	506	
8	0	0	0	0	505	
9	0	0	0	0	507	
10	0	0	0	0	509	
11	0	0	0	0	510	
12	0	0	0	0	510	
13	0	0	0	0	510	
14	0	0	0	0	511	
15	0	0	0	0	510	
0	0	0	0	0	511	
1	0	0	0	0	512	
2	0	0	0	0	512	
3	0	0	0	0	514	
4	0	0	0	0	515	
5	0	0	0	0	514	
6	0	0	0	0	515	
7	0	0	0	0	515	
8	0	0	0	0	514	
9	0	0	0	0	512	
10	0	0	0	0	512	
11	0	0	0	0	514	
12	0	0	0	0	511	
13	0	0	0	0	511	
14	0	0	0	0	513	
15	0	0	0	0	515	
0	0	0	0	0	515	
1	0	0	0	0	513	
2	0	0	0	0	512	
3	0	0	0	0	513	
4	0	0	0	0	512	
5	0	0	0	0	511	
6	0	0	0	0	510	
7	0	0	0	0	513	
8	0	0	0	0	515	
9	0	0	0	0	513	
10	0	0	0	0	513	
11	0	0	0	0	515	
12	0	0	0	0	515	
13	0	0	0	0	513	
14	0	0	0	0	512	
15	0	0	0	0	513	
0	0	0	0	0	513	
1	0	0	0	0	515	
2	0	0	0	0	516	
3	0	0	0	0	519	
4	0	0	0	0	518	
5	0	0	0	0	516	
6	0	0	0	0	514	
7	0	0	0	0	511	
8	0	0	0	0	508	
9	0	0	0	0	512	
10	0	0	0	0	512	
11	0	0	0	0	510	
12	0	0	0	0	507	
13	0	0	0	0	505	
14	0	0	0	0	509	
15	0	0	0	0	511	
0	0	0	0	0	512	
1	0	0	0	0	514	
2	0	0	0	0	513	
3	0	0	0	0	512	
4	0	0	0	0	512	
5	0	0	0	0	513	
6	0	0	0	0	516	
7	0	0	0	0	515	
8	0	0	0	0	515	
9	0	0	0	0	515	
10	0	0	0	0	515	
11	0	0	0	0	515	
12	0	0	0	0	517	
13	0	0	0	0	515	
14	0	0	0	0	510	
15	0	0	0	0	510	
0	0	0	0	0	510	
1	0	0	0	0	510	
2	0	0	0	0	508	
3	0	0	0	0	512	
4	0	0	0	0	511	
5	0	0	0	0	510	
6	0	0	0	0	511	
7	0	0	0	0	512	
8	0	0	0	0	508	
9	0	0	0	0	506	
10	0	0	0	0	507	
11	0	0	0	0	507	
12	0	0	0	0	505	
13	0	0	0	0	504	
14	0	0	0	0	507	
15	0	0	0	0	510	
0	0	0	0	0	510	
1	0	0	0	0	511	
2	0	0	0	0	513	
3	0	0	0	0	514	
4	0	0	0	0	514	
5	0	0	0	0	516	
6	0	0	0	0	515	
7	0	0	0	0	512	
8	0	0	0	0	510	
9	0	0	0	0	510	
10	0	0	0	0	513	
11	0	0	0	0	513	
12	0	0	0	0	515	
13	0	0	0	0	515	
14	0	0	0	0	515	
15	0	0	0	0	516	
0	0	0	0	0	514	
1	0	0	0	0	509	
2	0	0	0	0	506	
3	0	0	0	0	508	
4	0	0	0	0	510	
5	0	0	0	0	510	
6	0	0	0	0	512	
7	0	0	0	0	512	
8	0	0	0	0	511	
9	0	0	0	0	509	
10	0	0	0	0	510	
11	0	0	0	0	510	
12	0	0	0	0	510	
13	0	0	0	0	513	
14	0	0	0	0	514	
15	0	0	0	0	515	
0	0	0	0	0	515	
1	0	0	0	0	515	
2	0	0	0	0	515	
3	0	0	0	0	515	
4	0	0	0	0	512	
5	0	0	0	0	512	
6	0	0	0	0	513	
7	0	0	0	0	515	
8	0	0	0	0	515	
9	0	0	0	0	515	
10	0	0	0	0	513	
11	0	0	0	0	510	
12	0	0	0	0	509	
13	0	0	0	0	510	
14	0	0	0	0	511	
15	0	0	0	0	512	
0	0	0	0	0	512	
1	0	0	0	0	512	
2	0	0	0	0	512	
3	0	0	0	0	511	
4	0	0	0	0	508	
5	0	0	0	0	507	
6	0	0	0	0	507	
7	0	0	0	0	508	
8	0	0	0	0	513	
9	0	0	0	0	515	
10	0	0	0	0	513	
11	0	0	0	0	512	
12	0	0	0	0	515	
13	0	0	0	0	516	
14	0	0	0	0	517	
15	0	0	0	0	516	
0	0	0	0	0	515	
1	0	0	0	0	514	
2	0	0	0	0	514	
3	0	0	0	0	511	
4	0	0	0	0	506	
5	0	0	0	0	506	
6	0	0	0	0	509	
7	0	0	0	0	511	
8	0	0	0	0	512	
9	0	0	0	0	513	
10	0	0	0	0	515	
11	0	0	0	0	515	
12	0	0	0	0	513	
13	0	0	0	0	512	
14	0	0	0	0	510	
15	0	0	0	0	511	
0	0	0	0	0	513	
1	0	0	0	0	515	
2	0	0	0	0	515	
3	0	0	0	0	515	
4	0	0	0	0	515	
5	0	0	0	0	514	
6	0	0	0	0	512	
7	0	0	0	0	510	
8	0	0	0	0	510	
9	0	0	0	0	511	
10	0	0	0	0	512	
11	0	0	0	0	511	
12	0	0	0	0	510	
13	0	0	0	0	506	
14	0	0	0	0	507	
15	0	0	0	0	509	
0	0	0	0	0	508	
1	0	0	0	0	510	
2	0	0	0	0	511	
3	0	0	0	0	510	
4	0	0	0	0	513	
5	0	0	0	0	513	
6	0	0	0	0	511	
7	0	0	0	0	511	
8	0	0	0	0	512	
9	0	0	0	0	512	
10	0	0	0	0	512	
11	0	0	0	0	512	
12	0	0	0	0	512	
13	0	0	0	0	514	
14	0	0	0	0	515	
15	0	0	0	0	515	
0	0	0	0	0	512	
1	0	0	0	0	512	
2	0	0	0	0	512	
3	0	0	0	0	512	
4	0	0	0	0	513	
5	0	0	0	0	513	
6	0	0	0	0	512	
7	0	0	0	0	514	
8	0	0	0	0	515	
9	0	0	0	0	515	
10	0	0	0	0	517	
11	0	0	0	0	517	
12	0	0	0	0	515	
13	0	0	0	0	512	
14	0	0	0	0	512	
15	0	0	0	0	513	
0	0	0	0	0	513	
1	0	0	0	0	514	
2	0	0	0	0	517	
3	0	0	0	0	515	
4	0	0	0	0	514	
5	0	0	0	0	512	
6	0	0	0	0	511	
7	0	0	0	0	508	
8	0	0	0	0	505	
9	0	0	0	0	505	
10	0	0	0	0	509	
11	0	0	0	0	510	
12	0	0	0	0	510	
13	0	0	0	0	512	
14	0	0	0	0	516	
15	0	0	0	0	516	
0	0	0	0	0	513	
1	0	0	0	0	512	
2	0	0	0	0	513	
3	0	0	0	0	514	
4	0	0	0	0	515	
5	0	0	0	0	515	
6	0	0	0	0	513	
7	0	0	0	0	512	
8	0	0	0	0	511	
9	0	0	0	0	510	
10	0	0	0	0	511	
11	0	0	0	0	511	
12	0	0	0	0	508	
13	0	0	0	0	509	
14	0	0	0	0	511	
15	0	0	0	0	512	
0	0	0	0	0	510	
1	0	0	0	0	512	
2	0	0	0	0	515	
3	0	0	0	0	513	
4	0	0	0	0	512	
5	0	0	0	0	510	
6	0	0	0	0	511	
7	0	0	0	0	510	
8	0	0	0	0	508	
9	0	0	0	0	510	
10	0	0	0	0	508	
11	0	0	0	0	511	
12	0	0	0	0	511	
13	0	0	0	0	510	
14	0	0	0	0	510	
15	0	0	0	0	511	
0	0	0	0	0	511	
1	0	0	0	0	508	
2	0	0	0	0	505	
3	0	0	0	0	508	
4	0	0	0	0	513	
5	0	0	0	0	515	
6	0	0	0	0	516	
7	0	0	0	0	513	
8	0	0	0	0	511	
9	0	0	0	0	512	
10	0	0	0	0	512	
11	0	0	0	0	513	
12	0	0	0	0	513	
13	0	0	0	0	512	
14	0	0	0	0	511	
15	0	0	0	0	512	
0	0	0	0	0	508	
1	0	0	0	0	503	
2	0	0	0	0	505	
3	0	0	0	0	508	
4	0	0	0	0	508	
5	0	0	0	0	510	
6	0	0	0	0	509	
7	0	0	0	0	509	
8	0	0	0	0	511	
9	0	0	0	0	507	
10	0	0	0	0	506	
11	0	0	0	0	510	
12	0	0	0	0	512	
13	0	0	0	0	513	
14	0	0	0	0	512	
15	0	0	0	0	512	
0	0	0	0	0	513	
1	0	0	0	0	514	
2	0	0	0	0	514	
3	0	0	0	0	513	
4	0	0	0	0	513	
5	0	0	0	0	510	
6	0	0	0	0	509	
7	0	0	0	0	508	
8	0	0	0	0	512	
9	0	0	0	0	513	
10	0	0	0	0	513	
11	0	0	0	0	514	
12	0	0	0	0	515	
13	0	0	0	0	515	
14	0	0	0	0	513	
15	0	0	0	0	513	
0	0	0	0	0	511	
1	0	0	0	0	509	
2	0	0	0	0	508	
3	0	0	0	0	510	
4	0	0	0	0	511	
5	0	0	0	0	511	
6	0	0	0	0	510	
7	0	0	0	0	510	
8	0	0	0	0	512	
9	0	0	0	0	512	
10	0	0	0	0	512	
11	0	0	0	0	513	
12	0	0	0	0	512	
13	0	0	0	0	512	
14	0	0	0	0	513	
15	0	0	0	0	513	
0	0	0	0	0	513	
1	0	0	0	0	512	
2	0	0	0	0	512	
3	0	0	0	0	513	
4	0	0	0	0	513	
5	0	0	0	0	509	
6	0	0	0	0	509	
7	0	0	0	0	511	
8	0	0	0	0	515	
9	0	0	0	0	515	
10	0	0	0	0	515	
11	0	0	0	0	516	
12	0	0	0	0	517	
13	0	0	0	0	518	
14	0	0	0	0	518	
15	0	0	0	0	517	
0	0	0	0	0	517	
1	0	0	0	0	517	
2	0	0	0	0	518	
3	0	0	0	0	520	
4	0	0	0	0	520	
5	0	0	0	0	522	
6	0	0	0	0	522	
7	0	0	0	0	520	
8	0	0	0	0	520	
9	0	0	0	0	518	
10	0	0	0	0	515	
11	0	0	0	0	517	
12	0	0	0	0	521	
13	0	0	0	0	524	
14	0	0	0	0	525	
15	0	0	0	0	527	
0	0	0	0	0	526	
1	0	0	0	0	522	
2	0	0	0	0	521	
3	0	0	0	0	519	
4	0	0	0	0	517	
5	0	0	0	0	518	
6	0	0	0	0	519	
7	0	0	0	0	519	
8	0	0	0	0	516	
9	0	0	0	0	515	
10	0	0	0	0	519	
11	0	0	0	0	520	
12	0	0	0	0	519	
13	0	0	0	0	518	
14	0	0	0	0	518	
15	0	0	0	0	519	
0	0	0	0	0	517	
1	0	0	0	0	517	
2	0	0	0	0	517	
3	0	0	0	0	516	
4	0	0	0	0	517	
5	0	0	0	0	514	
6	0	0	0	0	514	
7	0	0	0	0	513	
8	0	0	0	0	511	
9	0	0	0	0	508	
10	0	0	0	0	508	
11	0	0	0	0	507	
12	0	0	0	0	506	
13	0	0	0	0	508	
14	0	0	0	0	508	
15	0	0	0	0	506	
0	0	0	0	0	506	
1	0	0	0	0	508	
2	0	0	0	0	510	
3	0	0	0	0	509	
4	0	0	0	0	509	
5	0	0	0	0	512	
6	0	0	0	0	511	
7	0	0	0	0	508	
8	0	0	0	0	506	
9	0	0	0	0	507	
10	0	0	0	0	507	
11	0	0	0	0	505	
12	0	0	0	0	504	
13	0	0	0	0	502	
14	0	0	0	0	504	
15	0	0	0	0	504	
0	0	0	0	0	505	
1	0	0	0	0	505	
2	0	0	0	0	505	
3	0	0	0	0	507	
4	0	0	0	0	508	
5	0	0	0	0	508	
6	0	0	0	0	508	
7	0	0	0	0	507	
8	0	0	0	0	508	
9	0	0	0	0	509	
10	0	0	0	0	510	
11	0	0	0	0	509	
12	0	0	0	0	505	
13	0	0	0	0	506	
14	0	0	0	0	507	
15	0	0	0	0	507	
0	0	0	0	0	504	
1	0	0	0	0	502	
2	0	0	0	0	500	
3	0	0	0	0	502	
4	0	0	0	0	504	
5	0	0	0	0	504	
6	0	0	0	0	505	
7	0	0	0	0	504	
8	0	0	0	0	503	
9	0	0	0	0	504	
10	0	0	0	0	503	
11	0	0	0	0	500	
12	0	0	0	0	499	
13	0	0	0	0	499	
14	0	0	0	0	498	
15	0	0	0	0	497	
0	0	0	0	0	500	
1	0	0	0	0	501	
2	0	0	0	0	499	
3	0	0	0	0	496	
4	0	0	0	0	495	
5	0	0	0	0	490	
6	0	0	0	0	487	
7	0	0	0	0	485	
8	0	0	0	0	485	
9	0	0	0	0	485	
10	0	0	0	0	483	
11	0	0	0	0	481	
12	0	0	0	0	480	
13	0	0	0	0	479	
14	0	0	0	0	479	
15	0	0	0	0	477	
0	0	0	0	0	476	
1	0	0	0	0	476	
2	0	0	0	0	476	
3	0	0	0	0	477	
4	0	0	0	0	481	
5	0	0	0	0	487	
6	0	0	0	0	497	
7	0	0	0	0	501	
8	0	0	0	0	508	
9	0	0	0	0	513	
10	0	0	0	0	520	
11	0	0	0	0	529	
12	0	0	0	0	540	
13	0	0	0	0	551	
14	0	0	0	0	560	
15	0	0	0	0	572	
0	0	0	0	0	583	
1	0	0	0	0	596	
2	0	0	0	0	609	
3	0	0	0	0	620	
4	0	0	0	0	629	
5	0	0	0	0	638	
6	0	0	0	0	652	
7	0	0	0	0	667	
8	0	0	0	0	682	
9	0	0	0	0	695	
10	0	0	0	0	701	
11	0	0	0	0	699	
12	0	0	0	0	696	
13	0	0	0	0	689	
14	0	0	0	0	678	
15	0	0	0	0	668	
0	0	0	0	0	656	
1	0	0	0	0	643	
2	0	0	0	0	625	
3	0	0	0	0	610	
4	0	0	0	0	595	
5	0	0	0	0	578	
6	0	0	0	0	562	
7	0	0	0	0	545	
8	0	0	0	0	534	
9	0	0	0	0	522	
10	0	0	0	0	508	
11	0	0	0	0	497	
12	0	0	0	0	484	
13	0	0	0	0	472	
14	0	0	0	0	468	
15	0	0	0	0	465	
0	0	0	0	0	462	
1	0	0	0	0	462	
2	0	0	0	0	460	
3	0	0	0	0	460	
4	0	0	0	0	459	
5	0	0	0	0	463	
6	0	0	0	0	465	
7	0	0	0	0	466	
8	0	0	0	0	467	
9	0	0	0	0	468	
10	0	0	0	0	471	
11	0	0	0	0	472	
12	0	0	0	0	475	
13	0	0	0	0	479	
14	0	0	0	0	481	
15	0	0	0	0	483	
0	0	0	0	0	486	
1	0	0	0	0	486	
2	0	0	0	0	486	
3	0	0	0	0	488	
4	0	0	0	0	487	
5	0	0	0	0	485	
6	0	0	0	0	484	
7	0	0	0	0	483	
8	0	0	0	0	482	
9	0	0	0	0	483	
10	0	0	0	0	484	
11	0	0	0	0	481	
12	0	0	0	0	479	
13	0	0	0	0	481	
14	0	0	0	0	484	
15	0	0	0	0	485	
0	0	0	0	0	483	
1	0	0	0	0	481	
2	0	0	0	0	478	
3	0	0	0	0	479	
4	0	0	0	0	482	
5	0	0	0	0	484	
6	0	0	0	0	485	
7	0	0	0	0	486	
8	0	0	0	0	485	
9	0	0	0	0	484	
10	0	0	0	0	483	
11	0	0	0	0	483	
12	0	0	0	0	483	
13	0	0	0	0	483	
14	0	0	0	0	482	
15	0	0	0	0	481	
0	0	0	0	0	483	
1	0	0	0	0	487	
2	0	0	0	0	491	
3	0	0	0	0	489	
4	0	0	0	0	485	
5	0	0	0	0	487	
6	0	0	0	0	492	
7	0	0	0	0	496	
8	0	0	0	0	497	
9	0	0	0	0	494	
10	0	0	0	0	491	
11	0	0	0	0	492	
12	0	0	0	0	491	
13	0	0	0	0	489	
14	0	0	0	0	490	
15	0	0	0	0	495	
0	0	0	0	0	495	
1	0	0	0	0	496	
2	0	0	0	0	497	
3	0	0	0	0	496	
4	0	0	0	0	493	
5	0	0	0	0	491	
6	0	0	0	0	492	
7	0	0	0	0	496	
8	0	0	0	0	500	
9	0	0	0	0	502	
10	0	0	0	0	499	
11	0	0	0	0	498	
12	0	0	0	0	496	
13	0	0	0	0	496	
14	0	0	0	0	497	
15	0	0	0	0	499	
0	0	0	0	0	502	
1	0	0	0	0	502	
2	0	0	0	0	501	
3	0	0	0	0	499	
4	0	0	0	0	496	
5	0	0	0	0	496	
6	0	0	0	0	497	
7	0	0	0	0	498	
8	0	0	0	0	498	
9	0	0	0	0	496	
10	0	0	0	0	496	
11	0	0	0	0	497	
12	0	0	0	0	499	
13	0	0	0	0	499	
14	0	0	0	0	501	
15	0	0	0	0	501	
0	0	0	0	0	502	
1	0	0	0	0	501	
2	0	0	0	0	498	
3	0	0	0	0	497	
4	0	0	0	0	496	
5	0	0	0	0	495	
6	0	0	0	0	497	
7	0	0	0	0	496	
8	0	0	0	0	494	
9	0	0	0	0	499	
10	0	0	0	0	503	
11	0	0	0	0	506	
12	0	0	0	0	508	
13	0	0	0	0	505	
14	0	0	0	0	503	
15	0	0	0	0	498	
0	0	0	0	0	496	
1	0	0	0	0	497	
2	0	0	0	0	496	
3	0	0	0	0	500	
4	0	0	0	0	503	
5	0	0	0	0	503	
6	0	0	0	0	506	
7	0	0	0	0	508	
8	0	0	0	0	510	
9	0	0	0	0	510	
10	0	0	0	0	510	
11	0	0	0	0	512	
12	0	0	0	0	509	
13	0	0	0	0	508	
14	0	0	0	0	509	
15	0	0	0	0	509	
0	0	0	0	0	510	
1	0	0	0	0	508	
2	0	0	0	0	508	
3	0	0	0	0	512	
4	0	0	0	0	515	
5	0	0	0	0	516	
6	0	0	0	0	516	
7	0	0	0	0	515	
8	0	0	0	0	513	
9	0	0	0	0	512	
10	0	0	0	0	513	
11	0	0	0	0	514	
12	0	0	0	0	515	
13	0	0	0	0	515	
14	0	0	0	0	513	
15	0	0	0	0	513	
0	0	0	0	0	515	
1	0	0	0	0	516	
2	0	0	0	0	514	
3	0	0	0	0	515	
4	0	0	0	0	516	
5	0	0	0	0	517	
6	0	0	0	0	519	
7	0	0	0	0	516	
8	0	0	0	0	516	
9	0	0	0	0	517	
10	0	0	0	0	517	
11	0	0	0	0	517	
12	0	0	0	0	519	
13	0	0	0	0	519	
14	0	0	0	0	519	
15	0	0	0	0	521	
0	0	0	0	0	520	
1	0	0	0	0	518	
2	0	0	0	0	520	
3	0	0	0	0	520	
4	0	0	0	0	520	
5	0	0	0	0	518	
6	0	0	0	0	518	
7	0	0	0	0	519	
8	0	0	0	0	521	
9	0	0	0	0	521	
10	0	0	0	0	521	
11	0	0	0	0	522	
12	0	0	0	0	524	
13	0	0	0	0	524	
14	0	0	0	0	524	
15	0	0	0	0	525	
0	0	0	0	0	526	
1	0	0	0	0	527	
2	0	0	0	0	527	
3	0	0	0	0	527	
4	0	0	0	0	529	
5	0	0	0	0	530	
6	0	0	0	0	531	
7	0	0	0	0	530	
8	0	0	0	0	529	
9	0	0	0	0	527	
10	0	0	0	0	527	
11	0	0	0	0	529	
12	0	0	0	0	531	
13	0	0	0	0	529	
14	0	0	0	0	529	
15	0	0	0	0	531	
0	0	0	0	0	534	
1	0	0	0	0	536	
2	0	0	0	0	537	
3	0	0	0	0	538	
4	0	0	0	0	538	
5	0	0	0	0	539	
6	0	0	0	0	537	
7	0	0	0	0	536	
8	0	0	0	0	538	
9	0	0	0	0	537	
10	0	0	0	0	535	
11	0	0	0	0	535	
12	0	0	0	0	538	
13	0	0	0	0	545	
14	0	0	0	0	547	
15	0	0	0	0	546	
0	0	0	0	0	546	
1	0	0	0	0	544	
2	0	0	0	0	546	
3	0	0	0	0	545	
4	0	0	0	0	543	
5	0	0	0	0	543	
6	0	0	0	0	542	
7	0	0	0	0	544	
8	0	0	0	0	548	
9	0	0	0	0	551	
10	0	0	0	0	549	
11	0	0	0	0	545	
12	0	0	0	0	544	
13	0	0	0	0	545	
14	0	0	0	0	547	
15	0	0	0	0	548	
0	0	0	0	0	550	
1	0	0	0	0	550	
2	0	0	0	0	550	
3	0	0	0	0	548	
4	0	0	0	0	546	
5	0	0	0	0	544	
6	0	0	0	0	545	
7	0	0	0	0	547	
8	0	0	0	0	545	
9	0	0	0	0	545	
10	0	0	0	0	543	
11	0	0	0	0	541	
12	0	0	0	0	538	
13	0	0	0	0	539	
14	0	0	0	0	541	
15	0	0	0	0	543	
0	0	0	0	0	539	
1	0	0	0	0	536	
2	0	0	0	0	537	
3	0	0	0	0	534	
4	0	0	0	0	531	
5	0	0	0	0	532	
6	0	0	0	0	531	
7	0	0	0	0	529	
8	0	0	0	0	528	
9	0	0	0	0	527	
10	0	0	0	0	521	
11	0	0	0	0	519	
12	0	0	0	0	519	
13	0	0	0	0	519	
14	0	0	0	0	516	
15	0	0	0	0	514	
0	0	0	0	0	513	
1	0	0	0	0	513	
2	0	0	0	0	512	
3	0	0	0	0	511	
4	0	0	0	0	510	
5	0	0	0	0	508	
6	0	0	0	0	503	
7	0	0	0	0	500	
8	0	0	0	0	500	
9	0	0	0	0	502	
10	0	0	0	0	500	
11	0	0	0	0	497	
12	0	0	0	0	496	
13	0	0	0	0	493	
14	0	0	0	0	492	
15	0	0	0	0	492	
0	0	0	0	0	490	
1	0	0	0	0	489	
2	0	0	0	0	491	
3	0	0	0	0	488	
4	0	0	0	0	487	
5	0	0	0	0	486	
6	0	0	0	0	487	
7	0	0	0	0	487	
8	0	0	0	0	488	
9	0	0	0	0	487	
10	0	0	0	0	487	
11	0	0	0	0	485	
12	0	0	0	0	484	
13	0	0	0	0	484	
14	0	0	0	0	484	
15	0	0	0	0	483	
0	0	0	0	0	483	
1	0	0	0	0	484	
2	0	0	0	0	483	
3	0	0	0	0	482	
4	0	0	0	0	481	
5	0	0	0	0	481	
6	0	0	0	0	480	
7	0	0	0	0	478	
8	0	0	0	0	478	
9	0	0	0	0	476	
10	0	0	0	0	475	
11	0	0	0	0	478	
12	0	0	0	0	480	
13	0	0	0	0	482	
14	0	0	0	0	480	
15	0	0	0	0	478	
0	0	0	0	0	477	
1	0	0	0	0	477	
2	0	0	0	0	478	
3	0	0	0	0	478	
4	0	0	0	0	481	
5	0	0	0	0	483	
6	0	0	0	0	482	
7	0	0	0	0	477	
8	0	0	0	0	477	
9	0	0	0	0	480	
10	0	0	0	0	482	
11	0	0	0	0	485	
12	0	0	0	0	488	
13	0	0	0	0	489	
14	0	0	0	0	491	
15	0	0	0	0	489	
0	0	0	0	0	487	
1	0	0	0	0	486	
2	0	0	0	0	486	
3	0	0	0	0	488	
4	0	0	0	0	489	
5	0	0	0	0	485	
6	0	0	0	0	485	
7	0	0	0	0	487	
8	0	0	0	0	488	
9	0	0	0	0	487	
10	0	0	0	0	487	
11	0	0	0	0	489	
12	0	0	0	0	489	
13	0	0	0	0	489	
14	0	0	0	0	490	
15	0	0	0	0	492	
0	0	0	0	0	491	
1	0	0	0	0	489	
2	0	0	0	0	489	
3	0	0	0	0	492	
4	0	0	0	0	494	
5	0	0	0	0	494	
6	0	0	0	0	496	
7	0	0	0	0	499	
8	0	0	0	0	499	
9	0	0	0	0	500	
10	0	0	0	0	499	
11	0	0	0	0	498	
12	0	0	0	0	499	
13	0	0	0	0	499	
14	0	0	0	0	499	
15	0	0	0	0	499	
0	0	0	0	0	498	
1	0	0	0	0	495	
2	0	0	0	0	494	
3	0	0	0	0	494	
4	0	0	0	0	494	
5	0	0	0	0	495	
6	0	0	0	0	496	
7	0	0	0	0	496	
8	0	0	0	0	498	
9	0	0	0	0	497	
10	0	0	0	0	496	
11	0	0	0	0	497	
12	0	0	0	0	497	
13	0	0	0	0	497	
14	0	0	0	0	498	
15	0	0	0	0	499	
0	0	0	0	0	504	
1	0	0	0	0	505	
2	0	0	0	0	507	
3	0	0	0	0	507	
4	0	0	0	0	507	
5	0	0	0	0	506	
6	0	0	0	0	506	
7	0	0	0	0	507	
8	0	0	0	0	508	
9	0	0	0	0	508	
10	0	0	0	0	506	
11	0	0	0	0	504	
12	0	0	0	0	503	
13	0	0	0	0	504	
14	0	0	0	0	507	
15	0	0	0	0	505	
0	0	0	0	0	506	
1	0	0	0	0	506	
2	0	0	0	0	505	
3	0	0	0	0	507	
4	0	0	0	0	507	
5	0	0	0	0	507	
6	0	0	0	0	506	
7	0	0	0	0	505	
8	0	0	0	0	503	
9	0	0	0	0	502	
10	0	0	0	0	502	
11	0	0	0	0	497	
12	0	0	0	0	495	
13	0	0	0	0	496	
14	0	0	0	0	500	
15	0	0	0	0	502	
0	0	0	0	0	502	
1	0	0	0	0	503	
2	0	0	0	0	504	
3	0	0	0	0	503	
4	0	0	0	0	502	
5	0	0	0	0	502	
6	0	0	0	0	503	
7	0	0	0	0	507	
8	0	0	0	0	508	
9	0	0	0	0	505	
10	0	0	0	0	498	
11	0	0	0	0	497	
12	0	0	0	0	504	
13	0	0	0	0	511	
14	0	0	0	0	513	
15	0	0	0	0	512	
0	0	0	0	0	515	
1	0	0	0	0	516	
2	0	0	0	0	517	
3	0	0	0	0	517	
4	0	0	0	0	516	
5	0	0	0	0	514	
6	0	0	0	0	514	
7	0	0	0	0	514	
8	0	0	0	0	515	
9	0	0	0	0	515	
10	0	0	0	0	513	
11	0	0	0	0	512	
12	0	0	0	0	510	
13	0	0	0	0	512	
14	0	0	0	0	515	
15	0	0	0	0	514	
0	0	0	0	0	512	
1	0	0	0	0	511	
2	0	0	0	0	511	
3	0	0	0	0	512	
4	0	0	0	0	512	
5	0	0	0	0	512	
6	0	0	0	0	511	
7	0	0	0	0	511	
8	0	0	0	0	512	
9	0	0	0	0	512	
10	0	0	0	0	513	
11	0	0	0	0	513	
12	0	0	0	0	512	
13	0	0	0	0	512	
14	0	0	0	0	513	
15	0	0	0	0	511	
0	0	0	0	0	511	
1	0	0	0	0	509	
2	0	0	0	0	511	
3	0	0	0	0	512	
4	0	0	0	0	514	
5	0	0	0	0	515	
6	0	0	0	0	517	
7	0	0	0	0	513	
8	0	0	0	0	513	
9	0	0	0	0	513	
10	0	0	0	0	514	
11	0	0	0	0	515	
12	0	0	0	0	515	
13	0	0	0	0	512	
14	0	0	0	0	513	
15	0	0	0	0	513	
0	0	0	0	0	512	
1	0	0	0	0	511	
2	0	0	0	0	513	
3	0	0	0	0	516	
4	0	0	0	0	517	
5	0	0	0	0	518	
6	0	0	0	0	518	
7	0	0	0	0	516	
8	0	0	0	0	515	
9	0	0	0	0	513	
10	0	0	0	0	513	
11	0	0	0	0	513	
12	0	0	0	0	516	
13	0	0	0	0	516	
14	0	0	0	0	516	
15	0	0	0	0	515	
0	0	0	0	0	516	
1	0	0	0	0	516	
2	0	0	0	0	515	
3	0	0	0	0	515	
4	0	0	0	0	513	
5	0	0	0	0	510	
6	0	0	0	0	510	
7	0	0	0	0	514	
8	0	0	0	0	517	
9	0	0	0	0	518	
10	0	0	0	0	518	
11	0	0	0	0	515	
12	0	0	0	0	513	
13	0	0	0	0	513	
14	0	0	0	0	510	
15	0	0	0	0	507	
0	0	0	0	0	510	
1	0	0	0	0	516	
2	0	0	0	0	519	
3	0	0	0	0	519	
4	0	0	0	0	522	
5	0	0	0	0	525	
6	0	0	0	0	524	
7	0	0	0	0	523	
8	0	0	0	0	518	
9	0	0	0	0	519	
10	0	0	0	0	519	
11	0	0	0	0	518	
12	0	0	0	0	518	
13	0	0	0	0	517	
14	0	0	0	0	518	
15	0	0	0	0	519	
0	0	0	0	0	519	
1	0	0	0	0	517	
2	0	0	0	0	513	
3	0	0	0	0	513	
4	0	0	0	0	515	
5	0	0	0	0	519	
6	0	0	0	0	518	
7	0	0	0	0	516	
8	0	0	0	0	517	
9	0	0	0	0	516	
10	0	0	0	0	518	
11	0	0	0	0	517	
12	0	0	0	0	517	
13	0	0	0	0	518	
14	0	0	0	0	515	
15	0	0	0	0	514	
0	0	0	0	0	515	
1	0	0	0	0	517	
2	0	0	0	0	518	
3	0	0	0	0	519	
4	0	0	0	0	519	
5	0	0	0	0	519	
6	0	0	0	0	519	
7	0	0	0	0	520	
8	0	0	0	0	520	
9	0	0	0	0	518	
10	0	0	0	0	517	
11	0	0	0	0	515	
12	0	0	0	0	512	
13	0	0	0	0	512	
14	0	0	0	0	514	
15	0	0	0	0	513	
0	0	0	0	0	514	
1	0	0	0	0	517	
2	0	0	0	0	519	
3	0	0	0	0	519	
4	0	0	0	0	518	
5	0	0	0	0	514	
6	0	0	0	0	515	
7	0	0	0	0	515	
8	0	0	0	0	516	
9	0	0	0	0	518	
10	0	0	0	0	518	
11	0	0	0	0	518	
12	0	0	0	0	517	
13	0	0	0	0	518	
14	0	0	0	0	519	
15	0	0	0	0	516	
0	0	0	0	0	513	
1	0	0	0	0	512	
2	0	0	0	0	513	
3	0	0	0	0	515	
4	0	0	0	0	517	
5	0	0	0	0	519	
6	0	0	0	0	520	
7	0	0	0	0	518	
8	0	0	0	0	516	
9	0	0	0	0	515	
10	0	0	0	0	518	
11	0	0	0	0	519	
12	0	0	0	0	519	
13	0	0	0	0	520	
14	0	0	0	0	519	
15	0	0	0	0	517	
0	0	0	0	0	515	
1	0	0	0	0	519	
2	0	0	0	0	520	
3	0	0	0	0	519	
4	0	0	0	0	520	
5	0	0	0	0	519	
6	0	0	0	0	519	
7	0	0	0	0	519	
8	0	0	0	0	516	
9	0	0	0	0	515	
10	0	0	0	0	516	
11	0	0	0	0	514	
12	0	0	0	0	513	
13	0	0	0	0	513	
14	0	0	0	0	515	
15	0	0	0	0	515	
0	0	0	0	0	515	
1	0	0	0	0	518	
2	0	0	0	0	518	
3	0	0	0	0	518	
4	0	0	0	0	518	
5	0	0	0	0	519	
6	0	0	0	0	518	
7	0	0	0	0	515	
8	0	0	0	0	516	
9	0	0	0	0	515	
10	0	0	0	0	513	
11	0	0	0	0	512	
12	0	0	0	0	513	
13	0	0	0	0	515	
14	0	0	0	0	515	
15	0	0	0	0	516	
0	0	0	0	0	519	
1	0	0	0	0	519	
2	0	0	0	0	519	
3	0	0	0	0	520	
4	0	0	0	0	518	
5	0	0	0	0	519	
6	0	0	0	0	520	
7	0	0	0	0	522	
8	0	0	0	0	525	
9	0	0	0	0	525	
10	0	0	0	0	525	
11	0	0	0	0	524	
12	0	0	0	0	524	
13	0	0	0	0	524	
14	0	0	0	0	524	
15	0	0	0	0	522	
0	0	0	0	0	521	
1	0	0	0	0	520	
2	0	0	0	0	519	
3	0	0	0	0	519	
4	0	0	0	0	519	
5	0	0	0	0	520	
6	0	0	0	0	520	
7	0	0	0	0	519	
8	0	0	0	0	517	
9	0	0	0	0	517	
10	0	0	0	0	516	
11	0	0	0	0	517	
12	0	0	0	0	519	
13	0	0	0	0	518	
14	0	0	0	0	517	
15	0	0	0	0	517	
0	0	0	0	0	517	
1	0	0	0	0	519	
2	0	0	0	0	518	
3	0	0	0	0	519	
4	0	0	0	0	517	
5	0	0	0	0	520	
6	0	0	0	0	522	
7	0	0	0	0	523	
8	0	0	0	0	525	
9	0	0	0	0	524	
10	0	0	0	0	523	
11	0	0	0	0	523	
12	0	0	0	0	521	
13	0	0	0	0	518	
14	0	0	0	0	515	
15	0	0	0	0	514	
0	0	0	0	0	515	
1	0	0	0	0	514	
2	0	0	0	0	514	
3	0	0	0	0	517	
4	0	0	0	0	519	
5	0	0	0	0	521	
6	0	0	0	0	523	
7	0	0	0	0	524	
8	0	0	0	0	525	
9	0	0	0	0	524	
10	0	0	0	0	523	
11	0	0	0	0	519	
12	0	0	0	0	518	
13	0	0	0	0	520	
14	0	0	0	0	523	
15	0	0	0	0	525	
0	0	0	0	0	524	
1	0	0	0	0	523	
2	0	0	0	0	523	
3	0	0	0	0	522	
4	0	0	0	0	520	
5	0	0	0	0	519	
6	0	0	0	0	518	
7	0	0	0	0	518	
8	0	0	0	0	519	
9	0	0	0	0	519	
10	0	0	0	0	519	
11	0	0	0	0	518	
12	0	0	0	0	516	
13	0	0	0	0	517	
14	0	0	0	0	519	
15	0	0	0	0	517	
0	0	0	0	0	515	
1	0	0	0	0	512	
2	0	0	0	0	512	
3	0	0	0	0	515	
4	0	0	0	0	517	
5	0	0	0	0	519	
6	0	0	0	0	520	
7	0	0	0	0	519	
8	0	0	0	0	517	
9	0	0	0	0	519	
10	0	0	0	0	521	
11	0	0	0	0	520	
12	0	0	0	0	522	
13	0	0	0	0	522	
14	0	0	0	0	521	
15	0	0	0	0	521	
0	0	0	0	0	521	
1	0	0	0	0	519	
2	0	0	0	0	517	
3	0	0	0	0	517	
4	0	0	0	0	520	
5	0	0	0	0	518	
6	0	0	0	0	516	
7	0	0	0	0	516	
8	0	0	0	0	521	
9	0	0	0	0	523	
10	0	0	0	0	524	
11	0	0	0	0	524	
12	0	0	0	0	523	
13	0	0	0	0	524	
14	0	0	0	0	521	
15	0	0	0	0	519	
0	0	0	0	0	519	
1	0	0	0	0	519	
2	0	0	0	0	518	
3	0	0	0	0	519	
4	0	0	0	0	519	
5	0	0	0	0	521	
6	0	0	0	0	520	
7	0	0	0	0	518	
8	0	0	0	0	518	
9	0	0	0	0	520	
10	0	0	0	0	524	
11	0	0	0	0	523	
12	0	0	0	0	519	
13	0	0	0	0	520	
14	0	0	0	0	520	
15	0	0	0	0	520	
0	0	0	0	0	520	
1	0	0	0	0	521	
2	0	0	0	0	522	
3	0	0	0	0	519	
4	0	0	0	0	516	
5	0	0	0	0	517	
6	0	0	0	0	518	
7	0	0	0	0	518	
8	0	0	0	0	519	
9	0	0	0	0	522	
10	0	0	0	0	524	
11	0	0	0	0	524	
12	0	0	0	0	521	
13	0	0	0	0	516	
14	0	0	0	0	516	
15	0	0	0	0	518	
0	0	0	0	0	518	
1	0	0	0	0	517	
2	0	0	0	0	518	
3	0	0	0	0	519	
4	0	0	0	0	519	
5	0	0	0	0	519	
6	0	0	0	0	522	
7	0	0	0	0	525	
8	0	0	0	0	524	
9	0	0	0	0	522	
10	0	0	0	0	520	
11	0	0	0	0	521	
12	0	0	0	0	520	
13	0	0	0	0	519	
14	0	0	0	0	518	
15	0	0	0	0	519	
0	0	0	0	0	521	
1	0	0	0	0	519	
2	0	0	0	0	519	
3	0	0	0	0	520	
4	0	0	0	0	518	
5	0	0	0	0	519	
6	0	0	0	0	521	
7	0	0	0	0	521	
8	0	0	0	0	521	
9	0	0	0	0	519	
10	0	0	0	0	520	
11	0	0	0	0	520	
12	0	0	0	0	523	
13	0	0	0	0	522	
14	0	0	0	0	523	
15	0	0	0	0	524	
0	0	0	0	0	524	
1	0	0	0	0	524	
2	0	0	0	0	524	
3	0	0	0	0	519	
4	0	0	0	0	518	
5	0	0	0	0	516	
6	0	0	0	0	517	
7	0	0	0	0	514	
8	0	0	0	0	512	
9	0	0	0	0	513	
10	0	0	0	0	515	
11	0	0	0	0	522	
12	0	0	0	0	525	
13	0	0	0	0	525	
14	0	0	0	0	525	
15	0	0	0	0	526	
0	0	0	0	0	526	
1	0	0	0	0	524	
2	0	0	0	0	524	
3	0	0	0	0	525	
4	0	0	0	0	523	
5	0	0	0	0	521	
6	0	0	0	0	521	
7	0	0	0	0	519	
8	0	0	0	0	517	
9	0	0	0	0	517	
10	0	0	0	0	516	
11	0	0	0	0	516	
12	0	0	0	0	518	
13	0	0	0	0	519	
14	0	0	0	0	522	
15	0	0	0	0	523	
0	0	0	0	0	521	
1	0	0	0	0	521	
2	0	0	0	0	524	
3	0	0	0	0	525	
4	0	0	0	0	524	
5	0	0	0	0	524	
6	0	0	0	0	524	
7	0	0	0	0	523	
8	0	0	0	0	520	
9	0	0	0	0	518	
10	0	0	0	0	519	
11	0	0	0	0	521	
12	0	0	0	0	523	
13	0	0	0	0	523	
14	0	0	0	0	524	
15	0	0	0	0	524	
0	0	0	0	0	523	
1	0	0	0	0	521	
2	0	0	0	0	520	
3	0	0	0	0	523	
4	0	0	0	0	523	
5	0	0	0	0	521	
6	0	0	0	0	521	
7	0	0	0	0	521	
8	0	0	0	0	522	
9	0	0	0	0	521	
10	0	0	0	0	520	
11	0	0	0	0	523	
12	0	0	0	0	524	
13	0	0	0	0	527	
14	0	0	0	0	525	
15	0	0	0	0	525	
0	0	0	0	0	527	
1	0	0	0	0	529	
2	0	0	0	0	530	
3	0	0	0	0	529	
4	0	0	0	0	527	
5	0	0	0	0	528	
6	0	0	0	0	530	
7	0	0	0	0	531	
8	0	0	0	0	531	
9	0	0	0	0	531	
10	0	0	0	0	533	
11	0	0	0	0	531	
12	0	0	0	0	531	
13	0	0	0	0	533	
14	0	0	0	0	536	
15	0	0	0	0	538	
0	0	0	0	0	534	
1	0	0	0	0	533	
2	0	0	0	0	532	
3	0	0	0	0	530	
4	0	0	0	0	529	
5	0	0	0	0	528	
6	0	0	0	0	525	
7	0	0	0	0	523	
8	0	0	0	0	524	
9	0	0	0	0	527	
10	0	0	0	0	531	
11	0	0	0	0	531	
12	0	0	0	0	529	
13	0	0	0	0	526	
14	0	0	0	0	524	
15	0	0	0	0	524	
0	0	0	0	0	521	
1	0	0	0	0	518	
2	0	0	0	0	519	
3	0	0	0	0	521	
4	0	0	0	0	523	
5	0	0	0	0	524	
6	0	0	0	0	524	
7	0	0	0	0	523	
8	0	0	0	0	523	
9	0	0	0	0	524	
10	0	0	0	0	524	
11	0	0	0	0	524	
12	0	0	0	0	523	
13	0	0	0	0	523	
14	0	0	0	0	518	
15	0	0	0	0	516	
0	0	0	0	0	515	
1	0	0	0	0	513	
2	0	0	0	0	512	
3	0	0	0	0	514	
4	0	0	0	0	515	
5	0	0	0	0	515	
6	0	0	0	0	514	
7	0	0	0	0	511	
8	0	0	0	0	510	
9	0	0	0	0	512	
10	0	0	0	0	512	
11	0	0	0	0	512	
12	0	0	0	0	513	
13	0	0	0	0	512	
14	0	0	0	0	511	
15	0	0	0	0	512	
0	0	0	0	0	514	
1	0	0	0	0	515	
2	0	0	0	0	513	
3	0	0	0	0	513	
4	0	0	0	0	515	
5	0	0	0	0	513	
6	0	0	0	0	512	
7	0	0	0	0	512	
8	0	0	0	0	510	
9	0	0	0	0	505	
10	0	0	0	0	506	
11	0	0	0	0	511	
12	0	0	0	0	514	
13	0	0	0	0	515	
14	0	0	0	0	512	
15	0	0	0	0	509	
0	0	0	0	0	509	
1	0	0	0	0	509	
2	0	0	0	0	508	
3	0	0	0	0	508	
4	0	0	0	0	507	
5	0	0	0	0	507	
6	0	0	0	0	507	
7	0	0	0	0	507	
8	0	0	0	0	510	
9	0	0	0	0	511	
10	0	0	0	0	511	
11	0	0	0	0	512	
12	0	0	0	0	512	
13	0	0	0	0	512	
14	0	0	0	0	511	
15	0	0	0	0	510	
0	0	0	0	0	507	
1	0	0	0	0	506	
2	0	0	0	0	504	
3	0	0	0	0	505	
4	0	0	0	0	505	
5	0	0	0	0	506	
6	0	0	0	0	505	
7	0	0	0	0	500	
8	0	0	0	0	497	
9	0	0	0	0	495	
10	0	0	0	0	494	
11	0	0	0	0	493	
12	0	0	0	0	494	
13	0	0	0	0	492	
14	0	0	0	0	488	
15	0	0	0	0	485	
0	0	0	0	0	485	
1	0	0	0	0	487	
2	0	0	0	0	487	
3	0	0	0	0	489	
4	0	0	0	0	489	
5	0	0	0	0	490	
6	0	0	0	0	493	
7	0	0	0	0	496	
8	0	0	0	0	497	
9	0	0	0	0	500	
10	0	0	0	0	509	
11	0	0	0	0	515	
12	0	0	0	0	521	
13	0	0	0	0	528	
14	0	0	0	0	536	
15	0	0	0	0	544	
0	0	0	0	0	553	
1	0	0	0	0	563	
2	0	0	0	0	571	
3	0	0	0	0	581	
4	0	0	0	0	595	
5	0	0	0	0	609	
6	0	0	0	0	622	
7	0	0	0	0	635	
8	0	0	0	0	648	
9	0	0	0	0	661	
10	0	0	0	0	673	
11	0	0	0	0	687	
12	0	0	0	0	698	
13	0	0	0	0	706	
14	0	0	0	0	708	
15	0	0	0	0	702	
0	0	0	0	0	697	
1	0	0	0	0	690	
2	0	0	0	0	679	
3	0	0	0	0	668	
4	0	0	0	0	655	
5	0	0	0	0	642	
6	0	0	0	0	627	
7	0	0	0	0	611	
8	0	0	0	0	595	
9	0	0	0	0	574	
10	0	0	0	0	554	
11	0	0	0	0	538	
12	0	0	0	0	522	
13	0	0	0	0	507	
14	0	0	0	0	494	
15	0	0	0	0	483	
0	0	0	0	0	474	
1	0	0	0	0	468	
2	0	0	0	0	463	
3	0	0	0	0	461	
4	0	0	0	0	459	
5	0	0	0	0	460	
6	0	0	0	0	463	
7	0	0	0	0	465	
8	0	0	0	0	467	
9	0	0	0	0	468	
10	0	0	0	0	469	
11	0	0	0	0	472	
12	0	0	0	0	475	
13	0	0	0	0	480	
14	0	0	0	0	483	
15	0	0	0	0	486	
0	0	0	0	0	487	
1	0	0	0	0	488	
2	0	0	0	0	487	
3	0	0	0	0	486	
4	0	0	0	0	487	
5	0	0	0	0	487	
6	0	0	0	0	489	
7	0	0	0	0	489	
8	0	0	0	0	487	
9	0	0	0	0	486	
10	0	0	0	0	489	
11	0	0	0	0	490	
12	0	0	0	0	490	
13	0	0	0	0	490	
14	0	0	0	0	491	
15	0	0	0	0	490	
0	0	0	0	0	489	
1	0	0	0	0	489	
2	0	0	0	0	490	
3	0	0	0	0	490	
4	0	0	0	0	489	
5	0	0	0	0	489	
6	0	0	0	0	491	
7	0	0	0	0	489	
8	0	0	0	0	487	
9	0	0	0	0	486	
10	0	0	0	0	487	
11	0	0	0	0	488	
12	0	0	0	0	489	
13	0	0	0	0	491	
14	0	0	0	0	491	
15	0	0	0	0	490	
0	0	0	0	0	488	
1	0	0	0	0	489	
2	0	0	0	0	490	
3	0	0	0	0	488	
4	0	0	0	0	490	
5	0	0	0	0	491	
6	0	0	0	0	490	
7	0	0	0	0	492	
8	0	0	0	0	493	
9	0	0	0	0	492	
10	0	0	0	0	492	
11	0	0	0	0	494	
12	0	0	0	0	496	
13	0	0	0	0	496	
14	0	0	0	0	495	
15	0	0	0	0	492	
0	0	0	0	0	493	
1	0	0	0	0	495	
2	0	0	0	0	496	
3	0	0	0	0	496	
4	0	0	0	0	495	
5	0	0	0	0	495	
6	0	0	0	0	499	
7	0	0	0	0	503	
8	0	0	0	0	505	
9	0	0	0	0	505	
10	0	0	0	0	508	
11	0	0	0	0	510	
12	0	0	0	0	510	
13	0	0	0	0	507	
14	0	0	0	0	504	
15	0	0	0	0	504	
0	0	0	0	0	502	
1	0	0	0	0	502	
2	0	0	0	0	502	
3	0	0	0	0	502	
4	0	0	0	0	500	
5	0	0	0	0	499	
6	0	0	0	0	499	
7	0	0	0	0	502	
8	0	0	0	0	501	
9	0	0	0	0	499	
10	0	0	0	0	499	
11	0	0	0	0	499	
12	0	0	0	0	499	
13	0	0	0	0	503	
14	0	0	0	0	505	
15	0	0	0	0	502	
0	0	0	0	0	501	
1	0	0	0	0	502	
2	0	0	0	0	505	
3	0	0	0	0	507	
4	0	0	0	0	507	
5	0	0	0	0	508	
6	0	0	0	0	508	
7	0	0	0	0	508	
8	0	0	0	0	507	
9	0	0	0	0	506	
10	0	0	0	0	508	
11	0	0	0	0	509	
12	0	0	0	0	509	
13	0	0	0	0	506	
14	0	0	0	0	507	
15	0	0	0	0	508	
0	0	0	0	0	510	
1	0	0	0	0	510	
2	0	0	0	0	511	
3	0	0	0	0	511	
4	0	0	0	0	512	
5	0	0	0	0	510	
6	0	0	0	0	511	
7	0	0	0	0	510	
8	0	0	0	0	510	
9	0	0	0	0	508	
10	0	0	0	0	508	
11	0	0	0	0	508	
12	0	0	0	0	509	
13	0	0	0	0	511	
14	0	0	0	0	512	
15	0	0	0	0	509	
0	0	0	0	0	507	
1	0	0	0	0	507	
2	0	0	0	0	510	
3	0	0	0	0	512	
4	0	0	0	0	512	
5	0	0	0	0	511	
6	0	0	0	0	512	
7	0	0	0	0	515	
8	0	0	0	0	514	
9	0	0	0	0	513	
10	0	0	0	0	513	
11	0	0	0	0	515	
12	0	0	0	0	515	
13	0	0	0	0	515	
14	0	0	0	0	514	
15	0	0	0	0	513	
0	0	0	0	0	514	
1	0	0	0	0	515	
2	0	0	0	0	515	
3	0	0	0	0	514	
4	0	0	0	0	513	
5	0	0	0	0	515	
6	0	0	0	0	517	
7	0	0	0	0	517	
8	0	0	0	0	515	
9	0	0	0	0	514	
10	0	0	0	0	515	
11	0	0	0	0	517	
12	0	0	0	0	519	
13	0	0	0	0	521	
14	0	0	0	0	521	
15	0	0	0	0	521	
0	0	0	0	0	520	
1	0	0	0	0	519	
2	0	0	0	0	519	
3	0	0	0	0	519	
4	0	0	0	0	519	
5	0	0	0	0	520	
6	0	0	0	0	521	
7	0	0	0	0	523	
8	0	0	0	0	526	
9	0	0	0	0	525	
10	0	0	0	0	523	
11	0	0	0	0	522	
12	0	0	0	0	523	
13	0	0	0	0	521	
14	0	0	0	0	520	
15	0	0	0	0	520	
0	0	0	0	0	523	
1	0	0	0	0	527	
2	0	0	0	0	531	
3	0	0	0	0	530	
4	0	0	0	0	528	
5	0	0	0	0	527	
6	0	0	0	0	527	
7	0	0	0	0	527	
8	0	0	0	0	527	
9	0	0	0	0	525	
10	0	0	0	0	524	
11	0	0	0	0	526	
12	0	0	0	0	528	
13	0	0	0	0	529	
14	0	0	0	0	534	
15	0	0	0	0	536	
0	0	0	0	0	536	
1	0	0	0	0	533	
2	0	0	0	0	534	
3	0	0	0	0	536	
4	0	0	0	0	536	
5	0	0	0	0	539	
6	0	0	0	0	541	
7	0	0	0	0	541	
8	0	0	0	0	539	
9	0	0	0	0	536	
10	0	0	0	0	532	
11	0	0	0	0	532	
12	0	0	0	0	539	
13	0	0	0	0	545	
14	0	0	0	0	545	
15	0	0	0	0	543	
0	0	0	0	0	542	
1	0	0	0	0	540	
2	0	0	0	0	541	
3	0	0	0	0	542	
4	0	0	0	0	545	
5	0	0	0	0	546	
6	0	0	0	0	546	
7	0	0	0	0	544	
8	0	0	0	0	545	
9	0	0	0	0	545	
10	0	0	0	0	545	
11	0	0	0	0	545	
12	0	0	0	0	545	
13	0	0	0	0	545	
14	0	0	0	0	543	
15	0	0	0	0	542	
0	0	0	0	0	543	
1	0	0	0	0	545	
2	0	0	0	0	543	
3	0	0	0	0	542	
4	0	0	0	0	543	
5	0	0	0	0	544	
6	0	0	0	0	545	
7	0	0	0	0	546	
8	0	0	0	0	547	
9	0	0	0	0	546	
10	0	0	0	0	544	
11	0	0	0	0	544	
12	0	0	0	0	545	
13	0	0	0	0	545	
14	0	0	0	0	546	
15	0	0	0	0	546	
0	0	0	0	0	544	
1	0	0	0	0	543	
2	0	0	0	0	543	
3	0	0	0	0	542	
4	0	0	0	0	540	
5	0	0	0	0	539	
6	0	0	0	0	537	
7	0	0	0	0	535	
8	0	0	0	0	534	
9	0	0	0	0	532	
10	0	0	0	0	531	
11	0	0	0	0	530	
12	0	0	0	0	529	
13	0	0	0	0	526	
14	0	0	0	0	523	
15	0	0	0	0	523	
0	0	0	0	0	518	
1	0	0	0	0	515	
2	0	0	0	0	514	
3	0	0	0	0	512	
4	0	0	0	0	508	
5	0	0	0	0	508	
6	0	0	0	0	510	
7	0	0	0	0	509	
8	0	0	0	0	506	
9	0	0	0	0	504	
10	0	0	0	0	503	
11	0	0	0	0	500	
12	0	0	0	0	496	
13	0	0	0	0	493	
14	0	0	0	0	495	
15	0	0	0	0	495	
0	0	0	0	0	496	
1	0	0	0	0	496	
2	0	0	0	0	495	
3	0	0	0	0	493	
4	0	0	0	0	491	
5	0	0	0	0	491	
6	0	0	0	0	492	
7	0	0	0	0	491	
8	0	0	0	0	488	
9	0	0	0	0	484	
10	0	0	0	0	482	
11	0	0	0	0	483	
12	0	0	0	0	485	
13	0	0	0	0	487	
14	0	0	0	0	486	
15	0	0	0	0	486	
0	0	0	0	0	487	
1	0	0	0	0	487	
2	0	0	0	0	484	
3	0	0	0	0	482	
4	0	0	0	0	482	
5	0	0	0	0	484	
6	0	0	0	0	485	
7	0	0	0	0	483	
8	0	0	0	0	479	
9	0	0	0	0	478	
10	0	0	0	0	481	
11	0	0	0	0	481	
12	0	0	0	0	480	
13	0	0	0	0	480	
14	0	0	0	0	481	
15	0	0	0	0	485	
0	0	0	0	0	487	
1	0	0	0	0	484	
2	0	0	0	0	481	
3	0	0	0	0	481	
4	0	0	0	0	481	
5	0	0	0	0	484	
6	0	0	0	0	486	
7	0	0	0	0	486	
8	0	0	0	0	484	
9	0	0	0	0	485	
10	0	0	0	0	486	
11	0	0	0	0	486	
12	0	0	0	0	486	
13	0	0	0	0	487	
14	0	0	0	0	485	
15	0	0	0	0	484	
0	0	0	0	0	487	
1	0	0	0	0	489	
2	0	0	0	0	489	
3	0	0	0	0	487	
4	0	0	0	0	485	
5	0	0	0	0	486	
6	0	0	0	0	486	
7	0	0	0	0	485	
8	0	0	0	0	484	
9	0	0	0	0	483	
10	0	0	0	0	484	
11	0	0	0	0	486	
12	0	0	0	0	486	
13	0	0	0	0	487	
14	0	0	0	0	489	
15	0	0	0	0	489	
0	0	0	0	0	489	
1	0	0	0	0	489	
2	0	0	0	0	487	
3	0	0	0	0	484	
4	0	0	0	0	486	
5	0	0	0	0	487	
6	0	0	0	0	489	
7	0	0	0	0	489	
8	0	0	0	0	490	
9	0	0	0	0	490	
10	0	0	0	0	490	
11	0	0	0	0	492	
12	0	0	0	0	493	
13	0	0	0	0	493	
14	0	0	0	0	494	
15	0	0	0	0	492	
0	0	0	0	0	492	
1	0	0	0	0	492	
2	0	0	0	0	493	
3	0	0	0	0	497	
4	0	0	0	0	499	
5	0	0	0	0	498	
6	0	0	0	0	496	
7	0	0	0	0	496	
8	0	0	0	0	496	
9	0	0	0	0	495	
10	0	0	0	0	494	
11	0	0	0	0	495	
12	0	0	0	0	492	
13	0	0	0	0	491	
14	0	0	0	0	493	
15	0	0	0	0	495	
0	0	0	0	0	498	
1	0	0	0	0	497	
2	0	0	0	0	499	
3	0	0	0	0	502	
4	0	0	0	0	501	
5	0	0	0	0	502	
6	0	0	0	0	501	
7	0	0	0	0	500	
8	0	0	0	0	499	
9	0	0	0	0	502	
10	0	0	0	0	501	
11	0	0	0	0	499	
12	0	0	0	0	499	
13	0	0	0	0	500	
14	0	0	0	0	501	
15	0	0	0	0	499	
0	0	0	0	0	497	
1	0	0	0	0	497	
2	0	0	0	0	496	
3	0	0	0	0	498	
4	0	0	0	0	502	
5	0	0	0	0	504	
6	0	0	0	0	505	
7	0	0	0	0	505	
8	0	0	0	0	504	
9	0	0	0	0	503	
10	0	0	0	0	504	
11	0	0	0	0	504	
12	0	0	0	0	504	
13	0	0	0	0	504	
14	0	0	0	0	503	
15	0	0	0	0	503	
0	0	0	0	0	504	
1	0	0	0	0	504	
2	0	0	0	0	503	
3	0	0	0	0	503	
4	0	0	0	0	504	
5	0	0	0	0	507	
6	0	0	0	0	509	
7	0	0	0	0	511	
8	0	0	0	0	511	
9	0	0	0	0	508	
10	0	0	0	0	507	
11	0	0	0	0	506	
12	0	0	0	0	507	
13	0	0	0	0	506	
14	0	0	0	0	504	
15	0	0	0	0	504	
0	0	0	0	0	504	
1	0	0	0	0	505	
2	0	0	0	0	507	
3	0	0	0	0	507	
4	0	0	0	0	507	
5	0	0	0	0	508	
6	0	0	0	0	509	
7	0	0	0	0	511	
8	0	0	0	0	511	
9	0	0	0	0	509	
10	0	0	0	0	507	
11	0	0	0	0	506	
12	0	0	0	0	508	
13	0	0	0	0	508	
14	0	0	0	0	508	
15	0	0	0	0	507	
0	0	0	0	0	507	
1	0	0	0	0	507	
2	0	0	0	0	506	
3	0	0	0	0	508	
4	0	0	0	0	507	
5	0	0	0	0	506	
6	0	0	0	0	506	
7	0	0	0	0	505	
8	0	0	0	0	502	
9	0	0	0	0	501	
10	0	0	0	0	504	
11	0	0	0	0	507	
12	0	0	0	0	506	
13	0	0	0	0	508	
14	0	0	0	0	507	
15	0	0	0	0	505	
0	0	0	0	0	507	
1	0	0	0	0	511	
2	0	0	0	0	512	
3	0	0	0	0	511	
4	0	0	0	0	512	
5	0	0	0	0	513	
6	0	0	0	0	513	
7	0	0	0	0	511	
8	0	0	0	0	510	
9	0	0	0	0	513	
10	0	0	0	0	514	
11	0	0	0	0	510	
12	0	0	0	0	510	
13	0	0	0	0	512	
14	0	0	0	0	512	
15	0	0	0	0	511	
0	0	0	0	0	508	
1	0	0	0	0	507	
2	0	0	0	0	511	
3	0	0	0	0	515	
4	0	0	0	0	515	
5	0	0	0	0	515	
6	0	0	0	0	511	
7	0	0	0	0	507	
8	0	0	0	0	507	
9	0	0	0	0	508	
10	0	0	0	0	508	
11	0	0	0	0	508	
12	0	0	0	0	511	
13	0	0	0	0	512	
14	0	0	0	0	514	
15	0	0	0	0	515	
0	0	0	0	0	515	
1	0	0	0	0	515	
2	0	0	0	0	516	
3	0	0	0	0	518	
4	0	0	0	0	518	
5	0	0	0	0	518	
6	0	0	0	0	517	
7	0	0	0	0	514	
8	0	0	0	0	512	
9	0	0	0	0	515	
10	0	0	0	0	517	
11	0	0	0	0	515	
12	0	0	0	0	512	
13	0	0	0	0	511	
14	0	0	0	0	512	
15	0	0	0	0	514	
0	0	0	0	0	513	
1	0	0	0	0	513	
2	0	0	0	0	515	
3	0	0	0	0	513	
4	0	0	0	0	511	
5	0	0	0	0	511	
6	0	0	0	0	511	
7	0	0	0	0	510	
8	0	0	0	0	512	
9	0	0	0	0	510	
10	0	0	0	0	509	
11	0	0	0	0	511	
12	0	0	0	0	513	
13	0	0	0	0	514	
14	0	0	0	0	515	
15	0	0	0	0	515	
0	0	0	0	0	512	
1	0	0	0	0	510	
2	0	0	0	0	510	
3	0	0	0	0	510	
4	0	0	0	0	511	
5	0	0	0	0	512	
6	0	0	0	0	513	
7	0	0	0	0	512	
8	0	0	0	0	512	
9	0	0	0	0	513	
10	0	0	0	0	512	
11	0	0	0	0	511	
12	0	0	0	0	513	
13	0	0	0	0	516	
14	0	0	0	0	517	
15	0	0	0	0	516	
0	0	0	0	0	517	
1	0	0	0	0	518	
2	0	0	0	0	518	
3	0	0	0	0	517	
4	0	0	0	0	513	
5	0	0	0	0	513	
6	0	0	0	0	515	
7	0	0	0	0	517	
8	0	0	0	0	516	
9	0	0	0	0	513	
10	0	0	0	0	511	
11	0	0	0	0	511	
12	0	0	0	0	512	
13	0	0	0	0	510	
14	0	0	0	0	509	
15	0	0	0	0	508	
0	0	0	0	0	509	
1	0	0	0	0	510	
2	0	0	0	0	510	
3	0	0	0	0	511	
4	0	0	0	0	511	
5	0	0	0	0	513	
6	0	0	0	0	514	
7	0	0	0	0	515	
8	0	0	0	0	515	
9	0	0	0	0	514	
10	0	0	0	0	516	
11	0	0	0	0	516	
12	0	0	0	0	516	
13	0	0	0	0	516	
14	0	0	0	0	514	
15	0	0	0	0	512	
0	0	0	0	0	512	
1	0	0	0	0	512	
2	0	0	0	0	508	
3	0	0	0	0	506	
4	0	0	0	0	504	
5	0	0	0	0	508	
6	0	0	0	0	511	
7	0	0	0	0	512	
8	0	0	0	0	511	
9	0	0	0	0	513	
10	0	0	0	0	513	
11	0	0	0	0	513	
12	0	0	0	0	511	
13	0	0	0	0	511	
14	0	0	0	0	512	
15	0	0	0	0	514	
0	0	0	0	0	513	
1	0	0	0	0	508	
2	0	0	0	0	505	
3	0	0	0	0	506	
4	0	0	0	0	508	
5	0	0	0	0	510	
6	0	0	0	0	510	
7	0	0	0	0	509	
8	0	0	0	0	511	
9	0	0	0	0	514	
10	0	0	0	0	514	
11	0	0	0	0	511	
12	0	0	0	0	508	
13	0	0	0	0	509	
14	0	0	0	0	510	
15	0	0	0	0	511	
0	0	0	0	0	508	
1	0	0	0	0	508	
2	0	0	0	0	511	
3	0	0	0	0	513	
4	0	0	0	0	513	
5	0	0	0	0	512	
6	0	0	0	0	509	
7	0	0	0	0	508	
8	0	0	0	0	510	
9	0	0	0	0	511	
10	0	0	0	0	510	
11	0	0	0	0	508	
12	0	0	0	0	504	
13	0	0	0	0	504	
14	0	0	0	0	507	
15	0	0	0	0	510	
0	0	0	0	0	510	
1	0	0	0	0	510	
2	0	0	0	0	511	
3	0	0	0	0	512	
4	0	0	0	0	511	
5	0	0	0	0	512	
6	0	0	0	0	513	
7	0	0	0	0	513	
8	0	0	0	0	512	
9	0	0	0	0	512	
10	0	0	0	0	513	
11	0	0	0	0	512	
12	0	0	0	0	512	
13	0	0	0	0	511	
14	0	0	0	0	510	
15	0	0	0	0	509	
0	0	0	0	0	507	
1	0	0	0	0	505	
2	0	0	0	0	507	
3	0	0	0	0	509	
4	0	0	0	0	509	
5	0	0	0	0	510	
6	0	0	0	0	509	
7	0	0	0	0	508	
8	0	0	0	0	510	
9	0	0	0	0	510	
10	0	0	0	0	509	
11	0	0	0	0	510	
12	0	0	0	0	509	
13	0	0	0	0	508	
14	0	0	0	0	507	
15	0	0	0	0	506	
0	0	0	0	0	507	
1	0	0	0	0	506	
2	0	0	0	0	507	
3	0	0	0	0	508	
4	0	0	0	0	511	
5	0	0	0	0	509	
6	0	0	0	0	508	
7	0	0	0	0	507	
8	0	0	0	0	508	
9	0	0	0	0	507	
10	0	0	0	0	506	
11	0	0	0	0	506	
12	0	0	0	0	506	
13	0	0	0	0	504	
14	0	0	0	0	502	
15	0	0	0	0	502	
0	0	0	0	0	505	
1	0	0	0	0	508	
2	0	0	0	0	510	
3	0	0	0	0	510	
4	0	0	0	0	510	
5	0	0	0	0	511	
6	0	0	0	0	509	
7	0	0	0	0	509	
8	0	0	0	0	510	
9	0	0	0	0	510	
10	0	0	0	0	509	
11	0	0	0	0	509	
12	0	0	0	0	508	
13	0	0	0	0	508	
14	0	0	0	0	509	
15	0	0	0	0	508	
0	0	0	0	0	508	
1	0	0	0	0	507	
2	0	0	0	0	505	
3	0	0	0	0	507	
4	0	0	0	0	507	
5	0	0	0	0	505	
6	0	0	0	0	504	
7	0	0	0	0	507	
8	0	0	0	0	509	
9	0	0	0	0	510	
10	0	0	0	0	511	
11	0	0	0	0	510	
12	0	0	0	0	509	
13	0	0	0	0	508	
14	0	0	0	0	508	
15	0	0	0	0	509	
0	0	0	0	0	510	
1	0	0	0	0	511	
2	0	0	0	0	510	
3	0	0	0	0	508	
4	0	0	0	0	507	
5	0	0	0	0	507	
6	0	0	0	0	507	
7	0	0	0	0	507	
8	0	0	0	0	508	
9	0	0	0	0	508	
10	0	0	0	0	505	
11	0	0	0	0	503	
12	0	0	0	0	505	
13	0	0	0	0	507	
14	0	0	0	0	508	
15	0	0	0	0	508	
0	0	0	0	0	509	
1	0	0	0	0	508	
2	0	0	0	0	508	
3	0	0	0	0	510	
4	0	0	0	0	510	
5	0	0	0	0	509	
6	0	0	0	0	509	
7	0	0	0	0	510	
8	0	0	0	0	509	
9	0	0	0	0	508	
10	0	0	0	0	505	
11	0	0	0	0	505	
12	0	0	0	0	506	
13	0	0	0	0	506	
14	0	0	0	0	507	
15	0	0	0	0	507	
0	0	0	0	0	509	
1	0	0	0	0	509	
2	0	0	0	0	505	
3	0	0	0	0	504	
4	0	0	0	0	505	
5	0	0	0	0	505	
6	0	0	0	0	507	
7	0	0	0	0	507	
8	0	0	0	0	506	
9	0	0	0	0	505	
10	0	0	0	0	506	
11	0	0	0	0	506	
12	0	0	0	0	507	
13	0	0	0	0	508	
14	0	0	0	0	509	
15	0	0	0	0	510	
0	0	0	0	0	509	
1	0	0	0	0	508	
2	0	0	0	0	508	
3	0	0	0	0	508	
4	0	0	0	0	508	
5	0	0	0	0	508	
6	0	0	0	0	508	
7	0	0	0	0	506	
8	0	0	0	0	506	
9	0	0	0	0	507	
10	0	0	0	0	507	
11	0	0	0	0	508	
12	0	0	0	0	505	
13	0	0	0	0	505	
14	0	0	0	0	505	
15	0	0	0	0	505	
0	0	0	0	0	503	
1	0	0	0	0	501	
2	0	0	0	0	503	
3	0	0	0	0	507	
4	0	0	0	0	509	
5	0	0	0	0	508	
6	0	0	0	0	508	
7	0	0	0	0	509	
8	0	0	0	0	510	
9	0	0	0	0	509	
10	0	0	0	0	509	
11	0	0	0	0	508	
12	0	0	0	0	508	
13	0	0	0	0	509	
14	0	0	0	0	508	
15	0	0	0	0	505	
0	0	0	0	0	502	
1	0	0	0	0	500	
2	0	0	0	0	504	
3	0	0	0	0	506	
4	0	0	0	0	506	
5	0	0	0	0	505	
6	0	0	0	0	505	
7	0	0	0	0	504	
8	0	0	0	0	504	
9	0	0	0	0	506	
10	0	0	0	0	511	
11	0	0	0	0	512	
12	0	0	0	0	511	
13	0	0	0	0	508	
14	0	0	0	0	507	
15	0	0	0	0	505	
0	0	0	0	0	504	
1	0	0	0	0	505	
2	0	0	0	0	505	
3	0	0	0	0	504	
4	0	0	0	0	504	
5	0	0	0	0	503	
6	0	0	0	0	504	
7	0	0	0	0	504	
8	0	0	0	0	503	
9	0	0	0	0	502	
10	0	0	0	0	503	
11	0	0	0	0	503	
12	0	0	0	0	500	
13	0	0	0	0	500	
14	0	0	0	0	505	
15	0	0	0	0	506	
0	0	0	0	0	505	
1	0	0	0	0	505	
2	0	0	0	0	508	
3	0	0	0	0	509	
4	0	0	0	0	508	
5	0	0	0	0	506	
6	0	0	0	0	504	
7	0	0	0	0	504	
8	0	0	0	0	504	
9	0	0	0	0	504	
10	0	0	0	0	505	
11	0	0	0	0	505	
12	0	0	0	0	504	
13	0	0	0	0	505	
14	0	0	0	0	506	
15	0	0	0	0	506	
0	0	0	0	0	504	
1	0	0	0	0	504	
2	0	0	0	0	505	
3	0	0	0	0	507	
4	0	0	0	0	508	
5	0	0	0	0	504	
6	0	0	0	0	503	
7	0	0	0	0	504	
8	0	0	0	0	507	
9	0	0	0	0	508	
10	0	0	0	0	507	
11	0	0	0	0	506	
12	0	0	0	0	508	
13	0	0	0	0	506	
14	0	0	0	0	507	
15	0	0	0	0	508	
0	0	0	0	0	509	
1	0	0	0	0	509	
2	0	0	0	0	508	
3	0	0	0	0	511	
4	0	0	0	0	514	
5	0	0	0	0	515	
6	0	0	0	0	511	
7	0	0	0	0	512	
8	0	0	0	0	513	
9	0	0	0	0	513	
10	0	0	0	0	513	
11	0	0	0	0	512	
12	0	0	0	0	510	
13	0	0	0	0	511	
14	0	0	0	0	511	
15	0	0	0	0	510	
0	0	0	0	0	509	
1	0	0	0	0	507	
2	0	0	0	0	507	
3	0	0	0	0	508	
4	0	0	0	0	510	
5	0	0	0	0	512	
6	0	0	0	0	515	
7	0	0	0	0	518	
8	0	0	0	0	519	
9	0	0	0	0	519	
10	0	0	0	0	517	
11	0	0	0	0	519	
12	0	0	0	0	521	
13	0	0	0	0	518	
14	0	0	0	0	515	
15	0	0	0	0	515	
0	0	0	0	0	516	
1	0	0	0	0	519	
2	0	0	0	0	520	
3	0	0	0	0	518	
4	0	0	0	0	519	
5	0	0	0	0	521	
6	0	0	0	0	522	
7	0	0	0	0	519	
8	0	0	0	0	518	
9	0	0	0	0	516	
10	0	0	0	0	517	
11	0	0	0	0	515	
12	0	0	0	0	514	
13	0	0	0	0	514	
14	0	0	0	0	516	
15	0	0	0	0	515	
0	0	0	0	0	513	
1	0	0	0	0	512	
2	0	0	0	0	512	
3	0	0	0	0	512	
4	0	0	0	0	514	
5	0	0	0	0	515	
6	0	0	0	0	517	
7	0	0	0	0	515	
8	0	0	0	0	512	
9	0	0	0	0	510	
10	0	0	0	0	510	
11	0	0	0	0	510	
12	0	0	0	0	509	
13	0	0	0	0	510	
14	0	0	0	0	509	
15	0	0	0	0	507	
0	0	0	0	0	507	
1	0	0	0	0	507	
2	0	0	0	0	508	
3	0	0	0	0	508	
4	0	0	0	0	510	
5	0	0	0	0	509	
6	0	0	0	0	507	
7	0	0	0	0	504	
8	0	0	0	0	505	
9	0	0	0	0	507	
10	0	0	0	0	507	
11	0	0	0	0	505	
12	0	0	0	0	504	
13	0	0	0	0	504	
14	0	0	0	0	504	
15	0	0	0	0	503	
0	0	0	0	0	504	
1	0	0	0	0	506	
2	0	0	0	0	506	
3	0	0	0	0	505	
4	0	0	0	0	503	
5	0	0	0	0	504	
6	0	0	0	0	504	
7	0	0	0	0	505	
8	0	0	0	0	503	
9	0	0	0	0	502	
10	0	0	0	0	500	
11	0	0	0	0	499	
12	0	0	0	0	499	
13	0	0	0	0	502	
14	0	0	0	0	501	
15	0	0	0	0	500	
0	0	0	0	0	500	
1	0	0	0	0	501	
2	0	0	0	0	501	
3	0	0	0	0	500	
4	0	0	0	0	500	
5	0	0	0	0	497	
6	0	0	0	0	497	
7	0	0	0	0	499	
8	0	0	0	0	497	
9	0	0	0	0	499	
10	0	0	0	0	502	
11	0	0	0	0	503	
12	0	0	0	0	503	
13	0	0	0	0	500	
14	0	0	0	0	497	
15	0	0	0	0	498	
0	0	0	0	0	500	
1	0	0	0	0	502	
2	0	0	0	0	502	
3	0	0	0	0	504	
4	0	0	0	0	503	
5	0	0	0	0	501	
6	0	0	0	0	502	
7	0	0	0	0	503	
8	0	0	0	0	503	
9	0	0	0	0	500	
10	0	0	0	0	499	
11	0	0	0	0	500	
12	0	0	0	0	498	
13	0	0	0	0	495	
14	0	0	0	0	492	
15	0	0	0	0	489	
0	0	0	0	0	486	
1	0	0	0	0	483	
2	0	0	0	0	479	
3	0	0	0	0	476	
4	0	0	0	0	472	
5	0	0	0	0	471	
6	0	0	0	0	473	
7	0	0	0	0	475	
8	0	0	0	0	474	
9	0	0	0	0	474	
10	0	0	0	0	476	
11	0	0	0	0	478	
12	0	0	0	0	477	
13	0	0	0	0	480	
14	0	0	0	0	486	
15	0	0	0	0	494	
0	0	0	0	0	503	
1	0	0	0	0	507	
2	0	0	0	0	511	
3	0	0	0	0	517	
4	0	0	0	0	526	
5	0	0	0	0	535	
6	0	0	0	0	545	
7	0	0	0	0	556	
8	0	0	0	0	568	
9	0	0	0	0	581	
10	0	0	0	0	593	
11	0	0	0	0	606	
12	0	0	0	0	617	
13	0	0	0	0	629	
14	0	0	0	0	639	
15	0	0	0	0	652	
0	0	0	0	0	667	
1	0	0	0	0	679	
2	0	0	0	0	688	
3	0	0	0	0	692	
4	0	0	0	0	690	
5	0	0	0	0	686	
6	0	0	0	0	684	
7	0	0	0	0	678	
8	0	0	0	0	664	
9	0	0	0	0	652	
10	0	0	0	0	642	
11	0	0	0	0	629	
12	0	0	0	0	613	
13	0	0	0	0	596	
14	0	0	0	0	576	
15	0	0	0	0	558	
0	0	0	0	0	540	
1	0	0	0	0	523	
2	0	0	0	0	508	
3	0	0	0	0	496	
4	0	0	0	0	486	
5	0	0	0	0	478	
6	0	0	0	0	471	
7	0	0	0	0	463	
8	0	0	0	0	457	
9	0	0	0	0	455	
10	0	0	0	0	453	
11	0	0	0	0	453	
12	0	0	0	0	451	
13	0	0	0	0	452	
14	0	0	0	0	456	
15	0	0	0	0	457	
0	0	0	0	0	458	
1	0	0	0	0	461	
2	0	0	0	0	464	
3	0	0	0	0	466	
4	0	0	0	0	466	
5	0	0	0	0	466	
6	0	0	0	0	468	
7	0	0	0	0	471	
8	0	0	0	0	476	
9	0	0	0	0	479	
10	0	0	0	0	483	
11	0	0	0	0	485	
12	0	0	0	0	483	
13	0	0	0	0	481	
14	0	0	0	0	480	
15	0	0	0	0	481	
0	0	0	0	0	482	
1	0	0	0	0	480	
2	0	0	0	0	478	
3	0	0	0	0	479	
4	0	0	0	0	479	
5	0	0	0	0	474	
6	0	0	0	0	471	
7	0	0	0	0	475	
8	0	0	0	0	480	
9	0	0	0	0	480	
10	0	0	0	0	480	
11	0	0	0	0	477	
12	0	0	0	0	476	
13	0	0	0	0	477	
14	0	0	0	0	478	
15	0	0	0	0	480	
0	0	0	0	0	481	
1	0	0	0	0	481	
2	0	0	0	0	483	
3	0	0	0	0	482	
4	0	0	0	0	483	
5	0	0	0	0	483	
6	0	0	0	0	481	
7	0	0	0	0	482	
8	0	0	0	0	484	
9	0	0	0	0	486	
10	0	0	0	0	487	
11	0	0	0	0	488	
12	0	0	0	0	484	
13	0	0	0	0	482	
14	0	0	0	0	484	
15	0	0	0	0	487	
0	0	0	0	0	488	
1	0	0	0	0	488	
2	0	0	0	0	488	
3	0	0	0	0	487	
4	0	0	0	0	488	
5	0	0	0	0	490	
6	0	0	0	0	487	
7	0	0	0	0	487	
8	0	0	0	0	487	
9	0	0	0	0	487	
10	0	0	0	0	488	
11	0	0	0	0	489	
12	0	0	0	0	491	
13	0	0	0	0	492	
14	0	0	0	0	492	
15	0	0	0	0	492	
0	0	0	0	0	493	
1	0	0	0	0	492	
2	0	0	0	0	492	
3	0	0	0	0	493	
4	0	0	0	0	493	
5	0	0	0	0	495	
6	0	0	0	0	497	
7	0	0	0	0	497	
8	0	0	0	0	497	
9	0	0	0	0	496	
10	0	0	0	0	497	
11	0	0	0	0	496	
12	0	0	0	0	492	
13	0	0	0	0	492	
14	0	0	0	0	492	
15	0	0	0	0	493	
0	0	0	0	0	495	
1	0	0	0	0	495	
2	0	0	0	0	495	
3	0	0	0	0	497	
4	0	0	0	0	498	
5	0	0	0	0	498	
6	0	0	0	0	498	
7	0	0	0	0	499	
8	0	0	0	0	497	
9	0	0	0	0	497	
10	0	0	0	0	497	
11	0	0	0	0	496	
12	0	0	0	0	497	
13	0	0	0	0	500	
14	0	0	0	0	504	
15	0	0	0	0	504	
0	0	0	0	0	505	
1	0	0	0	0	507	
2	0	0	0	0	506	
3	0	0	0	0	506	
4	0	0	0	0	506	
5	0	0	0	0	506	
6	0	0	0	0	504	
7	0	0	0	0	503	
8	0	0	0	0	502	
9	0	0	0	0	501	
10	0	0	0	0	499	
11	0	0	0	0	497	
12	0	0	0	0	496	
13	0	0	0	0	496	
14	0	0	0	0	496	
15	0	0	0	0	499	
0	0	0	0	0	503	
1	0	0	0	0	504	
2	0	0	0	0	504	
3	0	0	0	0	504	
4	0	0	0	0	504	
5	0	0	0	0	503	
6	0	0	0	0	505	
7	0	0	0	0	506	
8	0	0	0	0	508	
9	0	0	0	0	509	
10	0	0	0	0	511	
11	0	0	0	0	511	
12	0	0	0	0	512	
13	0	0	0	0	513	
14	0	0	0	0	512	
15	0	0	0	0	509	
0	0	0	0	0	508	
1	0	0	0	0	508	
2	0	0	0	0	508	
3	0	0	0	0	508	
4	0	0	0	0	508	
5	0	0	0	0	509	
6	0	0	0	0	507	
7	0	0	0	0	502	
8	0	0	0	0	500	
9	0	0	0	0	505	
10	0	0	0	0	511	
11	0	0	0	0	514	
12	0	0	0	0	514	
13	0	0	0	0	513	
14	0	0	0	0	510	
15	0	0	0	0	510	
0	0	0	0	0	509	
1	0	0	0	0	508	
2	0	0	0	0	509	
3	0	0	0	0	510	
4	0	0	0	0	512	
5	0	0	0	0	513	
6	0	0	0	0	513	
7	0	0	0	0	512	
8	0	0	0	0	509	
9	0	0	0	0	508	
10	0	0	0	0	510	
11	0	0	0	0	512	
12	0	0	0	0	515	
13	0	0	0	0	518	
14	0	0	0	0	519	
15	0	0	0	0	519	
0	0	0	0	0	520	
1	0	0	0	0	522	
2	0	0	0	0	520	
3	0	0	0	0	520	
4	0	0	0	0	520	
5	0	0	0	0	521	
6	0	0	0	0	523	
7	0	0	0	0	522	
8	0	0	0	0	519	
9	0	0	0	0	519	
10	0	0	0	0	518	
11	0	0	0	0	513	
12	0	0	0	0	511	
13	0	0	0	0	512	
14	0	0	0	0	517	
15	0	0	0	0	520	
0	0	0	0	0	522	
1	0	0	0	0	525	
2	0	0	0	0	528	
3	0	0	0	0	528	
4	0	0	0	0	526	
5	0	0	0	0	526	
6	0	0	0	0	527	
7	0	0	0	0	528	
8	0	0	0	0	528	
9	0	0	0	0	526	
10	0	0	0	0	521	
11	0	0	0	0	523	
12	0	0	0	0	526	
13	0	0	0	0	528	
14	0	0	0	0	528	
15	0	0	0	0	529	
0	0	0	0	0	531	
1	0	0	0	0	532	
2	0	0	0	0	532	
3	0	0	0	0	534	
4	0	0	0	0	532	
5	0	0	0	0	533	
6	0	0	0	0	534	
7	0	0	0	0	532	
8	0	0	0	0	531	
9	0	0	0	0	533	
10	0	0	0	0	536	
11	0	0	0	0	540	
12	0	0	0	0	541	
13	0	0	0	0	539	
14	0	0	0	0	539	
15	0	0	0	0	539	
0	0	0	0	0	539	
1	0	0	0	0	542	
2	0	0	0	0	544	
3	0	0	0	0	544	
4	0	0	0	0	542	
5	0	0	0	0	540	
6	0	0	0	0	540	
7	0	0	0	0	542	
8	0	0	0	0	542	
9	0	0	0	0	539	
10	0	0	0	0	536	
11	0	0	0	0	536	
12	0	0	0	0	538	
13	0	0	0	0	539	
14	0	0	0	0	538	
15	0	0	0	0	537	
0	0	0	0	0	538	
1	0	0	0	0	537	
2	0	0	0	0	537	
3	0	0	0	0	538	
4	0	0	0	0	539	
5	0	0	0	0	537	
6	0	0	0	0	539	
7	0	0	0	0	540	
8	0	0	0	0	538	
9	0	0	0	0	535	
10	0	0	0	0	532	
11	0	0	0	0	532	
12	0	0	0	0	534	
13	0	0	0	0	536	
14	0	0	0	0	535	
15	0	0	0	0	528	
0	0	0	0	0	525	
1	0	0	0	0	525	
2	0	0	0	0	525	
3	0	0	0	0	525	
4	0	0	0	0	525	
5	0	0	0	0	524	
6	0	0	0	0	523	
7	0	0	0	0	522	
8	0	0	0	0	520	
9	0	0	0	0	519	
10	0	0	0	0	518	
11	0	0	0	0	516	
12	0	0	0	0	514	
13	0	0	0	0	512	
14	0	0	0	0	512	
15	0	0	0	0	514	
0	0	0	0	0	513	
1	0	0	0	0	508	
2	0	0	0	0	504	
3	0	0	0	0	503	
4	0	0	0	0	503	
5	0	0	0	0	502	
6	0	0	0	0	499	
7	0	0	0	0	496	
8	0	0	0	0	493	
9	0	0	0	0	492	
10	0	0	0	0	492	
11	0	0	0	0	492	
12	0	0	0	0	489	
13	0	0	0	0	488	
14	0	0	0	0	487	
15	0	0	0	0	488	
0	0	0	0	0	487	
1	0	0	0	0	487	
2	0	0	0	0	484	
3	0	0	0	0	483	
4	0	0	0	0	483	
5	0	0	0	0	484	
6	0	0	0	0	486	
7	0	0	0	0	484	
8	0	0	0	0	481	
9	0	0	0	0	481	
10	0	0	0	0	483	
11	0	0	0	0	483	
12	0	0	0	0	483	
13	0	0	0	0	483	
14	0	0	0	0	481	
15	0	0	0	0	481	
0	0	0	0	0	483	
1	0	0	0	0	488	
2	0	0	0	0	489	
3	0	0	0	0	487	
4	0	0	0	0	486	
5	0	0	0	0	483	
6	0	0	0	0	483	
7	0	0	0	0	483	
8	0	0	0	0	484	
9	0	0	0	0	484	
10	0	0	0	0	483	
11	0	0	0	0	484	
12	0	0	0	0	486	
13	0	0	0	0	487	
14	0	0	0	0	489	
15	0	0	0	0	490	
0	0	0	0	0	489	
1	0	0	0	0	488	
2	0	0	0	0	488	
3	0	0	0	0	486	
4	0	0	0	0	484	
5	0	0	0	0	484	
6	0	0	0	0	484	
7	0	0	0	0	484	
8	0	0	0	0	484	
9	0	0	0	0	488	
10	0	0	0	0	489	
11	0	0	0	0	489	
12	0	0	0	0	487	
13	0	0	0	0	485	
14	0	0	0	0	487	
15	0	0	0	0	486	
0	0	0	0	0	482	
1	0	0	0	0	482	
2	0	0	0	0	487	
3	0	0	0	0	488	
4	0	0	0	0	490	
5	0	0	0	0	494	
6	0	0	0	0	494	
7	0	0	0	0	495	
8	0	0	0	0	496	
9	0	0	0	0	498	
10	0	0	0	0	502	
11	0	0	0	0	502	
12	0	0	0	0	499	
13	0	0	0	0	497	
14	0	0	0	0	496	
15	0	0	0	0	495	
0	0	0	0	0	494	
1	0	0	0	0	493	
2	0	0	0	0	493	
3	0	0	0	0	495	
4	0	0	0	0	496	
5	0	0	0	0	499	
6	0	0	0	0	500	
7	0	0	0	0	499	
8	0	0	0	0	497	
9	0	0	0	0	496	
10	0	0	0	0	496	
11	0	0	0	0	495	
12	0	0	0	0	496	
13	0	0	0	0	499	
14	0	0	0	0	500	
15	0	0	0	0	502	
0	0	0	0	0	502	
1	0	0	0	0	503	
2	0	0	0	0	502	
3	0	0	0	0	501	
4	0	0	0	0	502	
5	0	0	0	0	503	
6	0	0	0	0	503	
7	0	0	0	0	502	
8	0	0	0	0	500	
9	0	0	0	0	501	
10	0	0	0	0	504	
11	0	0	0	0	505	
12	0	0	0	0	504	
13	0	0	0	0	502	
14	0	0	0	0	501	
15	0	0	0	0	503	
0	0	0	0	0	507	
1	0	0	0	0	507	
2	0	0	0	0	507	
3	0	0	0	0	508	
4	0	0	0	0	507	
5	0	0	0	0	508	
6	0	0	0	0	508	
7	0	0	0	0	507	
8	0	0	0	0	505	
9	0	0	0	0	505	
10	0	0	0	0	507	
11	0	0	0	0	505	
12	0	0	0	0	504	
13	0	0	0	0	506	
14	0	0	0	0	508	
15	0	0	0	0	508	
0	0	0	0	0	508	
1	0	0	0	0	506	
2	0	0	0	0	507	
3	0	0	0	0	509	
4	0	0	0	0	507	
5	0	0	0	0	504	
6	0	0	0	0	506	
7	0	0	0	0	507	
8	0	0	0	0	507	
9	0	0	0	0	506	
10	0	0	0	0	506	
11	0	0	0	0	508	
12	0	0	0	0	510	
13	0	0	0	0	509	
14	0	0	0	0	510	
15	0	0	0	0	512	
0	0	0	0	0	515	
1	0	0	0	0	518	
2	0	0	0	0	515	
3	0	0	0	0	512	
4	0	0	0	0	513	
5	0	0	0	0	515	
6	0	0	0	0	520	
7	0	0	0	0	519	
8	0	0	0	0	515	
9	0	0	0	0	512	
10	0	0	0	0	513	
11	0	0	0	0	515	
12	0	0	0	0	515	
13	0	0	0	0	518	
14	0	0	0	0	519	
15	0	0	0	0	519	
0	0	0	0	0	518	
1	0	0	0	0	515	
2	0	0	0	0	513	
3	0	0	0	0	514	
4	0	0	0	0	515	
5	0	0	0	0	514	
6	0	0	0	0	513	
7	0	0	0	0	513	
8	0	0	0	0	514	
9	0	0	0	0	515	
10	0	0	0	0	518	
11	0	0	0	0	520	
12	0	0	0	0	520	
13	0	0	0	0	520	
14	0	0	0	0	519	
15	0	0	0	0	516	
0	0	0	0	0	515	
1	0	0	0	0	514	
2	0	0	0	0	513	
3	0	0	0	0	513	
4	0	0	0	0	513	
5	0	0	0	0	513	
6	0	0	0	0	515	
7	0	0	0	0	515	
8	0	0	0	0	516	
9	0	0	0	0	516	
10	0	0	0	0	512	
11	0	0	0	0	512	
12	0	0	0	0	512	
13	0	0	0	0	511	
14	0	0	0	0	511	
15	0	0	0	0	512	
0	0	0	0	0	513	
1	0	0	0	0	512	
2	0	0	0	0	515	
3	0	0	0	0	517	
4	0	0	0	0	518	
5	0	0	0	0	518	
6	0	0	0	0	517	
7	0	0	0	0	517	
8	0	0	0	0	518	
9	0	0	0	0	519	
10	0	0	0	0	516	
11	0	0	0	0	514	
12	0	0	0	0	510	
13	0	0	0	0	507	
14	0	0	0	0	510	
15	0	0	0	0	515	
0	0	0	0	0	519	
1	0	0	0	0	520	
2	0	0	0	0	520	
3	0	0	0	0	520	
4	0	0	0	0	521	
5	0	0	0	0	522	
6	0	0	0	0	523	
7	0	0	0	0	521	
8	0	0	0	0	519	
9	0	0	0	0	518	
10	0	0	0	0	520	
11	0	0	0	0	519	
12	0	0	0	0	516	
13	0	0	0	0	516	
14	0	0	0	0	518	
15	0	0	0	0	521	
0	0	0	0	0	522	
1	0	0	0	0	520	
2	0	0	0	0	518	
3	0	0	0	0	519	
4	0	0	0	0	522	
5	0	0	0	0	526	
6	0	0	0	0	526	
7	0	0	0	0	524	
8	0	0	0	0	524	
9	0	0	0	0	523	
10	0	0	0	0	522	
11	0	0	0	0	523	
12	0	0	0	0	522	
13	0	0	0	0	521	
14	0	0	0	0	522	
15	0	0	0	0	522	
0	0	0	0	0	524	
1	0	0	0	0	524	
2	0	0	0	0	524	
3	0	0	0	0	524	
4	0	0	0	0	523	
5	0	0	0	0	522	
6	0	0	0	0	521	
7	0	0	0	0	520	
8	0	0	0	0	519	
9	0	0	0	0	522	
10	0	0	0	0	524	
11	0	0	0	0	523	
12	0	0	0	0	524	
13	0	0	0	0	524	
14	0	0	0	0	523	
15	0	0	0	0	522	
0	0	0	0	0	522	
1	0	0	0	0	524	
2	0	0	0	0	523	
3	0	0	0	0	521	
4	0	0	0	0	520	
5	0	0	0	0	519	
6	0	0	0	0	520	
7	0	0	0	0	521	
8	0	0	0	0	521	
9	0	0	0	0	521	
10	0	0	0	0	520	
11	0	0	0	0	521	
12	0	0	0	0	521	
13	0	0	0	0	519	
14	0	0	0	0	520	
15	0	0	0	0	522	
0	0	0	0	0	520	
1	0	0	0	0	521	
2	0	0	0	0	522	
3	0	0	0	0	523	
4	0	0	0	0	523	
5	0	0	0	0	524	
6	0	0	0	0	523	
7	0	0	0	0	521	
8	0	0	0	0	522	
9	0	0	0	0	523	
10	0	0	0	0	523	
11	0	0	0	0	522	
12	0	0	0	0	522	
13	0	0	0	0	522	
14	0	0	0	0	520	
15	0	0	0	0	522	
0	0	0	0	0	524	
1	0	0	0	0	522	
2	0	0	0	0	520	
3	0	0	0	0	519	
4	0	0	0	0	521	
5	0	0	0	0	524	
6	0	0	0	0	527	
7	0	0	0	0	527	
8	0	0	0	0	526	
9	0	0	0	0	526	
10	0	0	0	0	529	
11	0	0	0	0	529	
12	0	0	0	0	528	
13	0	0	0	0	526	
14	0	0	0	0	528	
15	0	0	0	0	530	
0	0	0	0	0	530	
1	0	0	0	0	529	
2	0	0	0	0	528	
3	0	0	0	0	528	
4	0	0	0	0	527	
5	0	0	0	0	524	
6	0	0	0	0	524	
7	0	0	0	0	527	
8	0	0	0	0	528	
9	0	0	0	0	529	
10	0	0	0	0	530	
11	0	0	0	0	531	
12	0	0	0	0	531	
13	0	0	0	0	530	
14	0	0	0	0	526	
15	0	0	0	0	526	
0	0	0	0	0	527	
1	0	0	0	0	528	
2	0	0	0	0	526	
3	0	0	0	0	522	
4	0	0	0	0	521	
5	0	0	0	0	521	
6	0	0	0	0	522	
7	0	0	0	0	522	
8	0	0	0	0	525	
9	0	0	0	0	527	
10	0	0	0	0	527	
11	0	0	0	0	526	
12	0	0	0	0	527	
13	0	0	0	0	527	
14	0	0	0	0	527	
15	0	0	0	0	527	
0	0	0	0	0	526	
1	0	0	0	0	525	
2	0	0	0	0	523	
3	0	0	0	0	519	
4	0	0	0	0	519	
5	0	0	0	0	524	
6	0	0	0	0	527	
7	0	0	0	0	525	
8	0	0	0	0	524	
9	0	0	0	0	524	
10	0	0	0	0	525	
11	0	0	0	0	526	
12	0	0	0	0	525	
13	0	0	0	0	523	
14	0	0	0	0	523	
15	0	0	0	0	525	
0	0	0	0	0	527	
1	0	0	0	0	527	
2	0	0	0	0	526	
3	0	0	0	0	524	
4	0	0	0	0	523	
5	0	0	0	0	524	
6	0	0	0	0	524	
7	0	0	0	0	525	
8	0	0	0	0	525	
9	0	0	0	0	524	
10	0	0	0	0	524	
11	0	0	0	0	524	
12	0	0	0	0	524	
13	0	0	0	0	524	
14	0	0	0	0	523	
15	0	0	0	0	523	
0	0	0	0	0	524	
1	0	0	0	0	524	
2	0	0	0	0	523	
3	0	0	0	0	524	
4	0	0	0	0	526	
5	0	0	0	0	528	
6	0	0	0	0	529	
7	0	0	0	0	526	
8	0	0	0	0	522	
9	0	0	0	0	522	
10	0	0	0	0	525	
11	0	0	0	0	527	
12	0	0	0	0	528	
13	0	0	0	0	525	
14	0	0	0	0	525	
15	0	0	0	0	524	
0	0	0	0	0	522	
1	0	0	0	0	523	
2	0	0	0	0	524	
3	0	0	0	0	523	
4	0	0	0	0	524	
5	0	0	0	0	525	
6	0	0	0	0	523	
7	0	0	0	0	523	
8	0	0	0	0	524	
9	0	0	0	0	525	
10	0	0	0	0	524	
11	0	0	0	0	524	
12	0	0	0	0	527	
13	0	0	0	0	531	
14	0	0	0	0	532	
15	0	0	0	0	532	
0	0	0	0	0	532	
1	0	0	0	0	531	
2	0	0	0	0	529	
3	0	0	0	0	527	
4	0	0	0	0	526	
5	0	0	0	0	524	
6	0	0	0	0	521	
7	0	0	0	0	523	
8	0	0	0	0	526	
9	0	0	0	0	526	
10	0	0	0	0	524	
11	0	0	0	0	520	
12	0	0	0	0	521	
13	0	0	0	0	524	
14	0	0	0	0	527	
15	0	0	0	0	529	
0	0	0	0	0	528	
1	0	0	0	0	529	
2	0	0	0	0	529	
3	0	0	0	0	528	
4	0	0	0	0	525	
5	0	0	0	0	520	
6	0	0	0	0	519	
7	0	0	0	0	519	
8	0	0	0	0	519	
9	0	0	0	0	521	
10	0	0	0	0	519	
11	0	0	0	0	518	
12	0	0	0	0	521	
13	0	0	0	0	526	
14	0	0	0	0	529	
15	0	0	0	0	528	
0	0	0	0	0	527	
1	0	0	0	0	525	
2	0	0	0	0	523	
3	0	0	0	0	524	
4	0	0	0	0	525	
5	0	0	0	0	527	
6	0	0	0	0	528	
7	0	0	0	0	527	
8	0	0	0	0	524	
9	0	0	0	0	523	
10	0	0	0	0	525	
11	0	0	0	0	525	
12	0	0	0	0	524	
13	0	0	0	0	525	
14	0	0	0	0	524	
15	0	0	0	0	524	
0	0	0	0	0	524	
1	0	0	0	0	526	
2	0	0	0	0	527	
3	0	0	0	0	527	
4	0	0	0	0	528	
5	0	0	0	0	528	
6	0	0	0	0	526	
7	0	0	0	0	526	
8	0	0	0	0	526	
9	0	0	0	0	527	
10	0	0	0	0	529	
11	0	0	0	0	523	
12	0	0	0	0	520	
13	0	0	0	0	520	
14	0	0	0	0	520	
15	0	0	0	0	521	
0	0	0	0	0	524	
1	0	0	0	0	526	
2	0	0	0	0	526	
3	0	0	0	0	527	
4	0	0	0	0	528	
5	0	0	0	0	526	
6	0	0	0	0	526	
7	0	0	0	0	526	
8	0	0	0	0	527	
9	0	0	0	0	528	
10	0	0	0	0	528	
11	0	0	0	0	526	
12	0	0	0	0	526	
13	0	0	0	0	529	
14	0	0	0	0	532	
15	0	0	0	0	533	
0	0	0	0	0	529	
1	0	0	0	0	527	
2	0	0	0	0	526	
3	0	0	0	0	526	
4	0	0	0	0	526	
5	0	0	0	0	525	
6	0	0	0	0	526	
7	0	0	0	0	524	
8	0	0	0	0	522	
9	0	0	0	0	522	
10	0	0	0	0	525	
11	0	0	0	0	527	
12	0	0	0	0	526	
13	0	0	0	0	524	
14	0	0	0	0	521	
15	0	0	0	0	519	
0	0	0	0	0	516	
1	0	0	0	0	513	
2	0	0	0	0	516	
3	0	0	0	0	518	
4	0	0	0	0	519	
5	0	0	0	0	519	
6	0	0	0	0	521	
7	0	0	0	0	523	
8	0	0	0	0	524	
9	0	0	0	0	524	
10	0	0	0	0	522	
11	0	0	0	0	521	
12	0	0	0	0	520	
13	0	0	0	0	520	
14	0	0	0	0	522	
15	0	0	0	0	522	
0	0	0	0	0	521	
1	0	0	0	0	521	
2	0	0	0	0	523	
3	0	0	0	0	523	
4	0	0	0	0	523	
5	0	0	0	0	523	
6	0	0	0	0	523	
7	0	0	0	0	527	
8	0	0	0	0	528	
9	0	0	0	0	529	
10	0	0	0	0	527	
11	0	0	0	0	526	
12	0	0	0	0	526	
13	0	0	0	0	525	
14	0	0	0	0	525	
15	0	0	0	0	524	
0	0	0	0	0	524	
1	0	0	0	0	522	
2	0	0	0	0	521	
3	0	0	0	0	520	
4	0	0	0	0	520	
5	0	0	0	0	519	
6	0	0	0	0	516	
7	0	0	0	0	517	
8	0	0	0	0	519	
9	0	0	0	0	521	
10	0	0	0	0	522	
11	0	0	0	0	520	
12	0	0	0	0	520	
13	0	0	0	0	520	
14	0	0	0	0	520	
15	0	0	0	0	521	
0	0	0	0	0	519	
1	0	0	0	0	518	
2	0	0	0	0	519	
3	0	0	0	0	520	
4	0	0	0	0	520	
5	0	0	0	0	519	
6	0	0	0	0	520	
7	0	0	0	0	519	
8	0	0	0	0	520	
9	0	0	0	0	519	
10	0	0	0	0	524	
11	0	0	0	0	524	
12	0	0	0	0	523	
13	0	0	0	0	526	
14	0	0	0	0	525	
15	0	0	0	0	524	
0	0	0	0	0	523	
1	0	0	0	0	519	
2	0	0	0	0	517	
3	0	0	0	0	518	
4	0	0	0	0	518	
5	0	0	0	0	518	
6	0	0	0	0	519	
7	0	0	0	0	519	
8	0	0	0	0	522	
9	0	0	0	0	522	
10	0	0	0	0	521	
11	0	0	0	0	522	
12	0	0	0	0	523	
13	0	0	0	0	521	
14	0	0	0	0	520	
15	0	0	0	0	521	
0	0	0	0	0	521	
1	0	0	0	0	518	
2	0	0	0	0	512	
3	0	0	0	0	512	
4	0	0	0	0	515	
5	0	0	0	0	517	
6	0	0	0	0	521	
7	0	0	0	0	524	
8	0	0	0	0	524	
9	0	0	0	0	525	
10	0	0	0	0	525	
11	0	0	0	0	526	
12	0	0	0	0	527	
13	0	0	0	0	525	
14	0	0	0	0	523	
15	0	0	0	0	523	
0	0	0	0	0	524	
1	0	0	0	0	523	
2	0	0	0	0	525	
3	0	0	0	0	525	
4	0	0	0	0	526	
5	0	0	0	0	527	
6	0	0	0	0	527	
7	0	0	0	0	529	
8	0	0	0	0	528	
9	0	0	0	0	529	
10	0	0	0	0	531	
11	0	0	0	0	532	
12	0	0	0	0	532	
13	0	0	0	0	532	
14	0	0	0	0	531	
15	0	0	0	0	532	
0	0	0	0	0	531	
1	0	0	0	0	528	
2	0	0	0	0	526	
3	0	0	0	0	524	
4	0	0	0	0	527	
5	0	0	0	0	531	
6	0	0	0	0	531	
7	0	0	0	0	530	
8	0	0	0	0	530	
9	0	0	0	0	530	
10	0	0	0	0	529	
11	0	0	0	0	530	
12	0	0	0	0	531	
13	0	0	0	0	532	
14	0	0	0	0	532	
15	0	0	0	0	531	
0	0	0	0	0	527	
1	0	0	0	0	526	
2	0	0	0	0	526	
3	0	0	0	0	525	
4	0	0	0	0	527	
5	0	0	0	0	528	
6	0	0	0	0	527	
7	0	0	0	0	525	
8	0	0	0	0	524	
9	0	0	0	0	520	
10	0	0	0	0	519	
11	0	0	0	0	521	
12	0	0	0	0	524	
13	0	0	0	0	527	
14	0	0	0	0	528	
15	0	0	0	0	526	
0	0	0	0	0	524	
1	0	0	0	0	522	
2	0	0	0	0	521	
3	0	0	0	0	520	
4	0	0	0	0	521	
5	0	0	0	0	522	
6	0	0	0	0	521	
7	0	0	0	0	519	
8	0	0	0	0	519	
9	0	0	0	0	519	
10	0	0	0	0	518	
11	0	0	0	0	515	
12	0	0	0	0	515	
13	0	0	0	0	513	
14	0	0	0	0	513	
15	0	0	0	0	514	
0	0	0	0	0	514	
1	0	0	0	0	512	
2	0	0	0	0	512	
3	0	0	0	0	511	
4	0	0	0	0	513	
5	0	0	0	0	514	
6	0	0	0	0	514	
7	0	0	0	0	513	
8	0	0	0	0	513	
9	0	0	0	0	513	
10	0	0	0	0	513	
11	0	0	0	0	512	
12	0	0	0	0	513	
13	0	0	0	0	513	
14	0	0	0	0	513	
15	0	0	0	0	513	
0	0	0	0	0	513	
1	0	0	0	0	513	
2	0	0	0	0	514	
3	0	0	0	0	513	
4	0	0	0	0	513	
5	0	0	0	0	513	
6	0	0	0	0	516	
7	0	0	0	0	516	
8	0	0	0	0	514	
9	0	0	0	0	514	
10	0	0	0	0	511	
11	0	0	0	0	506	
12	0	0	0	0	507	
13	0	0	0	0	509	
14	0	0	0	0	511	
15	0	0	0	0	513	
0	0	0	0	0	517	
1	0	0	0	0	517	
2	0	0	0	0	519	
3	0	0	0	0	516	
4	0	0	0	0	512	
5	0	0	0	0	510	
6	0	0	0	0	512	
7	0	0	0	0	512	
8	0	0	0	0	513	
9	0	0	0	0	513	
10	0	0	0	0	513	
11	0	0	0	0	512	
12	0	0	0	0	509	
13	0	0	0	0	504	
14	0	0	0	0	502	
15	0	0	0	0	498	
0	0	0	0	0	499	
1	0	0	0	0	498	
2	0	0	0	0	497	
3	0	0	0	0	494	
4	0	0	0	0	491	
5	0	0	0	0	488	
6	0	0	0	0	489	
7	0	0	0	0	488	
8	0	0	0	0	486	
9	0	0	0	0	487	
10	0	0	0	0	492	
11	0	0	0	0	496	
12	0	0	0	0	499	
13	0	0	0	0	504	
14	0	0	0	0	510	
15	0	0	0	0	515	
0	0	0	0	0	520	
1	0	0	0	0	527	
2	0	0	0	0	534	
3	0	0	0	0	540	
4	0	0	0	0	548	
5	0	0	0	0	555	
6	0	0	0	0	562	
7	0	0	0	0	568	
8	0	0	0	0	579	
9	0	0	0	0	596	
10	0	0	0	0	615	
11	0	0	0	0	631	
12	0	0	0	0	640	
13	0	0	0	0	650	
14	0	0	0	0	665	
15	0	0	0	0	681	
0	0	0	0	0	695	
1	0	0	0	0	703	
2	0	0	0	0	706	
3	0	0	0	0	709	
4	0	0	0	0	708	
5	0	0	0	0	703	
6	0	0	0	0	693	
7	0	0	0	0	679	
8	0	0	0	0	669	
9	0	0	0	0	658	
10	0	0	0	0	644	
11	0	0	0	0	629	
12	0	0	0	0	614	
13	0	0	0	0	598	
14	0	0	0	0	578	
15	0	0	0	0	559	
0	0	0	0	0	543	
1	0	0	0	0	531	
2	0	0	0	0	518	
3	0	0	0	0	507	
4	0	0	0	0	496	
5	0	0	0	0	487	
6	0	0	0	0	481	
7	0	0	0	0	475	
8	0	0	0	0	469	
9	0	0	0	0	464	
10	0	0	0	0	461	
11	0	0	0	0	465	
12	0	0	0	0	470	
13	0	0	0	0	472	
14	0	0	0	0	473	
15	0	0	0	0	474	
0	0	0	0	0	475	
1	0	0	0	0	478	
2	0	0	0	0	480	
3	0	0	0	0	483	
4	0	0	0	0	486	
5	0	0	0	0	489	
6	0	0	0	0	488	
7	0	0	0	0	489	
8	0	0	0	0	492	
9	0	0	0	0	492	
10	0	0	0	0	494	
11	0	0	0	0	494	
12	0	0	0	0	493	
13	0	0	0	0	490	
14	0	0	0	0	487	
15	0	0	0	0	486	
0	0	0	0	0	486	
1	0	0	0	0	489	
2	0	0	0	0	490	
3	0	0	0	0	491	
4	0	0	0	0	491	
5	0	0	0	0	491	
6	0	0	0	0	492	
7	0	0	0	0	492	
8	0	0	0	0	491	
9	0	0	0	0	488	
10	0	0	0	0	488	
11	0	0	0	0	487	
12	0	0	0	0	486	
13	0	0	0	0	486	
14	0	0	0	0	487	
15	0	0	0	0	489	
0	0	0	0	0	489	
1	0	0	0	0	489	
2	0	0	0	0	487	
3	0	0	0	0	488	
4	0	0	0	0	489	
5	0	0	0	0	488	
6	0	0	0	0	489	
7	0	0	0	0	493	
8	0	0	0	0	496	
9	0	0	0	0	494	
10	0	0	0	0	491	
11	0	0	0	0	492	
12	0	0	0	0	496	
13	0	0	0	0	497	
14	0	0	0	0	497	
15	0	0	0	0	495	
0	0	0	0	0	495	
1	0	0	0	0	496	
2	0	0	0	0	498	
3	0	0	0	0	499	
4	0	0	0	0	499	
5	0	0	0	0	499	
6	0	0	0	0	500	
7	0	0	0	0	503	
8	0	0	0	0	504	
9	0	0	0	0	504	
10	0	0	0	0	500	
11	0	0	0	0	501	
12	0	0	0	0	501	
13	0	0	0	0	501	
14	0	0	0	0	498	
15	0	0	0	0	497	
0	0	0	0	0	500	
1	0	0	0	0	503	
2	0	0	0	0	502	
3	0	0	0	0	504	
4	0	0	0	0	503	
5	0	0	0	0	503	
6	0	0	0	0	504	
7	0	0	0	0	504	
8	0	0	0	0	504	
9	0	0	0	0	504	
10	0	0	0	0	504	
11	0	0	0	0	501	
12	0	0	0	0	501	
13	0	0	0	0	499	
14	0	0	0	0	499	
15	0	0	0	0	499	
0	0	0	0	0	502	
1	0	0	0	0	503	
2	0	0	0	0	503	
3	0	0	0	0	504	
4	0	0	0	0	505	
5	0	0	0	0	507	
6	0	0	0	0	510	
7	0	0	0	0	511	
8	0	0	0	0	510	
9	0	0	0	0	507	
10	0	0	0	0	504	
11	0	0	0	0	506	
12	0	0	0	0	508	
13	0	0	0	0	510	
14	0	0	0	0	508	
15	0	0	0	0	507	
0	0	0	0	0	509	
1	0	0	0	0	512	
2	0	0	0	0	511	
3	0	0	0	0	509	
4	0	0	0	0	510	
5	0	0	0	0	509	
6	0	0	0	0	509	
7	0	0	0	0	508	
8	0	0	0	0	508	
9	0	0	0	0	509	
10	0	0	0	0	511	
11	0	0	0	0	513	
12	0	0	0	0	512	
13	0	0	0	0	511	
14	0	0	0	0	510	
15	0	0	0	0	508	
0	0	0	0	0	508	
1	0	0	0	0	508	
2	0	0	0	0	511	
3	0	0	0	0	515	
4	0	0	0	0	516	
5	0	0	0	0	515	
6	0	0	0	0	512	
7	0	0	0	0	512	
8	0	0	0	0	517	
9	0	0	0	0	519	
10	0	0	0	0	518	
11	0	0	0	0	515	
12	0	0	0	0	516	
13	0	0	0	0	516	
14	0	0	0	0	517	
15	0	0	0	0	519	
0	0	0	0	0	520	
1	0	0	0	0	521	
2	0	0	0	0	520	
3	0	0	0	0	520	
4	0	0	0	0	520	
5	0	0	0	0	519	
6	0	0	0	0	519	
7	0	0	0	0	519	
8	0	0	0	0	519	
9	0	0	0	0	519	
10	0	0	0	0	517	
11	0	0	0	0	516	
12	0	0	0	0	515	
13	0	0	0	0	515	
14	0	0	0	0	514	
15	0	0	0	0	514	
0	0	0	0	0	516	
1	0	0	0	0	516	
2	0	0	0	0	517	
3	0	0	0	0	519	
4	0	0	0	0	520	
5	0	0	0	0	519	
6	0	0	0	0	517	
7	0	0	0	0	518	
8	0	0	0	0	519	
9	0	0	0	0	523	
10	0	0	0	0	522	
11	0	0	0	0	523	
12	0	0	0	0	521	
13	0	0	0	0	520	
14	0	0	0	0	522	
15	0	0	0	0	525	
0	0	0	0	0	524	
1	0	0	0	0	522	
2	0	0	0	0	521	
3	0	0	0	0	522	
4	0	0	0	0	520	
5	0	0	0	0	523	
6	0	0	0	0	528	
7	0	0	0	0	530	
8	0	0	0	0	531	
9	0	0	0	0	532	
10	0	0	0	0	531	
11	0	0	0	0	533	
12	0	0	0	0	534	
13	0	0	0	0	532	
14	0	0	0	0	531	
15	0	0	0	0	532	
0	0	0	0	0	531	
1	0	0	0	0	532	
2	0	0	0	0	532	
3	0	0	0	0	531	
4	0	0	0	0	531	
5	0	0	0	0	531	
6	0	0	0	0	532	
7	0	0	0	0	532	
8	0	0	0	0	532	
9	0	0	0	0	535	
10	0	0	0	0	536	
11	0	0	0	0	536	
12	0	0	0	0	535	
13	0	0	0	0	535	
14	0	0	0	0	536	
15	0	0	0	0	537	
0	0	0	0	0	536	
1	0	0	0	0	536	
2	0	0	0	0	539	
3	0	0	0	0	542	
4	0	0	0	0	543	
5	0	0	0	0	543	
6	0	0	0	0	542	
7	0	0	0	0	541	
8	0	0	0	0	541	
9	0	0	0	0	543	
10	0	0	0	0	547	
11	0	0	0	0	548	
12	0	0	0	0	548	
13	0	0	0	0	548	
14	0	0	0	0	549	
15	0	0	0	0	548	
0	0	0	0	0	548	
1	0	0	0	0	550	
2	0	0	0	0	551	
3	0	0	0	0	551	
4	0	0	0	0	551	
5	0	0	0	0	547	
6	0	0	0	0	547	
7	0	0	0	0	545	
8	0	0	0	0	542	
9	0	0	0	0	544	
10	0	0	0	0	550	
11	0	0	0	0	552	
12	0	0	0	0	551	
13	0	0	0	0	547	
14	0	0	0	0	546	
15	0	0	0	0	544	
0	0	0	0	0	545	
1	0	0	0	0	547	
2	0	0	0	0	547	
3	0	0	0	0	545	
4	0	0	0	0	543	
5	0	0	0	0	543	
6	0	0	0	0	544	
7	0	0	0	0	545	
8	0	0	0	0	547	
9	0	0	0	0	545	
10	0	0	0	0	544	
11	0	0	0	0	541	
12	0	0	0	0	538	
13	0	0	0	0	538	
14	0	0	0	0	537	
15	0	0	0	0	534	
0	0	0	0	0	530	
1	0	0	0	0	529	
2	0	0	0	0	528	
3	0	0	0	0	525	
4	0	0	0	0	523	
5	0	0	0	0	522	
6	0	0	0	0	521	
7	0	0	0	0	522	
8	0	0	0	0	521	
9	0	0	0	0	519	
10	0	0	0	0	516	
11	0	0	0	0	514	
12	0	0	0	0	513	
13	0	0	0	0	508	
14	0	0	0	0	507	
15	0	0	0	0	508	
0	0	0	0	0	505	
1	0	0	0	0	499	
2	0	0	0	0	497	
3	0	0	0	0	499	
4	0	0	0	0	500	
5	0	0	0	0	501	
6	0	0	0	0	504	
7	0	0	0	0	505	
8	0	0	0	0	504	
9	0	0	0	0	501	
10	0	0	0	0	498	
11	0	0	0	0	496	
12	0	0	0	0	495	
13	0	0	0	0	494	
14	0	0	0	0	492	
15	0	0	0	0	490	
0	0	0	0	0	491	
1	0	0	0	0	491	
2	0	0	0	0	489	
3	0	0	0	0	489	
4	0	0	0	0	490	
5	0	0	0	0	489	
6	0	0	0	0	489	
7	0	0	0	0	489	
8	0	0	0	0	487	
9	0	0	0	0	484	
10	0	0	0	0	485	
11	0	0	0	0	487	
12	0	0	0	0	488	
13	0	0	0	0	489	
14	0	0	0	0	489	
15	0	0	0	0	489	
0	0	0	0	0	488	
1	0	0	0	0	486	
2	0	0	0	0	484	
3	0	0	0	0	484	
4	0	0	0	0	485	
5	0	0	0	0	483	
6	0	0	0	0	478	
7	0	0	0	0	480	
8	0	0	0	0	483	
9	0	0	0	0	487	
10	0	0	0	0	487	
11	0	0	0	0	487	
12	0	0	0	0	483	
13	0	0	0	0	480	
14	0	0	0	0	480	
15	0	0	0	0	484	
0	0	0	0	0	484	
1	0	0	0	0	484	
2	0	0	0	0	486	
3	0	0	0	0	487	
4	0	0	0	0	490	
5	0	0	0	0	492	
6	0	0	0	0	491	
7	0	0	0	0	491	
8	0	0	0	0	491	
9	0	0	0	0	491	
10	0	0	0	0	491	
11	0	0	0	0	491	
12	0	0	0	0	490	
13	0	0	0	0	489	
14	0	0	0	0	489	
15	0	0	0	0	487	
0	0	0	0	0	487	
1	0	0	0	0	488	
2	0	0	0	0	491	
3	0	0	0	0	493	
4	0	0	0	0	495	
5	0	0	0	0	496	
6	0	0	0	0	496	
7	0	0	0	0	494	
8	0	0	0	0	494	
9	0	0	0	0	493	
10	0	0	0	0	492	
11	0	0	0	0	492	
12	0	0	0	0	494	
13	0	0	0	0	492	
14	0	0	0	0	492	
15	0	0	0	0	492	
0	0	0	0	0	490	
1	0	0	0	0	489	
2	0	0	0	0	492	
3	0	0	0	0	496	
4	0	0	0	0	496	
5	0	0	0	0	492	
6	0	0	0	0	494	
7	0	0	0	0	494	
8	0	0	0	0	492	
9	0	0	0	0	492	
10	0	0	0	0	493	
11	0	0	0	0	496	
12	0	0	0	0	497	
13	0	0	0	0	499	
14	0	0	0	0	499	
15	0	0	0	0	498	
0	0	0	0	0	499	
1	0	0	0	0	498	
2	0	0	0	0	496	
3	0	0	0	0	498	
4	0	0	0	0	498	
5	0	0	0	0	496	
6	0	0	0	0	496	
7	0	0	0	0	497	
8	0	0	0	0	500	
9	0	0	0	0	499	
10	0	0	0	0	498	
11	0	0	0	0	497	
12	0	0	0	0	499	
13	0	0	0	0	500	
14	0	0	0	0	499	
15	0	0	0	0	498	
0	0	0	0	0	499	
1	0	0	0	0	500	
2	0	0	0	0	503	
3	0	0	0	0	503	
4	0	0	0	0	503	
5	0	0	0	0	503	
6	0	0	0	0	501	
7	0	0	0	0	500	
8	0	0	0	0	502	
9	0	0	0	0	502	
10	0	0	0	0	503	
11	0	0	0	0	504	
12	0	0	0	0	504	
13	0	0	0	0	505	
14	0	0	0	0	507	
15	0	0	0	0	504	
0	0	0	0	0	502	
1	0	0	0	0	503	
2	0	0	0	0	504	
3	0	0	0	0	505	
4	0	0	0	0	504	
5	0	0	0	0	501	
6	0	0	0	0	498	
7	0	0	0	0	499	
8	0	0	0	0	502	
9	0	0	0	0	504	
10	0	0	0	0	506	
11	0	0	0	0	507	
12	0	0	0	0	506	
13	0	0	0	0	503	
14	0	0	0	0	503	
15	0	0	0	0	504	
0	0	0	0	0	506	
1	0	0	0	0	506	
2	0	0	0	0	506	
3	0	0	0	0	505	
4	0	0	0	0	507	
5	0	0	0	0	508	
6	0	0	0	0	509	
7	0	0	0	0	510	
8	0	0	0	0	512	
9	0	0	0	0	513	
10	0	0	0	0	512	
11	0	0	0	0	511	
12	0	0	0	0	511	
13	0	0	0	0	510	
14	0	0	0	0	510	
15	0	0	0	0	511	
0	0	0	0	0	512	
1	0	0	0	0	513	
2	0	0	0	0	513	
3	0	0	0	0	512	
4	0	0	0	0	511	
5	0	0	0	0	511	
6	0	0	0	0	511	
7	0	0	0	0	509	
8	0	0	0	0	510	
9	0	0	0	0	508	
10	0	0	0	0	508	
11	0	0	0	0	510	
12	0	0	0	0	508	
13	0	0	0	0	508	
14	0	0	0	0	506	
15	0	0	0	0	506	
0	0	0	0	0	507	
1	0	0	0	0	508	
2	0	0	0	0	507	
3	0	0	0	0	507	
4	0	0	0	0	506	
5	0	0	0	0	510	
6	0	0	0	0	511	
7	0	0	0	0	511	
8	0	0	0	0	512	
9	0	0	0	0	510	
10	0	0	0	0	511	
11	0	0	0	0	511	
12	0	0	0	0	512	
13	0	0	0	0	511	
14	0	0	0	0	507	
15	0	0	0	0	505	
0	0	0	0	0	506	
1	0	0	0	0	509	
2	0	0	0	0	511	
3	0	0	0	0	508	
4	0	0	0	0	507	
5	0	0	0	0	506	
6	0	0	0	0	505	
7	0	0	0	0	507	
8	0	0	0	0	508	
9	0	0	0	0	512	
10	0	0	0	0	514	
11	0	0	0	0	516	
12	0	0	0	0	515	
13	0	0	0	0	514	
14	0	0	0	0	515	
15	0	0	0	0	515	
0	0	0	0	0	513	
1	0	0	0	0	514	
2	0	0	0	0	516	
3	0	0	0	0	519	
4	0	0	0	0	519	
5	0	0	0	0	519	
6	0	0	0	0	516	
7	0	0	0	0	512	
8	0	0	0	0	511	
9	0	0	0	0	513	
10	0	0	0	0	515	
11	0	0	0	0	515	
12	0	0	0	0	514	
13	0	0	0	0	513	
14	0	0	0	0	512	
15	0	0	0	0	513	
0	0	0	0	0	514	
1	0	0	0	0	514	
2	0	0	0	0	512	
3	0	0	0	0	513	
4	0	0	0	0	512	
5	0	0	0	0	513	
6	0	0	0	0	512	
7	0	0	0	0	513	
8	0	0	0	0	515	
9	0	0	0	0	518	
10	0	0	0	0	519	
11	0	0	0	0	519	
12	0	0	0	0	519	
13	0	0	0	0	517	
14	0	0	0	0	516	
15	0	0	0	0	515	
0	0	0	0	0	515	
1	0	0	0	0	513	
2	0	0	0	0	512	
3	0	0	0	0	514	
4	0	0	0	0	515	
5	0	0	0	0	513	
6	0	0	0	0	513	
7	0	0	0	0	511	
8	0	0	0	0	508	
9	0	0	0	0	511	
10	0	0	0	0	513	
11	0	0	0	0	513	
12	0	0	0	0	513	
13	0	0	0	0	513	
14	0	0	0	0	513	
15	0	0	0	0	513	
0	0	0	0	0	512	
1	0	0	0	0	512	
2	0	0	0	0	512	
3	0	0	0	0	513	
4	0	0	0	0	515	
5	0	0	0	0	516	
6	0	0	0	0	517	
7	0	0	0	0	517	
8	0	0	0	0	516	
9	0	0	0	0	513	
10	0	0	0	0	513	
11	0	0	0	0	514	
12	0	0	0	0	513	
13	0	0	0	0	512	
14	0	0	0	0	513	
15	0	0	0	0	511	
0	0	0	0	0	508	
1	0	0	0	0	512	
2	0	0	0	0	518	
3	0	0	0	0	518	
4	0	0	0	0	518	
5	0	0	0	0	516	
6	0	0	0	0	516	
7	0	0	0	0	516	
8	0	0	0	0	516	
9	0	0	0	0	516	
10	0	0	0	0	518	
11	0	0	0	0	521	
12	0	0	0	0	519	
13	0	0	0	0	517	
14	0	0	0	0	516	
15	0	0	0	0	517	
0	0	0	0	0	517	
1	0	0	0	0	516	
2	0	0	0	0	515	
3	0	0	0	0	515	
4	0	0	0	0	513	
5	0	0	0	0	511	
6	0	0	0	0	511	
7	0	0	0	0	511	
8	0	0	0	0	510	
9	0	0	0	0	509	
10	0	0	0	0	512	
11	0	0	0	0	515	
12	0	0	0	0	518	
13	0	0	0	0	516	
14	0	0	0	0	515	
15	0	0	0	0	518	
0	0	0	0	0	520	
1	0	0	0	0	519	
2	0	0	0	0	519	
3	0	0	0	0	521	
4	0	0	0	0	523	
5	0	0	0	0	523	
6	0	0	0	0	521	
7	0	0	0	0	519	
8	0	0	0	0	519	
9	0	0	0	0	517	
10	0	0	0	0	515	
11	0	0	0	0	514	
12	0	0	0	0	515	
13	0	0	0	0	513	
14	0	0	0	0	512	
15	0	0	0	0	513	
0	0	0	0	0	515	
1	0	0	0	0	517	
2	0	0	0	0	519	
3	0	0	0	0	519	
4	0	0	0	0	516	
5	0	0	0	0	515	
6	0	0	0	0	515	
7	0	0	0	0	514	
8	0	0	0	0	514	
9	0	0	0	0	515	
10	0	0	0	0	517	
11	0	0	0	0	518	
12	0	0	0	0	517	
13	0	0	0	0	518	
14	0	0	0	0	516	
15	0	0	0	0	513	
0	0	0	0	0	512	
1	0	0	0	0	514	
2	0	0	0	0	516	
3	0	0	0	0	519	
4	0	0	0	0	516	
5	0	0	0	0	515	
6	0	0	0	0	515	
7	0	0	0	0	513	
8	0	0	0	0	511	
9	0	0	0	0	513	
10	0	0	0	0	516	
11	0	0	0	0	518	
12	0	0	0	0	516	
13	0	0	0	0	515	
14	0	0	0	0	515	
15	0	0	0	0	514	
0	0	0	0	0	514	
1	0	0	0	0	514	
2	0	0	0	0	516	
3	0	0	0	0	518	
4	0	0	0	0	517	
5	0	0	0	0	516	
6	0	0	0	0	515	
7	0	0	0	0	514	
8	0	0	0	0	515	
9	0	0	0	0	517	
10	0	0	0	0	517	
11	0	0	0	0	519	
12	0	0	0	0	520	
13	0	0	0	0	521	
14	0	0	0	0	522	
15	0	0	0	0	521	
0	0	0	0	0	519	
1	0	0	0	0	515	
2	0	0	0	0	514	
3	0	0	0	0	516	
4	0	0	0	0	517	
5	0	0	0	0	517	
6	0	0	0	0	517	
7	0	0	0	0	515	
8	0	0	0	0	515	
9	0	0	0	0	513	
10	0	0	0	0	515	
11	0	0	0	0	513	
12	0	0	0	0	513	
13	0	0	0	0	512	
14	0	0	0	0	512	
15	0	0	0	0	512	
0	0	0	0	0	513	
1	0	0	0	0	516	
2	0	0	0	0	519	
3	0	0	0	0	522	
4	0	0	0	0	521	
5	0	0	0	0	518	
6	0	0	0	0	515	
7	0	0	0	0	513	
8	0	0	0	0	515	
9	0	0	0	0	517	
10	0	0	0	0	519	
11	0	0	0	0	521	
12	0	0	0	0	519	
13	0	0	0	0	519	
14	0	0	0	0	518	
15	0	0	0	0	519	
0	0	0	0	0	519	
1	0	0	0	0	517	
2	0	0	0	0	512	
3	0	0	0	0	511	
4	0	0	0	0	515	
5	0	0	0	0	518	
6	0	0	0	0	519	
7	0	0	0	0	519	
8	0	0	0	0	519	
9	0	0	0	0	519	
10	0	0	0	0	519	
11	0	0	0	0	519	
12	0	0	0	0	518	
13	0	0	0	0	517	
14	0	0	0	0	518	
15	0	0	0	0	516	
0	0	0	0	0	516	
1	0	0	0	0	516	
2	0	0	0	0	515	
3	0	0	0	0	514	
4	0	0	0	0	516	
5	0	0	0	0	519	
6	0	0	0	0	518	
7	0	0	0	0	515	
8	0	0	0	0	512	
9	0	0	0	0	509	
10	0	0	0	0	511	
11	0	0	0	0	512	
12	0	0	0	0	515	
13	0	0	0	0	516	
14	0	0	0	0	518	
15	0	0	0	0	517	
0	0	0	0	0	515	
1	0	0	0	0	512	
2	0	0	0	0	511	
3	0	0	0	0	511	
4	0	0	0	0	514	
5	0	0	0	0	516	
6	0	0	0	0	519	
7	0	0	0	0	519	
8	0	0	0	0	519	
9	0	0	0	0	519	
10	0	0	0	0	516	
11	0	0	0	0	516	
12	0	0	0	0	514	
13	0	0	0	0	513	
14	0	0	0	0	514	
15	0	0	0	0	512	
0	0	0	0	0	513	
1	0	0	0	0	515	
2	0	0	0	0	516	
3	0	0	0	0	513	
4	0	0	0	0	512	
5	0	0	0	0	513	
6	0	0	0	0	512	
7	0	0	0	0	514	
8	0	0	0	0	515	
9	0	0	0	0	513	
10	0	0	0	0	511	
11	0	0	0	0	516	
12	0	0	0	0	519	
13	0	0	0	0	519	
14	0	0	0	0	516	
15	0	0	0	0	517	
0	0	0	0	0	519	
1	0	0	0	0	519	
2	0	0	0	0	519	
3	0	0	0	0	518	
4	0	0	0	0	518	
5	0	0	0	0	517	
6	0	0	0	0	519	
7	0	0	0	0	516	
8	0	0	0	0	515	
9	0	0	0	0	513	
10	0	0	0	0	512	
11	0	0	0	0	513	
12	0	0	0	0	513	
13	0	0	0	0	518	
14	0	0	0	0	518	
15	0	0	0	0	518	
0	0	0	0	0	518	
1	0	0	0	0	521	
2	0	0	0	0	521	
3	0	0	0	0	520	
4	0	0	0	0	517	
5	0	0	0	0	515	
6	0	0	0	0	516	
7	0	0	0	0	517	
8	0	0	0	0	517	
9	0	0	0	0	513	
10	0	0	0	0	510	
11	0	0	0	0	512	
12	0	0	0	0	514	
13	0	0	0	0	515	
14	0	0	0	0	515	
15	0	0	0	0	512	
0	0	0	0	0	512	
1	0	0	0	0	515	
2	0	0	0	0	516	
3	0	0	0	0	515	
4	0	0	0	0	513	
5	0	0	0	0	513	
6	0	0	0	0	515	
7	0	0	0	0	515	
8	0	0	0	0	517	
9	0	0	0	0	518	
10	0	0	0	0	519	
11	0	0	0	0	518	
12	0	0	0	0	518	
13	0	0	0	0	517	
14	0	0	0	0	517	
15	0	0	0	0	519	
0	0	0	0	0	519	
1	0	0	0	0	518	
2	0	0	0	0	517	
3	0	0	0	0	516	
4	0	0	0	0	515	
5	0	0	0	0	515	
6	0	0	0	0	516	
7	0	0	0	0	514	
8	0	0	0	0	515	
9	0	0	0	0	516	
10	0	0	0	0	516	
11	0	0	0	0	516	
12	0	0	0	0	519	
13	0	0	0	0	519	
14	0	0	0	0	519	
15	0	0	0	0	516	
0	0	0	0	0	515	
1	0	0	0	0	515	
2	0	0	0	0	516	
3	0	0	0	0	516	
4	0	0	0	0	518	
5	0	0	0	0	517	
6	0	0	0	0	516	
7	0	0	0	0	515	
8	0	0	0	0	514	
9	0	0	0	0	512	
10	0	0	0	0	514	
11	0	0	0	0	515	
12	0	0	0	0	517	
13	0	0	0	0	516	
14	0	0	0	0	514	
15	0	0	0	0	515	
0	0	0	0	0	514	
1	0	0	0	0	510	
2	0	0	0	0	511	
3	0	0	0	0	513	
4	0	0	0	0	514	
5	0	0	0	0	515	
6	0	0	0	0	514	
7	0	0	0	0	513	
8	0	0	0	0	512	
9	0	0	0	0	511	
10	0	0	0	0	514	
11	0	0	0	0	517	
12	0	0	0	0	519	
13	0	0	0	0	516	
14	0	0	0	0	517	
15	0	0	0	0	516	
0	0	0	0	0	516	
1	0	0	0	0	516	
2	0	0	0	0	515	
3	0	0	0	0	514	
4	0	0	0	0	515	
5	0	0	0	0	517	
6	0	0	0	0	515	
7	0	0	0	0	512	
8	0	0	0	0	512	
9	0	0	0	0	514	
10	0	0	0	0	514	
11	0	0	0	0	516	
12	0	0	0	0	517	
13	0	0	0	0	518	
14	0	0	0	0	519	
15	0	0	0	0	519	
0	0	0	0	0	518	
1	0	0	0	0	517	
2	0	0	0	0	517	
3	0	0	0	0	518	
4	0	0	0	0	519	
5	0	0	0	0	519	
6	0	0	0	0	519	
7	0	0	0	0	518	
8	0	0	0	0	517	
9	0	0	0	0	516	
10	0	0	0	0	515	
11	0	0	0	0	515	
12	0	0	0	0	517	
13	0	0	0	0	518	
14	0	0	0	0	519	
15	0	0	0	0	519	
0	0	0	0	0	517	
1	0	0	0	0	516	
2	0	0	0	0	518	
3	0	0	0	0	516	
4	0	0	0	0	515	
5	0	0	0	0	516	
6	0	0	0	0	515	
7	0	0	0	0	517	
8	0	0	0	0	521	
9	0	0	0	0	526	
10	0	0	0	0	528	
11	0	0	0	0	528	
12	0	0	0	0	528	
13	0	0	0	0	531	
14	0	0	0	0	532	
15	0	0	0	0	531	
0	0	0	0	0	530	
1	0	0	0	0	531	
2	0	0	0	0	532	
3	0	0	0	0	534	
4	0	0	0	0	533	
5	0	0	0	0	530	
6	0	0	0	0	527	
7	0	0	0	0	527	
8	0	0	0	0	527	
9	0	0	0	0	528	
10	0	0	0	0	527	
11	0	0	0	0	525	
12	0	0	0	0	525	
13	0	0	0	0	525	
14	0	0	0	0	527	
15	0	0	0	0	527	
0	0	0	0	0	523	
1	0	0	0	0	521	
2	0	0	0	0	519	
3	0	0	0	0	517	
4	0	0	0	0	515	
5	0	0	0	0	515	
6	0	0	0	0	515	
7	0	0	0	0	518	
8	0	0	0	0	519	
9	0	0	0	0	519	
10	0	0	0	0	517	
11	0	0	0	0	517	
12	0	0	0	0	518	
13	0	0	0	0	519	
14	0	0	0	0	516	
15	0	0	0	0	513	
0	0	0	0	0	515	
1	0	0	0	0	519	
2	0	0	0	0	519	
3	0	0	0	0	517	
4	0	0	0	0	514	
5	0	0	0	0	512	
6	0	0	0	0	512	
7	0	0	0	0	511	
8	0	0	0	0	511	
9	0	0	0	0	510	
10	0	0	0	0	511	
11	0	0	0	0	511	
12	0	0	0	0	510	
13	0	0	0	0	508	
14	0	0	0	0	507	
15	0	0	0	0	509	
0	0	0	0	0	509	
1	0	0	0	0	506	
2	0	0	0	0	504	
3	0	0	0	0	505	
4	0	0	0	0	505	
5	0	0	0	0	503	
6	0	0	0	0	500	
7	0	0	0	0	500	
8	0	0	0	0	500	
9	0	0	0	0	502	
10	0	0	0	0	508	
11	0	0	0	0	511	
12	0	0	0	0	508	
13	0	0	0	0	507	
14	0	0	0	0	509	
15	0	0	0	0	509	
0	0	0	0	0	511	
1	0	0	0	0	512	
2	0	0	0	0	509	
3	0	0	0	0	507	
4	0	0	0	0	506	
5	0	0	0	0	507	
6	0	0	0	0	508	
7	0	0	0	0	507	
8	0	0	0	0	508	
9	0	0	0	0	506	
10	0	0	0	0	504	
11	0	0	0	0	507	
12	0	0	0	0	510	
13	0	0	0	0	509	
14	0	0	0	0	508	
15	0	0	0	0	509	
0	0	0	0	0	505	
1	0	0	0	0	504	
2	0	0	0	0	506	
3	0	0	0	0	506	
4	0	0	0	0	507	
5	0	0	0	0	507	
6	0	0	0	0	508	
7	0	0	0	0	507	
8	0	0	0	0	506	
9	0	0	0	0	506	
10	0	0	0	0	502	
11	0	0	0	0	502	
12	0	0	0	0	499	
13	0	0	0	0	496	
14	0	0	0	0	493	
15	0	0	0	0	492	
0	0	0	0	0	488	
1	0	0	0	0	483	
2	0	0	0	0	479	
3	0	0	0	0	480	
4	0	0	0	0	483	
5	0	0	0	0	481	
6	0	0	0	0	478	
7	0	0	0	0	480	
8	0	0	0	0	485	
9	0	0	0	0	490	
10	0	0	0	0	495	
11	0	0	0	0	501	
12	0	0	0	0	505	
13	0	0	0	0	510	
14	0	0	0	0	515	
15	0	0	0	0	522	
0	0	0	0	0	528	
1	0	0	0	0	535	
2	0	0	0	0	543	
3	0	0	0	0	553	
4	0	0	0	0	564	
5	0	0	0	0	577	
6	0	0	0	0	591	
7	0	0	0	0	604	
8	0	0	0	0	616	
9	0	0	0	0	626	
10	0	0	0	0	636	
11	0	0	0	0	648	
12	0	0	0	0	662	
13	0	0	0	0	674	
14	0	0	0	0	683	
15	0	0	0	0	691	
0	0	0	0	0	695	
1	0	0	0	0	696	
2	0	0	0	0	695	
3	0	0	0	0	686	
4	0	0	0	0	672	
5	0	0	0	0	659	
6	0	0	0	0	644	
7	0	0	0	0	634	
8	0	0	0	0	621	
9	0	0	0	0	609	
10	0	0	0	0	595	
11	0	0	0	0	576	
12	0	0	0	0	557	
13	0	0	0	0	540	
14	0	0	0	0	526	
15	0	0	0	0	513	
0	0	0	0	0	501	
1	0	0	0	0	489	
2	0	0	0	0	479	
3	0	0	0	0	470	
4	0	0	0	0	464	
5	0	0	0	0	462	
6	0	0	0	0	462	
7	0	0	0	0	463	
8	0	0	0	0	464	
9	0	0	0	0	463	
10	0	0	0	0	465	
11	0	0	0	0	467	
12	0	0	0	0	468	
13	0	0	0	0	471	
14	0	0	0	0	475	
15	0	0	0	0	477	
0	0	0	0	0	478	
1	0	0	0	0	479	
2	0	0	0	0	479	
3	0	0	0	0	481	
4	0	0	0	0	484	
5	0	0	0	0	487	
6	0	0	0	0	488	
7	0	0	0	0	489	
8	0	0	0	0	487	
9	0	0	0	0	485	
10	0	0	0	0	484	
11	0	0	0	0	487	
12	0	0	0	0	488	
13	0	0	0	0	485	
14	0	0	0	0	484	
15	0	0	0	0	487	
0	0	0	0	0	487	
1	0	0	0	0	485	
2	0	0	0	0	480	
3	0	0	0	0	479	
4	0	0	0	0	481	
5	0	0	0	0	485	
6	0	0	0	0	486	
7	0	0	0	0	485	
8	0	0	0	0	484	
9	0	0	0	0	484	
10	0	0	0	0	484	
11	0	0	0	0	486	
12	0	0	0	0	485	
13	0	0	0	0	485	
14	0	0	0	0	487	
15	0	0	0	0	488	
0	0	0	0	0	486	
1	0	0	0	0	486	
2	0	0	0	0	489	
3	0	0	0	0	492	
4	0	0	0	0	492	
5	0	0	0	0	488	
6	0	0	0	0	487	
7	0	0	0	0	490	
8	0	0	0	0	493	
9	0	0	0	0	494	
10	0	0	0	0	494	
11	0	0	0	0	495	
12	0	0	0	0	493	
13	0	0	0	0	494	
14	0	0	0	0	492	
15	0	0	0	0	488	
0	0	0	0	0	486	
1	0	0	0	0	490	
2	0	0	0	0	494	
3	0	0	0	0	496	
4	0	0	0	0	498	
5	0	0	0	0	499	
6	0	0	0	0	499	
7	0	0	0	0	498	
8	0	0	0	0	499	
9	0	0	0	0	499	
10	0	0	0	0	495	
11	0	0	0	0	493	
12	0	0	0	0	492	
13	0	0	0	0	491	
14	0	0	0	0	492	
15	0	0	0	0	495	
0	0	0	0	0	495	
1	0	0	0	0	495	
2	0	0	0	0	497	
3	0	0	0	0	498	
4	0	0	0	0	497	
5	0	0	0	0	496	
6	0	0	0	0	497	
7	0	0	0	0	496	
8	0	0	0	0	496	
9	0	0	0	0	498	
10	0	0	0	0	500	
11	0	0	0	0	501	
12	0	0	0	0	502	
13	0	0	0	0	501	
14	0	0	0	0	501	
15	0	0	0	0	502	
0	0	0	0	0	501	
1	0	0	0	0	502	
2	0	0	0	0	503	
3	0	0	0	0	505	
4	0	0	0	0	505	
5	0	0	0	0	505	
6	0	0	0	0	504	
7	0	0	0	0	504	
8	0	0	0	0	505	
9	0	0	0	0	502	
10	0	0	0	0	499	
11	0	0	0	0	499	
12	0	0	0	0	501	
13	0	0	0	0	501	
14	0	0	0	0	501	
15	0	0	0	0	502	
0	0	0	0	0	502	
1	0	0	0	0	501	
2	0	0	0	0	502	
3	0	0	0	0	503	
4	0	0	0	0	504	
5	0	0	0	0	505	
6	0	0	0	0	504	
7	0	0	0	0	503	
8	0	0	0	0	504	
9	0	0	0	0	507	
10	0	0	0	0	504	
11	0	0	0	0	502	
12	0	0	0	0	500	
13	0	0	0	0	503	
14	0	0	0	0	507	
15	0	0	0	0	511	
0	0	0	0	0	511	
1	0	0	0	0	512	
2	0	0	0	0	512	
3	0	0	0	0	512	
4	0	0	0	0	512	
5	0	0	0	0	512	
6	0	0	0	0	512	
7	0	0	0	0	512	
8	0	0	0	0	511	
9	0	0	0	0	508	
10	0	0	0	0	508	
11	0	0	0	0	510	
12	0	0	0	0	512	
13	0	0	0	0	513	
14	0	0	0	0	514	
15	0	0	0	0	513	
0	0	0	0	0	515	
1	0	0	0	0	515	
2	0	0	0	0	514	
3	0	0	0	0	512	
4	0	0	0	0	513	
5	0	0	0	0	514	
6	0	0	0	0	512	
7	0	0	0	0	508	
8	0	0	0	0	508	
9	0	0	0	0	513	
10	0	0	0	0	518	
11	0	0	0	0	518	
12	0	0	0	0	517	
13	0	0	0	0	517	
14	0	0	0	0	515	
15	0	0	0	0	515	
0	0	0	0	0	516	
1	0	0	0	0	516	
2	0	0	0	0	517	
3	0	0	0	0	519	
4	0	0	0	0	519	
5	0	0	0	0	521	
6	0	0	0	0	522	
7	0	0	0	0	522	
8	0	0	0	0	520	
9	0	0	0	0	519	
10	0	0	0	0	521	
11	0	0	0	0	523	
12	0	0	0	0	518	
13	0	0	0	0	517	
14	0	0	0	0	519	
15	0	0	0	0	521	
0	0	0	0	0	519	
1	0	0	0	0	518	
2	0	0	0	0	520	
3	0	0	0	0	523	
4	0	0	0	0	519	
5	0	0	0	0	517	
6	0	0	0	0	520	
7	0	0	0	0	528	
8	0	0	0	0	533	
9	0	0	0	0	532	
10	0	0	0	0	530	
11	0	0	0	0	530	
12	0	0	0	0	529	
13	0	0	0	0	529	
14	0	0	0	0	527	
15	0	0	0	0	526	
0	0	0	0	0	529	
1	0	0	0	0	529	
2	0	0	0	0	530	
3	0	0	0	0	531	
4	0	0	0	0	534	
5	0	0	0	0	535	
6	0	0	0	0	535	
7	0	0	0	0	535	
8	0	0	0	0	536	
9	0	0	0	0	538	
10	0	0	0	0	538	
11	0	0	0	0	538	
12	0	0	0	0	540	
13	0	0	0	0	537	
14	0	0	0	0	533	
15	0	0	0	0	532	
0	0	0	0	0	535	
1	0	0	0	0	538	
2	0	0	0	0	540	
3	0	0	0	0	541	
4	0	0	0	0	540	
5	0	0	0	0	536	
6	0	0	0	0	536	
7	0	0	0	0	536	
8	0	0	0	0	536	
9	0	0	0	0	536	
10	0	0	0	0	538	
11	0	0	0	0	540	
12	0	0	0	0	541	
13	0	0	0	0	542	
14	0	0	0	0	543	
15	0	0	0	0	543	
0	0	0	0	0	543	
1	0	0	0	0	543	
2	0	0	0	0	541	
3	0	0	0	0	539	
4	0	0	0	0	540	
5	0	0	0	0	541	
6	0	0	0	0	541	
7	0	0	0	0	541	
8	0	0	0	0	542	
9	0	0	0	0	544	
10	0	0	0	0	545	
11	0	0	0	0	544	
12	0	0	0	0	542	
13	0	0	0	0	542	
14	0	0	0	0	543	
15	0	0	0	0	542	
0	0	0	0	0	540	
1	0	0	0	0	540	
2	0	0	0	0	540	
3	0	0	0	0	540	
4	0	0	0	0	538	
5	0	0	0	0	536	
6	0	0	0	0	535	
7	0	0	0	0	535	
8	0	0	0	0	535	
9	0	0	0	0	530	
10	0	0	0	0	525	
11	0	0	0	0	524	
12	0	0	0	0	525	
13	0	0	0	0	528	
14	0	0	0	0	529	
15	0	0	0	0	529	
0	0	0	0	0	528	
1	0	0	0	0	525	
2	0	0	0	0	523	
3	0	0	0	0	521	
4	0	0	0	0	520	
5	0	0	0	0	519	
6	0	0	0	0	517	
7	0	0	0	0	513	
8	0	0	0	0	512	
9	0	0	0	0	508	
10	0	0	0	0	505	
11	0	0	0	0	505	
12	0	0	0	0	507	
13	0	0	0	0	505	
14	0	0	0	0	504	
15	0	0	0	0	506	
0	0	0	0	0	505	
1	0	0	0	0	500	
2	0	0	0	0	498	
3	0	0	0	0	499	
4	0	0	0	0	501	
5	0	0	0	0	501	
6	0	0	0	0	500	
7	0	0	0	0	499	
8	0	0	0	0	496	
9	0	0	0	0	493	
10	0	0	0	0	491	
11	0	0	0	0	489	
12	0	0	0	0	491	
13	0	0	0	0	489	
14	0	0	0	0	488	
15	0	0	0	0	488	
0	0	0	0	0	488	
1	0	0	0	0	487	
2	0	0	0	0	486	
3	0	0	0	0	486	
4	0	0	0	0	486	
5	0	0	0	0	486	
6	0	0	0	0	484	
7	0	0	0	0	483	
8	0	0	0	0	483	
9	0	0	0	0	483	
10	0	0	0	0	481	
11	0	0	0	0	483	
12	0	0	0	0	484	
13	0	0	0	0	485	
14	0	0	0	0	482	
15	0	0	0	0	479	
0	0	0	0	0	481	
1	0	0	0	0	483	
2	0	0	0	0	483	
3	0	0	0	0	484	
4	0	0	0	0	485	
5	0	0	0	0	485	
6	0	0	0	0	485	
7	0	0	0	0	483	
8	0	0	0	0	482	
9	0	0	0	0	482	
10	0	0	0	0	482	
11	0	0	0	0	483	
12	0	0	0	0	483	
13	0	0	0	0	482	
14	0	0	0	0	482	
15	0	0	0	0	483	
0	0	0	0	0	482	
1	0	0	0	0	482	
2	0	0	0	0	483	
3	0	0	0	0	484	
4	0	0	0	0	487	
5	0	0	0	0	487	
6	0	0	0	0	487	
7	0	0	0	0	487	
8	0	0	0	0	487	
9	0	0	0	0	487	
10	0	0	0	0	487	
11	0	0	0	0	486	
12	0	0	0	0	485	
13	0	0	0	0	485	
14	0	0	0	0	486	
15	0	0	0	0	487	
0	0	0	0	0	487	
1	0	0	0	0	487	
2	0	0	0	0	485	
3	0	0	0	0	484	
4	0	0	0	0	483	
5	0	0	0	0	484	
6	0	0	0	0	487	
7	0	0	0	0	485	
8	0	0	0	0	484	
9	0	0	0	0	486	
10	0	0	0	0	485	
11	0	0	0	0	484	
12	0	0	0	0	488	
13	0	0	0	0	492	
14	0	0	0	0	492	
15	0	0	0	0	492	
0	0	0	0	0	492	
1	0	0	0	0	495	
2	0	0	0	0	497	
3	0	0	0	0	498	
4	0	0	0	0	500	
5	0	0	0	0	501	
6	0	0	0	0	501	
7	0	0	0	0	500	
8	0	0	0	0	499	
9	0	0	0	0	498	
10	0	0	0	0	498	
11	0	0	0	0	499	
12	0	0	0	0	500	
13	0	0	0	0	497	
14	0	0	0	0	496	
15	0	0	0	0	496	
0	0	0	0	0	497	
1	0	0	0	0	498	
2	0	0	0	0	497	
3	0	0	0	0	497	
4	0	0	0	0	498	
5	0	0	0	0	497	
6	0	0	0	0	498	
7	0	0	0	0	498	
8	0	0	0	0	499	
9	0	0	0	0	499	
10	0	0	0	0	500	
11	0	0	0	0	502	
12	0	0	0	0	504	
13	0	0	0	0	507	
14	0	0	0	0	507	
15	0	0	0	0	503	
0	0	0	0	0	501	
1	0	0	0	0	503	
2	0	0	0	0	504	
3	0	0	0	0	506	
4	0	0	0	0	507	
5	0	0	0	0	507	
6	0	0	0	0	504	
7	0	0	0	0	504	
8	0	0	0	0	503	
9	0	0	0	0	501	
10	0	0	0	0	498	
11	0	0	0	0	501	
12	0	0	0	0	504	
13	0	0	0	0	507	
14	0	0	0	0	504	
15	0	0	0	0	502	
0	0	0	0	0	502	
1	0	0	0	0	507	
2	0	0	0	0	508	
3	0	0	0	0	508	
4	0	0	0	0	508	
5	0	0	0	0	509	
6	0	0	0	0	509	
7	0	0	0	0	507	
8	0	0	0	0	505	
9	0	0	0	0	506	
10	0	0	0	0	509	
11	0	0	0	0	512	
12	0	0	0	0	511	
13	0	0	0	0	509	
14	0	0	0	0	508	
15	0	0	0	0	508	
0	0	0	0	0	508	
1	0	0	0	0	507	
2	0	0	0	0	507	
3	0	0	0	0	509	
4	0	0	0	0	509	
5	0	0	0	0	510	
6	0	0	0	0	510	
7	0	0	0	0	508	
8	0	0	0	0	508	
9	0	0	0	0	509	
10	0	0	0	0	511	
11	0	0	0	0	511	
12	0	0	0	0	512	
13	0	0	0	0	512	
14	0	0	0	0	510	
15	0	0	0	0	508	
0	0	0	0	0	508	
1	0	0	0	0	512	
2	0	0	0	0	515	
3	0	0	0	0	516	
4	0	0	0	0	515	
5	0	0	0	0	514	
6	0	0	0	0	513	
7	0	0	0	0	515	
8	0	0	0	0	515	
9	0	0	0	0	517	
10	0	0	0	0	515	
11	0	0	0	0	513	
12	0	0	0	0	513	
13	0	0	0	0	512	
14	0	0	0	0	513	
15	0	0	0	0	513	
0	0	0	0	0	512	
1	0	0	0	0	513	
2	0	0	0	0	512	
3	0	0	0	0	512	
4	0	0	0	0	513	
5	0	0	0	0	511	
6	0	0	0	0	508	
7	0	0	0	0	507	
8	0	0	0	0	510	
9	0	0	0	0	513	
10	0	0	0	0	515	
11	0	0	0	0	515	
12	0	0	0	0	515	
13	0	0	0	0	515	
14	0	0	0	0	514	
15	0	0	0	0	514	
0	0	0	0	0	516	
1	0	0	0	0	515	
2	0	0	0	0	515	
3	0	0	0	0	516	
4	0	0	0	0	518	
5	0	0	0	0	519	
6	0	0	0	0	516	
7	0	0	0	0	518	
8	0	0	0	0	519	
9	0	0	0	0	516	
10	0	0	0	0	511	
11	0	0	0	0	508	
12	0	0	0	0	510	
13	0	0	0	0	514	
14	0	0	0	0	518	
15	0	0	0	0	518	
0	0	0	0	0	518	
1	0	0	0	0	520	
2	0	0	0	0	521	
3	0	0	0	0	522	
4	0	0	0	0	520	
5	0	0	0	0	518	
6	0	0	0	0	516	
7	0	0	0	0	516	
8	0	0	0	0	518	
9	0	0	0	0	518	
10	0	0	0	0	518	
11	0	0	0	0	519	
12	0	0	0	0	520	
13	0	0	0	0	520	
14	0	0	0	0	519	
15	0	0	0	0	519	
0	0	0	0	0	517	
1	0	0	0	0	515	
2	0	0	0	0	516	
3	0	0	0	0	516	
4	0	0	0	0	517	
5	0	0	0	0	517	
6	0	0	0	0	517	
7	0	0	0	0	515	
8	0	0	0	0	514	
9	0	0	0	0	514	
10	0	0	0	0	515	
11	0	0	0	0	519	
12	0	0	0	0	521	
13	0	0	0	0	521	
14	0	0	0	0	519	
15	0	0	0	0	515	
0	0	0	0	0	515	
1	0	0	0	0	513	
2	0	0	0	0	513	
3	0	0	0	0	516	
4	0	0	0	0	517	
5	0	0	0	0	517	
6	0	0	0	0	517	
7	0	0	0	0	519	
8	0	0	0	0	518	
9	0	0	0	0	519	
10	0	0	0	0	520	
11	0	0	0	0	520	
12	0	0	0	0	519	
13	0	0	0	0	519	
14	0	0	0	0	519	
15	0	0	0	0	519	
0	0	0	0	0	518	
1	0	0	0	0	520	
2	0	0	0	0	522	
3	0	0	0	0	521	
4	0	0	0	0	518	
5	0	0	0	0	517	
6	0	0	0	0	518	
7	0	0	0	0	518	
8	0	0	0	0	518	
9	0	0	0	0	519	
10	0	0	0	0	519	
11	0	0	0	0	519	
12	0	0	0	0	521	
13	0	0	0	0	521	
14	0	0	0	0	519	
15	0	0	0	0	515	
0	0	0	0	0	514	
1	0	0	0	0	510	
2	0	0	0	0	512	
3	0	0	0	0	517	
4	0	0	0	0	519	
5	0	0	0	0	518	
6	0	0	0	0	516	
7	0	0	0	0	515	
8	0	0	0	0	515	
9	0	0	0	0	516	
10	0	0	0	0	519	
11	0	0	0	0	519	
12	0	0	0	0	519	
13	0	0	0	0	519	
14	0	0	0	0	520	
15	0	0	0	0	519	
0	0	0	0	0	517	
1	0	0	0	0	519	
2	0	0	0	0	519	
3	0	0	0	0	519	
4	0	0	0	0	519	
5	0	0	0	0	515	
6	0	0	0	0	512	
7	0	0	0	0	513	
8	0	0	0	0	517	
9	0	0	0	0	519	
10	0	0	0	0	519	
11	0	0	0	0	517	
12	0	0	0	0	516	
13	0	0	0	0	517	
14	0	0	0	0	518	
15	0	0	0	0	520	
0	0	0	0	0	519	
1	0	0	0	0	521	
2	0	0	0	0	521	
3	0	0	0	0	521	
4	0	0	0	0	517	
5	0	0	0	0	515	
6	0	0	0	0	518	
7	0	0	0	0	521	
8	0	0	0	0	523	
9	0	0	0	0	521	
10	0	0	0	0	519	
11	0	0	0	0	518	
12	0	0	0	0	518	
13	0	0	0	0	519	
14	0	0	0	0	518	
15	0	0	0	0	519	
0	0	0	0	0	523	
1	0	0	0	0	522	
2	0	0	0	0	523	
3	0	0	0	0	521	
4	0	0	0	0	520	
5	0	0	0	0	519	
6	0	0	0	0	519	
7	0	0	0	0	518	
8	0	0	0	0	516	
9	0	0	0	0	516	
10	0	0	0	0	515	
11	0	0	0	0	514	
12	0	0	0	0	516	
13	0	0	0	0	518	
14	0	0	0	0	519	
15	0	0	0	0	518	
0	0	0	0	0	517	
1	0	0	0	0	518	
2	0	0	0	0	519	
3	0	0	0	0	519	
4	0	0	0	0	519	
5	0	0	0	0	517	
6	0	0	0	0	519	
7	0	0	0	0	520	
8	0	0	0	0	521	
9	0	0	0	0	522	
10	0	0	0	0	519	
11	0	0	0	0	518	
12	0	0	0	0	519	
13	0	0	0	0	522	
14	0	0	0	0	523	
15	0	0	0	0	521	
0	0	0	0	0	523	
1	0	0	0	0	526	
2	0	0	0	0	526	
3	0	0	0	0	526	
4	0	0	0	0	523	
5	0	0	0	0	523	
6	0	0	0	0	523	
7	0	0	0	0	524	
8	0	0	0	0	523	
9	0	0	0	0	522	
10	0	0	0	0	522	
11	0	0	0	0	521	
12	0	0	0	0	521	
13	0	0	0	0	522	
14	0	0	0	0	523	
15	0	0	0	0	523	
0	0	0	0	0	523	
1	0	0	0	0	521	
2	0	0	0	0	519	
3	0	0	0	0	518	
4	0	0	0	0	517	
5	0	0	0	0	515	
6	0	0	0	0	517	
7	0	0	0	0	520	
8	0	0	0	0	520	
9	0	0	0	0	518	
10	0	0	0	0	518	
11	0	0	0	0	519	
12	0	0	0	0	522	
13	0	0	0	0	523	
14	0	0	0	0	523	
15	0	0	0	0	521	
0	0	0	0	0	522	
1	0	0	0	0	525	
2	0	0	0	0	524	
3	0	0	0	0	525	
4	0	0	0	0	524	
5	0	0	0	0	524	
6	0	0	0	0	524	
7	0	0	0	0	523	
8	0	0	0	0	523	
9	0	0	0	0	520	
10	0	0	0	0	520	
11	0	0	0	0	523	
12	0	0	0	0	524	
13	0	0	0	0	524	
14	0	0	0	0	524	
15	0	0	0	0	524	
0	0	0	0	0	524	
1	0	0	0	0	522	
2	0	0	0	0	522	
3	0	0	0	0	520	
4	0	0	0	0	519	
5	0	0	0	0	518	
6	0	0	0	0	518	
7	0	0	0	0	518	
8	0	0	0	0	516	
9	0	0	0	0	518	
10	0	0	0	0	519	
11	0	0	0	0	520	
12	0	0	0	0	522	
13	0	0	0	0	523	
14	0	0	0	0	523	
15	0	0	0	0	522	
0	0	0	0	0	521	
1	0	0	0	0	520	
2	0	0	0	0	520	
3	0	0	0	0	521	
4	0	0	0	0	521	
5	0	0	0	0	521	
6	0	0	0	0	520	
7	0	0	0	0	518	
8	0	0	0	0	516	
9	0	0	0	0	514	
10	0	0	0	0	513	
11	0	0	0	0	515	
12	0	0	0	0	518	
13	0	0	0	0	522	
14	0	0	0	0	523	
15	0	0	0	0	521	
0	0	0	0	0	519	
1	0	0	0	0	519	
2	0	0	0	0	519	
3	0	0	0	0	520	
4	0	0	0	0	519	
5	0	0	0	0	518	
6	0	0	0	0	519	
7	0	0	0	0	520	
8	0	0	0	0	522	
9	0	0	0	0	524	
10	0	0	0	0	527	
11	0	0	0	0	525	
12	0	0	0	0	524	
13	0	0	0	0	523	
14	0	0	0	0	523	
15	0	0	0	0	521	
0	0	0	0	0	521	
1	0	0	0	0	520	
2	0	0	0	0	519	
3	0	0	0	0	519	
4	0	0	0	0	518	
5	0	0	0	0	518	
6	0	0	0	0	518	
7	0	0	0	0	517	
8	0	0	0	0	517	
9	0	0	0	0	519	
10	0	0	0	0	519	
11	0	0	0	0	518	
12	0	0	0	0	516	
13	0	0	0	0	517	
14	0	0	0	0	519	
15	0	0	0	0	518	
0	0	0	0	0	516	
1	0	0	0	0	517	
2	0	0	0	0	518	
3	0	0	0	0	518	
4	0	0	0	0	518	
5	0	0	0	0	517	
6	0	0	0	0	518	
7	0	0	0	0	518	
8	0	0	0	0	518	
9	0	0	0	0	519	
10	0	0	0	0	519	
11	0	0	0	0	518	
12	0	0	0	0	519	
13	0	0	0	0	520	
14	0	0	0	0	518	
15	0	0	0	0	516	
0	0	0	0	0	515	
1	0	0	0	0	517	
2	0	0	0	0	519	
3	0	0	0	0	518	
4	0	0	0	0	515	
5	0	0	0	0	516	
6	0	0	0	0	516	
7	0	0	0	0	519	
8	0	0	0	0	519	
9	0	0	0	0	517	
10	0	0	0	0	516	
11	0	0	0	0	513	
12	0	0	0	0	512	
13	0	0	0	0	517	
14	0	0	0	0	521	
15	0	0	0	0	520	
0	0	0	0	0	519	
1	0	0	0	0	520	
2	0	0	0	0	520	
3	0	0	0	0	519	
4	0	0	0	0	519	
5	0	0	0	0	517	
6	0	0	0	0	515	
7	0	0	0	0	515	
8	0	0	0	0	516	
9	0	0	0	0	518	
10	0	0	0	0	519	
11	0	0	0	0	519	
12	0	0	0	0	518	
13	0	0	0	0	518	
14	0	0	0	0	518	
15	0	0	0	0	519	
0	0	0	0	0	519	
1	0	0	0	0	520	
2	0	0	0	0	517	
3	0	0	0	0	515	
4	0	0	0	0	516	
5	0	0	0	0	516	
6	0	0	0	0	514	
7	0	0	0	0	512	
8	0	0	0	0	514	
9	0	0	0	0	517	
10	0	0	0	0	519	
11	0	0	0	0	519	
12	0	0	0	0	518	
13	0	0	0	0	518	
14	0	0	0	0	519	
15	0	0	0	0	521	
0	0	0	0	0	521	
1	0	0	0	0	521	
2	0	0	0	0	520	
3	0	0	0	0	520	
4	0	0	0	0	519	
5	0	0	0	0	518	
6	0	0	0	0	514	
7	0	0	0	0	513	
8	0	0	0	0	516	
9	0	0	0	0	519	
10	0	0	0	0	517	
11	0	0	0	0	516	
12	0	0	0	0	515	
13	0	0	0	0	518	
14	0	0	0	0	520	
15	0	0	0	0	519	
0	0	0	0	0	519	
1	0	0	0	0	520	
2	0	0	0	0	520	
3	0	0	0	0	519	
4	0	0	0	0	517	
5	0	0	0	0	515	
6	0	0	0	0	516	
7	0	0	0	0	516	
8	0	0	0	0	516	
9	0	0	0	0	516	
10	0	0	0	0	516	
11	0	0	0	0	517	
12	0	0	0	0	518	
13	0	0	0	0	521	
14	0	0	0	0	523	
15	0	0	0	0	524	
0	0	0	0	0	522	
1	0	0	0	0	523	
2	0	0	0	0	526	
3	0	0	0	0	524	
4	0	0	0	0	522	
5	0	0	0	0	521	
6	0	0	0	0	522	
7	0	0	0	0	522	
8	0	0	0	0	522	
9	0	0	0	0	522	
10	0	0	0	0	522	
11	0	0	0	0	521	
12	0	0	0	0	519	
13	0	0	0	0	517	
14	0	0	0	0	519	
15	0	0	0	0	523	
0	0	0	0	0	523	
1	0	0	0	0	524	
2	0	0	0	0	524	
3	0	0	0	0	525	
4	0	0	0	0	526	
5	0	0	0	0	525	
6	0	0	0	0	525	
7	0	0	0	0	524	
8	0	0	0	0	523	
9	0	0	0	0	521	
10	0	0	0	0	520	
11	0	0	0	0	522	
12	0	0	0	0	525	
13	0	0	0	0	528	
14	0	0	0	0	528	
15	0	0	0	0	528	
0	0	0	0	0	527	
1	0	0	0	0	528	
2	0	0	0	0	529	
3	0	0	0	0	531	
4	0	0	0	0	532	
5	0	0	0	0	533	
6	0	0	0	0	533	
7	0	0	0	0	531	
8	0	0	0	0	526	
9	0	0	0	0	523	
10	0	0	0	0	524	
11	0	0	0	0	525	
12	0	0	0	0	522	
13	0	0	0	0	524	
14	0	0	0	0	522	
15	0	0	0	0	518	
0	0	0	0	0	518	
1	0	0	0	0	521	
2	0	0	0	0	524	
3	0	0	0	0	525	
4	0	0	0	0	527	
5	0	0	0	0	527	
6	0	0	0	0	527	
7	0	0	0	0	526	
8	0	0	0	0	526	
9	0	0	0	0	526	
10	0	0	0	0	524	
11	0	0	0	0	521	
12	0	0	0	0	522	
13	0	0	0	0	523	
14	0	0	0	0	522	
15	0	0	0	0	518	
0	0	0	0	0	517	
1	0	0	0	0	518	
2	0	0	0	0	518	
3	0	0	0	0	519	
4	0	0	0	0	520	
5	0	0	0	0	522	
6	0	0	0	0	523	
7	0	0	0	0	523	
8	0	0	0	0	519	
9	0	0	0	0	515	
10	0	0	0	0	512	
11	0	0	0	0	512	
12	0	0	0	0	514	
13	0	0	0	0	514	
14	0	0	0	0	512	
15	0	0	0	0	513	
0	0	0	0	0	514	
1	0	0	0	0	513	
2	0	0	0	0	513	
3	0	0	0	0	511	
4	0	0	0	0	510	
5	0	0	0	0	512	
6	0	0	0	0	512	
7	0	0	0	0	511	
8	0	0	0	0	508	
9	0	0	0	0	506	
10	0	0	0	0	507	
11	0	0	0	0	509	
12	0	0	0	0	510	
13	0	0	0	0	510	
14	0	0	0	0	511	
15	0	0	0	0	510	
0	0	0	0	0	511	
1	0	0	0	0	509	
2	0	0	0	0	508	
3	0	0	0	0	508	
4	0	0	0	0	510	
5	0	0	0	0	509	
6	0	0	0	0	509	
7	0	0	0	0	509	
8	0	0	0	0	510	
9	0	0	0	0	510	
10	0	0	0	0	510	
11	0	0	0	0	510	
12	0	0	0	0	510	
13	0	0	0	0	512	
14	0	0	0	0	513	
15	0	0	0	0	511	
0	0	0	0	0	510	
1	0	0	0	0	510	
2	0	0	0	0	509	
3	0	0	0	0	509	
4	0	0	0	0	509	
5	0	0	0	0	511	
6	0	0	0	0	511	
7	0	0	0	0	509	
8	0	0	0	0	508	
9	0	0	0	0	506	
10	0	0	0	0	504	
11	0	0	0	0	503	
12	0	0	0	0	504	
13	0	0	0	0	504	
14	0	0	0	0	502	
15	0	0	0	0	500	
0	0	0	0	0	499	
1	0	0	0	0	497	
2	0	0	0	0	495	
3	0	0	0	0	490	
4	0	0	0	0	488	
5	0	0	0	0	485	
6	0	0	0	0	483	
7	0	0	0	0	480	
8	0	0	0	0	481	
9	0	0	0	0	483	
10	0	0	0	0	482	
11	0	0	0	0	483	
12	0	0	0	0	483	
13	0	0	0	0	484	
14	0	0	0	0	487	
15	0	0	0	0	493	
0	0	0	0	0	499	
1	0	0	0	0	503	
2	0	0	0	0	508	
3	0	0	0	0	513	
4	0	0	0	0	521	
5	0	0	0	0	528	
6	0	0	0	0	537	
7	0	0	0	0	547	
8	0	0	0	0	556	
9	0	0	0	0	567	
10	0	0	0	0	579	
11	0	0	0	0	592	
12	0	0	0	0	607	
13	0	0	0	0	616	
14	0	0	0	0	628	
15	0	0	0	0	638	
0	0	0	0	0	650	
1	0	0	0	0	663	
2	0	0	0	0	676	
3	0	0	0	0	686	
4	0	0	0	0	692	
5	0	0	0	0	696	
6	0	0	0	0	694	
7	0	0	0	0	688	
8	0	0	0	0	683	
9	0	0	0	0	673	
10	0	0	0	0	662	
11	0	0	0	0	648	
12	0	0	0	0	635	
13	0	0	0	0	624	
14	0	0	0	0	612	
15	0	0	0	0	594	
0	0	0	0	0	572	
1	0	0	0	0	551	
2	0	0	0	0	536	
3	0	0	0	0	523	
4	0	0	0	0	508	
5	0	0	0	0	496	
6	0	0	0	0	486	
7	0	0	0	0	476	
8	0	0	0	0	468	
9	0	0	0	0	464	
10	0	0	0	0	462	
11	0	0	0	0	462	
12	0	0	0	0	462	
13	0	0	0	0	462	
14	0	0	0	0	462	
15	0	0	0	0	463	
0	0	0	0	0	465	
1	0	0	0	0	467	
2	0	0	0	0	468	
3	0	0	0	0	468	
4	0	0	0	0	469	
5	0	0	0	0	470	
6	0	0	0	0	473	
7	0	0	0	0	478	
8	0	0	0	0	483	
9	0	0	0	0	486	
10	0	0	0	0	480	
11	0	0	0	0	474	
12	0	0	0	0	470	
13	0	0	0	0	472	
14	0	0	0	0	479	
15	0	0	0	0	486	
0	0	0	0	0	489	
1	0	0	0	0	489	
2	0	0	0	0	486	
3	0	0	0	0	485	
4	0	0	0	0	487	
5	0	0	0	0	487	
6	0	0	0	0	487	
7	0	0	0	0	487	
8	0	0	0	0	488	
9	0	0	0	0	490	
10	0	0	0	0	489	
11	0	0	0	0	488	
12	0	0	0	0	488	
13	0	0	0	0	486	
14	0	0	0	0	486	
15	0	0	0	0	484	
0	0	0	0	0	484	
1	0	0	0	0	484	
2	0	0	0	0	484	
3	0	0	0	0	485	
4	0	0	0	0	486	
5	0	0	0	0	485	
6	0	0	0	0	483	
7	0	0	0	0	482	
8	0	0	0	0	482	
9	0	0	0	0	482	
10	0	0	0	0	481	
11	0	0	0	0	480	
12	0	0	0	0	482	
13	0	0	0	0	486	
14	0	0	0	0	488	
15	0	0	0	0	487	
0	0	0	0	0	486	
1	0	0	0	0	488	
2	0	0	0	0	491	
3	0	0	0	0	489	
4	0	0	0	0	489	
5	0	0	0	0	492	
6	0	0	0	0	492	
7	0	0	0	0	492	
8	0	0	0	0	493	
9	0	0	0	0	492	
10	0	0	0	0	492	
11	0	0	0	0	492	
12	0	0	0	0	493	
13	0	0	0	0	494	
14	0	0	0	0	495	
15	0	0	0	0	496	
0	0	0	0	0	496	
1	0	0	0	0	496	
2	0	0	0	0	495	
3	0	0	0	0	497	
4	0	0	0	0	499	
5	0	0	0	0	498	
6	0	0	0	0	499	
7	0	0	0	0	498	
8	0	0	0	0	497	
9	0	0	0	0	497	
10	0	0	0	0	496	
11	0	0	0	0	496	
12	0	0	0	0	495	
13	0	0	0	0	495	
14	0	0	0	0	495	
15	0	0	0	0	492	
0	0	0	0	0	491	
1	0	0	0	0	492	
2	0	0	0	0	494	
3	0	0	0	0	499	
4	0	0	0	0	500	
5	0	0	0	0	502	
6	0	0	0	0	503	
7	0	0	0	0	503	
8	0	0	0	0	502	
9	0	0	0	0	501	
10	0	0	0	0	503	
11	0	0	0	0	501	
12	0	0	0	0	498	
13	0	0	0	0	497	
14	0	0	0	0	498	
15	0	0	0	0	498	
0	0	0	0	0	499	
1	0	0	0	0	502	
2	0	0	0	0	503	
3	0	0	0	0	504	
4	0	0	0	0	505	
5	0	0	0	0	504	
6	0	0	0	0	502	
7	0	0	0	0	500	
8	0	0	0	0	502	
9	0	0	0	0	503	
10	0	0	0	0	503	
11	0	0	0	0	502	
12	0	0	0	0	501	
13	0	0	0	0	500	
14	0	0	0	0	500	
15	0	0	0	0	502	
0	0	0	0	0	502	
1	0	0	0	0	500	
2	0	0	0	0	502	
3	0	0	0	0	507	
4	0	0	0	0	508	
5	0	0	0	0	509	
6	0	0	0	0	511	
7	0	0	0	0	511	
8	0	0	0	0	510	
9	0	0	0	0	510	
10	0	0	0	0	511	
11	0	0	0	0	508	
12	0	0	0	0	506	
13	0	0	0	0	506	
14	0	0	0	0	508	
15	0	0	0	0	509	
0	0	0	0	0	508	
1	0	0	0	0	505	
2	0	0	0	0	501	
3	0	0	0	0	503	
4	0	0	0	0	505	
5	0	0	0	0	507	
6	0	0	0	0	509	
7	0	0	0	0	512	
8	0	0	0	0	510	
9	0	0	0	0	507	
10	0	0	0	0	504	
11	0	0	0	0	504	
12	0	0	0	0	506	
13	0	0	0	0	508	
14	0	0	0	0	509	
15	0	0	0	0	510	
0	0	0	0	0	512	
1	0	0	0	0	512	
2	0	0	0	0	513	
3	0	0	0	0	512	
4	0	0	0	0	513	
5	0	0	0	0	516	
6	0	0	0	0	518	
7	0	0	0	0	517	
8	0	0	0	0	516	
9	0	0	0	0	515	
10	0	0	0	0	512	
11	0	0	0	0	512	
12	0	0	0	0	515	
13	0	0	0	0	519	
14	0	0	0	0	520	
15	0	0	0	0	520	
0	0	0	0	0	519	
1	0	0	0	0	518	
2	0	0	0	0	518	
3	0	0	0	0	519	
4	0	0	0	0	519	
5	0	0	0	0	518	
6	0	0	0	0	517	
7	0	0	0	0	515	
8	0	0	0	0	514	
9	0	0	0	0	514	
10	0	0	0	0	517	
11	0	0	0	0	521	
12	0	0	0	0	524	
13	0	0	0	0	525	
14	0	0	0	0	524	
15	0	0	0	0	524	
0	0	0	0	0	524	
1	0	0	0	0	524	
2	0	0	0	0	525	
3	0	0	0	0	525	
4	0	0	0	0	526	
5	0	0	0	0	525	
6	0	0	0	0	524	
7	0	0	0	0	523	
8	0	0	0	0	525	
9	0	0	0	0	526	
10	0	0	0	0	524	
11	0	0	0	0	525	
12	0	0	0	0	526	
13	0	0	0	0	525	
14	0	0	0	0	525	
15	0	0	0	0	524	
0	0	0	0	0	524	
1	0	0	0	0	526	
2	0	0	0	0	528	
3	0	0	0	0	531	
4	0	0	0	0	531	
5	0	0	0	0	531	
6	0	0	0	0	533	
7	0	0	0	0	534	
8	0	0	0	0	534	
9	0	0	0	0	534	
10	0	0	0	0	532	
11	0	0	0	0	534	
12	0	0	0	0	536	
13	0	0	0	0	535	
14	0	0	0	0	535	
15	0	0	0	0	536	
0	0	0	0	0	536	
1	0	0	0	0	538	
2	0	0	0	0	539	
3	0	0	0	0	536	
4	0	0	0	0	536	
5	0	0	0	0	535	
6	0	0	0	0	534	
7	0	0	0	0	533	
8	0	0	0	0	533	
9	0	0	0	0	532	
10	0	0	0	0	534	
11	0	0	0	0	535	
12	0	0	0	0	536	
13	0	0	0	0	537	
14	0	0	0	0	538	
15	0	0	0	0	538	
0	0	0	0	0	537	
1	0	0	0	0	540	
2	0	0	0	0	540	
3	0	0	0	0	537	
4	0	0	0	0	537	
5	0	0	0	0	537	
6	0	0	0	0	535	
7	0	0	0	0	532	
8	0	0	0	0	532	
9	0	0	0	0	532	
10	0	0	0	0	531	
11	0	0	0	0	531	
12	0	0	0	0	533	
13	0	0	0	0	532	
14	0	0	0	0	530	
15	0	0	0	0	526	
0	0	0	0	0	524	
1	0	0	0	0	523	
2	0	0	0	0	521	
3	0	0	0	0	522	
4	0	0	0	0	522	
5	0	0	0	0	520	
6	0	0	0	0	518	
7	0	0	0	0	519	
8	0	0	0	0	517	
9	0	0	0	0	513	
10	0	0	0	0	514	
11	0	0	0	0	513	
12	0	0	0	0	510	
13	0	0	0	0	504	
14	0	0	0	0	502	
15	0	0	0	0	503	
0	0	0	0	0	502	
1	0	0	0	0	503	
2	0	0	0	0	500	
3	0	0	0	0	501	
4	0	0	0	0	500	
5	0	0	0	0	496	
6	0	0	0	0	493	
7	0	0	0	0	492	
8	0	0	0	0	492	
9	0	0	0	0	493	
10	0	0	0	0	489	
11	0	0	0	0	485	
12	0	0	0	0	485	
13	0	0	0	0	487	
14	0	0	0	0	487	
15	0	0	0	0	485	
0	0	0	0	0	486	
1	0	0	0	0	489	
2	0	0	0	0	489	
3	0	0	0	0	487	
4	0	0	0	0	487	
5	0	0	0	0	486	
6	0	0	0	0	486	
7	0	0	0	0	483	
8	0	0	0	0	482	
9	0	0	0	0	482	
10	0	0	0	0	482	
11	0	0	0	0	480	
12	0	0	0	0	479	
13	0	0	0	0	479	
14	0	0	0	0	479	
15	0	0	0	0	476	
0	0	0	0	0	473	
1	0	0	0	0	473	
2	0	0	0	0	476	
3	0	0	0	0	478	
4	0	0	0	0	478	
5	0	0	0	0	475	
6	0	0	0	0	472	
7	0	0	0	0	470	
8	0	0	0	0	472	
9	0	0	0	0	475	
10	0	0	0	0	476	
11	0	0	0	0	476	
12	0	0	0	0	476	
13	0	0	0	0	476	
14	0	0	0	0	476	
15	0	0	0	0	476	
0	0	0	0	0	475	
1	0	0	0	0	476	
2	0	0	0	0	477	
3	0	0	0	0	478	
4	0	0	0	0	476	
5	0	0	0	0	476	
6	0	0	0	0	478	
7	0	0	0	0	476	
8	0	0	0	0	475	
9	0	0	0	0	473	
10	0	0	0	0	474	
11	0	0	0	0	476	
12	0	0	0	0	477	
13	0	0	0	0	479	
14	0	0	0	0	480	
15	0	0	0	0	481	
0	0	0	0	0	480	
1	0	0	0	0	480	
2	0	0	0	0	480	
3	0	0	0	0	481	
4	0	0	0	0	481	
5	0	0	0	0	479	
6	0	0	0	0	478	
7	0	0	0	0	476	
8	0	0	0	0	478	
9	0	0	0	0	480	
10	0	0	0	0	481	
11	0	0	0	0	481	
12	0	0	0	0	482	
13	0	0	0	0	479	
14	0	0	0	0	477	
15	0	0	0	0	478	
0	0	0	0	0	479	
1	0	0	0	0	480	
2	0	0	0	0	484	
3	0	0	0	0	487	
4	0	0	0	0	488	
5	0	0	0	0	489	
6	0	0	0	0	488	
7	0	0	0	0	487	
8	0	0	0	0	487	
9	0	0	0	0	487	
10	0	0	0	0	488	
11	0	0	0	0	487	
12	0	0	0	0	487	
13	0	0	0	0	489	
14	0	0	0	0	491	
15	0	0	0	0	492	
0	0	0	0	0	494	
1	0	0	0	0	494	
2	0	0	0	0	493	
3	0	0	0	0	489	
4	0	0	0	0	488	
5	0	0	0	0	491	
6	0	0	0	0	494	
7	0	0	0	0	498	
8	0	0	0	0	497	
9	0	0	0	0	493	
10	0	0	0	0	491	
11	0	0	0	0	489	
12	0	0	0	0	488	
13	0	0	0	0	492	
14	0	0	0	0	494	
15	0	0	0	0	495	
0	0	0	0	0	494	
1	0	0	0	0	494	
2	0	0	0	0	494	
3	0	0	0	0	494	
4	0	0	0	0	492	
5	0	0	0	0	492	
6	0	0	0	0	493	
7	0	0	0	0	493	
8	0	0	0	0	494	
9	0	0	0	0	490	
10	0	0	0	0	488	
11	0	0	0	0	491	
12	0	0	0	0	493	
13	0	0	0	0	493	
14	0	0	0	0	493	
15	0	0	0	0	495	
0	0	0	0	0	499	
1	0	0	0	0	499	
2	0	0	0	0	500	
3	0	0	0	0	500	
4	0	0	0	0	500	
5	0	0	0	0	500	
6	0	0	0	0	501	
7	0	0	0	0	502	
8	0	0	0	0	503	
9	0	0	0	0	503	
10	0	0	0	0	504	
11	0	0	0	0	504	
12	0	0	0	0	503	
13	0	0	0	0	503	
14	0	0	0	0	504	
15	0	0	0	0	502	
0	0	0	0	0	500	
1	0	0	0	0	499	
2	0	0	0	0	498	
3	0	0	0	0	497	
4	0	0	0	0	497	
5	0	0	0	0	497	
6	0	0	0	0	497	
7	0	0	0	0	498	
8	0	0	0	0	501	
9	0	0	0	0	503	
10	0	0	0	0	502	
11	0	0	0	0	502	
12	0	0	0	0	503	
13	0	0	0	0	501	
14	0	0	0	0	501	
15	0	0	0	0	496	
0	0	0	0	0	494	
1	0	0	0	0	495	
2	0	0	0	0	498	
3	0	0	0	0	499	
4	0	0	0	0	500	
5	0	0	0	0	504	
6	0	0	0	0	504	
7	0	0	0	0	500	
8	0	0	0	0	498	
9	0	0	0	0	500	
10	0	0	0	0	501	
11	0	0	0	0	500	
12	0	0	0	0	501	
13	0	0	0	0	503	
14	0	0	0	0	507	
15	0	0	0	0	508	
0	0	0	0	0	505	
1	0	0	0	0	505	
2	0	0	0	0	503	
3	0	0	0	0	502	
4	0	0	0	0	502	
5	0	0	0	0	504	
6	0	0	0	0	502	
7	0	0	0	0	505	
8	0	0	0	0	506	
9	0	0	0	0	504	
10	0	0	0	0	504	
11	0	0	0	0	502	
12	0	0	0	0	499	
13	0	0	0	0	500	
14	0	0	0	0	503	
15	0	0	0	0	505	
0	0	0	0	0	505	
1	0	0	0	0	504	
2	0	0	0	0	504	
3	0	0	0	0	503	
4	0	0	0	0	504	
5	0	0	0	0	506	
6	0	0	0	0	505	
7	0	0	0	0	506	
8	0	0	0	0	505	
9	0	0	0	0	504	
10	0	0	0	0	502	
11	0	0	0	0	504	
12	0	0	0	0	508	
13	0	0	0	0	508	
14	0	0	0	0	508	
15	0	0	0	0	508	
0	0	0	0	0	507	
1	0	0	0	0	506	
2	0	0	0	0	505	
3	0	0	0	0	504	
4	0	0	0	0	501	
5	0	0	0	0	500	
6	0	0	0	0	502	
7	0	0	0	0	504	
8	0	0	0	0	507	
9	0	0	0	0	510	
10	0	0	0	0	509	
11	0	0	0	0	505	
12	0	0	0	0	503	
13	0	0	0	0	503	
14	0	0	0	0	506	
15	0	0	0	0	507	
0	0	0	0	0	506	
1	0	0	0	0	504	
2	0	0	0	0	503	
3	0	0	0	0	504	
4	0	0	0	0	507	
5	0	0	0	0	506	
6	0	0	0	0	500	
7	0	0	0	0	500	
8	0	0	0	0	503	
9	0	0	0	0	507	
10	0	0	0	0	508	
11	0	0	0	0	507	
12	0	0	0	0	508	
13	0	0	0	0	510	
14	0	0	0	0	508	
15	0	0	0	0	504	
0	0	0	0	0	502	
1	0	0	0	0	504	
2	0	0	0	0	506	
3	0	0	0	0	507	
4	0	0	0	0	506	
5	0	0	0	0	504	
6	0	0	0	0	506	
7	0	0	0	0	510	
8	0	0	0	0	511	
9	0	0	0	0	509	
10	0	0	0	0	508	
11	0	0	0	0	510	
12	0	0	0	0	509	
13	0	0	0	0	509	
14	0	0	0	0	509	
15	0	0	0	0	508	
0	0	0	0	0	509	
1	0	0	0	0	508	
2	0	0	0	0	508	
3	0	0	0	0	509	
4	0	0	0	0	510	
5	0	0	0	0	510	
6	0	0	0	0	509	
7	0	0	0	0	511	
8	0	0	0	0	512	
9	0	0	0	0	511	
10	0	0	0	0	511	
11	0	0	0	0	510	
12	0	0	0	0	506	
13	0	0	0	0	505	
14	0	0	0	0	506	
15	0	0	0	0	507	
0	0	0	0	0	507	
1	0	0	0	0	508	
2	0	0	0	0	511	
3	0	0	0	0	511	
4	0	0	0	0	511	
5	0	0	0	0	511	
6	0	0	0	0	511	
7	0	0	0	0	509	
8	0	0	0	0	509	
9	0	0	0	0	510	
10	0	0	0	0	512	
11	0	0	0	0	512	
12	0	0	0	0	511	
13	0	0	0	0	510	
14	0	0	0	0	510	
15	0	0	0	0	508	
0	0	0	0	0	508	
1	0	0	0	0	512	
2	0	0	0	0	512	
3	0	0	0	0	511	
4	0	0	0	0	507	
5	0	0	0	0	504	
6	0	0	0	0	504	
7	0	0	0	0	507	
8	0	0	0	0	510	
9	0	0	0	0	511	
10	0	0	0	0	509	
11	0	0	0	0	508	
12	0	0	0	0	510	
13	0	0	0	0	512	
14	0	0	0	0	511	
15	0	0	0	0	510	
0	0	0	0	0	512	
1	0	0	0	0	513	
2	0	0	0	0	512	
3	0	0	0	0	511	
4	0	0	0	0	510	
5	0	0	0	0	509	
6	0	0	0	0	509	
7	0	0	0	0	508	
8	0	0	0	0	508	
9	0	0	0	0	511	
10	0	0	0	0	511	
11	0	0	0	0	511	
12	0	0	0	0	511	
13	0	0	0	0	511	
14	0	0	0	0	511	
15	0	0	0	0	510	
0	0	0	0	0	510	
1	0	0	0	0	511	
2	0	0	0	0	511	
3	0	0	0	0	512	
4	0	0	0	0	512	
5	0	0	0	0	510	
6	0	0	0	0	508	
7	0	0	0	0	508	
8	0	0	0	0	510	
9	0	0	0	0	512	
10	0	0	0	0	512	
11	0	0	0	0	510	
12	0	0	0	0	509	
13	0	0	0	0	511	
14	0	0	0	0	511	
15	0	0	0	0	510	
0	0	0	0	0	511	
1	0	0	0	0	512	
2	0	0	0	0	511	
3	0	0	0	0	510	
4	0	0	0	0	510	
5	0	0	0	0	508	
6	0	0	0	0	508	
7	0	0	0	0	512	
8	0	0	0	0	514	
9	0	0	0	0	513	
10	0	0	0	0	512	
11	0	0	0	0	511	
12	0	0	0	0	509	
13	0	0	0	0	507	
14	0	0	0	0	511	
15	0	0	0	0	511	
0	0	0	0	0	507	
1	0	0	0	0	505	
2	0	0	0	0	506	
3	0	0	0	0	505	
4	0	0	0	0	510	
5	0	0	0	0	515	
6	0	0	0	0	518	
7	0	0	0	0	518	
8	0	0	0	0	515	
9	0	0	0	0	513	
10	0	0	0	0	514	
11	0	0	0	0	513	
12	0	0	0	0	512	
13	0	0	0	0	513	
14	0	0	0	0	515	
15	0	0	0	0	513	
0	0	0	0	0	511	
1	0	0	0	0	513	
2	0	0	0	0	517	
3	0	0	0	0	518	
4	0	0	0	0	515	
5	0	0	0	0	515	
6	0	0	0	0	514	
7	0	0	0	0	514	
8	0	0	0	0	515	
9	0	0	0	0	512	
10	0	0	0	0	511	
11	0	0	0	0	512	
12	0	0	0	0	510	
13	0	0	0	0	508	
14	0	0	0	0	508	
15	0	0	0	0	507	
0	0	0	0	0	506	
1	0	0	0	0	510	
2	0	0	0	0	512	
3	0	0	0	0	512	
4	0	0	0	0	511	
5	0	0	0	0	509	
6	0	0	0	0	512	
7	0	0	0	0	513	
8	0	0	0	0	511	
9	0	0	0	0	511	
10	0	0	0	0	512	
11	0	0	0	0	512	
12	0	0	0	0	511	
13	0	0	0	0	511	
14	0	0	0	0	511	
15	0	0	0	0	509	
0	0	0	0	0	509	
1	0	0	0	0	511	
2	0	0	0	0	512	
3	0	0	0	0	510	
4	0	0	0	0	508	
5	0	0	0	0	508	
6	0	0	0	0	510	
7	0	0	0	0	513	
8	0	0	0	0	515	
9	0	0	0	0	515	
10	0	0	0	0	515	
11	0	0	0	0	513	
12	0	0	0	0	511	
13	0	0	0	0	511	
14	0	0	0	0	510	
15	0	0	0	0	511	
0	0	0	0	0	512	
1	0	0	0	0	512	
2	0	0	0	0	512	
3	0	0	0	0	512	
4	0	0	0	0	513	
5	0	0	0	0	511	
6	0	0	0	0	510	
7	0	0	0	0	509	
8	0	0	0	0	508	
9	0	0	0	0	508	
10	0	0	0	0	511	
11	0	0	0	0	510	
12	0	0	0	0	507	
13	0	0	0	0	505	
14	0	0	0	0	505	
15	0	0	0	0	507	
0	0	0	0	0	508	
1	0	0	0	0	509	
2	0	0	0	0	510	
3	0	0	0	0	512	
4	0	0	0	0	512	
5	0	0	0	0	511	
6	0	0	0	0	511	
7	0	0	0	0	509	
8	0	0	0	0	510	
9	0	0	0	0	511	
10	0	0	0	0	508	
11	0	0	0	0	508	
12	0	0	0	0	508	
13	0	0	0	0	510	
14	0	0	0	0	510	
15	0	0	0	0	511	
0	0	0	0	0	512	
1	0	0	0	0	515	
2	0	0	0	0	515	
3	0	0	0	0	516	
4	0	0	0	0	515	
5	0	0	0	0	515	
6	0	0	0	0	514	
7	0	0	0	0	513	
8	0	0	0	0	512	
9	0	0	0	0	510	
10	0	0	0	0	510	
11	0	0	0	0	511	
12	0	0	0	0	513	
13	0	0	0	0	515	
14	0	0	0	0	516	
15	0	0	0	0	516	
0	0	0	0	0	517	
1	0	0	0	0	513	
2	0	0	0	0	510	
3	0	0	0	0	510	
4	0	0	0	0	513	
5	0	0	0	0	514	
6	0	0	0	0	515	
7	0	0	0	0	517	
8	0	0	0	0	517	
9	0	0	0	0	516	
10	0	0	0	0	516	
11	0	0	0	0	515	
12	0	0	0	0	513	
13	0	0	0	0	513	
14	0	0	0	0	515	
15	0	0	0	0	515	
0	0	0	0	0	514	
1	0	0	0	0	512	
2	0	0	0	0	509	
3	0	0	0	0	508	
4	0	0	0	0	509	
5	0	0	0	0	510	
6	0	0	0	0	510	
7	0	0	0	0	508	
8	0	0	0	0	506	
9	0	0	0	0	507	
10	0	0	0	0	510	
11	0	0	0	0	510	
12	0	0	0	0	510	
13	0	0	0	0	510	
14	0	0	0	0	513	
15	0	0	0	0	513	
0	0	0	0	0	513	
1	0	0	0	0	515	
2	0	0	0	0	516	
3	0	0	0	0	516	
4	0	0	0	0	513	
5	0	0	0	0	511	
6	0	0	0	0	512	
7	0	0	0	0	513	
8	0	0	0	0	512	
9	0	0	0	0	512	
10	0	0	0	0	512	
11	0	0	0	0	512	
12	0	0	0	0	513	
13	0	0	0	0	513	
14	0	0	0	0	513	
15	0	0	0	0	514	
0	0	0	0	0	515	
1	0	0	0	0	515	
2	0	0	0	0	515	
3	0	0	0	0	513	
4	0	0	0	0	512	
5	0	0	0	0	510	
6	0	0	0	0	510	
7	0	0	0	0	509	
8	0	0	0	0	512	
9	0	0	0	0	512	
10	0	0	0	0	510	
11	0	0	0	0	508	
12	0	0	0	0	507	
13	0	0	0	0	509	
14	0	0	0	0	510	
15	0	0	0	0	511	
0	0	0	0	0	512	
1	0	0	0	0	512	
2	0	0	0	0	513	
3	0	0	0	0	511	
4	0	0	0	0	510	
5	0	0	0	0	510	
6	0	0	0	0	512	
7	0	0	0	0	511	
8	0	0	0	0	511	
9	0	0	0	0	513	
10	0	0	0	0	514	
11	0	0	0	0	512	
12	0	0	0	0	510	
13	0	0	0	0	511	
14	0	0	0	0	513	
15	0	0	0	0	515	
0	0	0	0	0	515	
1	0	0	0	0	512	
2	0	0	0	0	512	
3	0	0	0	0	515	
4	0	0	0	0	516	
5	0	0	0	0	515	
6	0	0	0	0	514	
7	0	0	0	0	516	
8	0	0	0	0	517	
9	0	0	0	0	517	
10	0	0	0	0	518	
11	0	0	0	0	517	
12	0	0	0	0	516	
13	0	0	0	0	515	
14	0	0	0	0	516	
15	0	0	0	0	517	
0	0	0	0	0	515	
1	0	0	0	0	511	
2	0	0	0	0	511	
3	0	0	0	0	511	
4	0	0	0	0	511	
5	0	0	0	0	511	
6	0	0	0	0	512	
7	0	0	0	0	511	
8	0	0	0	0	512	
9	0	0	0	0	515	
10	0	0	0	0	517	
11	0	0	0	0	519	
12	0	0	0	0	520	
13	0	0	0	0	521	
14	0	0	0	0	518	
15	0	0	0	0	515	
0	0	0	0	0	515	
1	0	0	0	0	516	
2	0	0	0	0	519	
3	0	0	0	0	521	
4	0	0	0	0	521	
5	0	0	0	0	520	
6	0	0	0	0	522	
7	0	0	0	0	523	
8	0	0	0	0	524	
9	0	0	0	0	523	
10	0	0	0	0	521	
11	0	0	0	0	519	
12	0	0	0	0	518	
13	0	0	0	0	519	
14	0	0	0	0	523	
15	0	0	0	0	526	
0	0	0	0	0	526	
1	0	0	0	0	525	
2	0	0	0	0	524	
3	0	0	0	0	523	
4	0	0	0	0	522	
5	0	0	0	0	520	
6	0	0	0	0	516	
7	0	0	0	0	515	
8	0	0	0	0	516	
9	0	0	0	0	516	
10	0	0	0	0	519	
11	0	0	0	0	519	
12	0	0	0	0	519	
13	0	0	0	0	519	
14	0	0	0	0	521	
15	0	0	0	0	518	
0	0	0	0	0	518	
1	0	0	0	0	518	
2	0	0	0	0	516	
3	0	0	0	0	515	
4	0	0	0	0	514	
5	0	0	0	0	515	
6	0	0	0	0	515	
7	0	0	0	0	514	
8	0	0	0	0	517	
9	0	0	0	0	518	
10	0	0	0	0	519	
11	0	0	0	0	520	
12	0	0	0	0	519	
13	0	0	0	0	519	
14	0	0	0	0	517	
15	0	0	0	0	515	
0	0	0	0	0	515	
1	0	0	0	0	513	
2	0	0	0	0	512	
3	0	0	0	0	509	
4	0	0	0	0	507	
5	0	0	0	0	508	
6	0	0	0	0	508	
7	0	0	0	0	511	
8	0	0	0	0	512	
9	0	0	0	0	512	
10	0	0	0	0	511	
11	0	0	0	0	509	
12	0	0	0	0	507	
13	0	0	0	0	506	
14	0	0	0	0	508	
15	0	0	0	0	508	
0	0	0	0	0	504	
1	0	0	0	0	504	
2	0	0	0	0	507	
3	0	0	0	0	507	
4	0	0	0	0	506	
5	0	0	0	0	506	
6	0	0	0	0	508	
7	0	0	0	0	508	
8	0	0	0	0	509	
9	0	0	0	0	509	
10	0	0	0	0	509	
11	0	0	0	0	509	
12	0	0	0	0	511	
13	0	0	0	0	511	
14	0	0	0	0	508	
15	0	0	0	0	507	
0	0	0	0	0	506	
1	0	0	0	0	505	
2	0	0	0	0	504	
3	0	0	0	0	505	
4	0	0	0	0	506	
5	0	0	0	0	504	
6	0	0	0	0	501	
7	0	0	0	0	502	
8	0	0	0	0	505	
9	0	0	0	0	507	
10	0	0	0	0	506	
11	0	0	0	0	506	
12	0	0	0	0	506	
13	0	0	0	0	508	
14	0	0	0	0	507	
15	0	0	0	0	504	
0	0	0	0	0	502	
1	0	0	0	0	500	
2	0	0	0	0	500	
3	0	0	0	0	499	
4	0	0	0	0	498	
5	0	0	0	0	497	
6	0	0	0	0	495	
7	0	0	0	0	492	
8	0	0	0	0	490	
9	0	0	0	0	487	
10	0	0	0	0	485	
11	0	0	0	0	485	
12	0	0	0	0	484	
13	0	0	0	0	484	
14	0	0	0	0	485	
15	0	0	0	0	484	
0	0	0	0	0	485	
1	0	0	0	0	487	
2	0	0	0	0	487	
3	0	0	0	0	486	
4	0	0	0	0	487	
5	0	0	0	0	492	
6	0	0	0	0	498	
7	0	0	0	0	502	
8	0	0	0	0	507	
9	0	0	0	0	514	
10	0	0	0	0	522	
11	0	0	0	0	530	
12	0	0	0	0	539	
13	0	0	0	0	547	
14	0	0	0	0	556	
15	0	0	0	0	565	
0	0	0	0	0	576	
1	0	0	0	0	587	
2	0	0	0	0	600	
3	0	0	0	0	612	
4	0	0	0	0	623	
5	0	0	0	0	635	
6	0	0	0	0	647	
7	0	0	0	0	661	
8	0	0	0	0	675	
9	0	0	0	0	687	
10	0	0	0	0	695	
11	0	0	0	0	699	
12	0	0	0	0	700	
13	0	0	0	0	697	
14	0	0	0	0	691	
15	0	0	0	0	681	
0	0	0	0	0	668	
1	0	0	0	0	652	
2	0	0	0	0	641	
3	0	0	0	0	629	
4	0	0	0	0	616	
5	0	0	0	0	598	
6	0	0	0	0	575	
7	0	0	0	0	555	
8	0	0	0	0	542	
9	0	0	0	0	528	
10	0	0	0	0	515	
11	0	0	0	0	503	
12	0	0	0	0	491	
13	0	0	0	0	481	
14	0	0	0	0	473	
15	0	0	0	0	468	
0	0	0	0	0	464	
1	0	0	0	0	463	
2	0	0	0	0	462	
3	0	0	0	0	463	
4	0	0	0	0	463	
5	0	0	0	0	463	
6	0	0	0	0	464	
7	0	0	0	0	463	
8	0	0	0	0	462	
9	0	0	0	0	464	
10	0	0	0	0	468	
11	0	0	0	0	476	
12	0	0	0	0	481	
13	0	0	0	0	482	
14	0	0	0	0	485	
15	0	0	0	0	485	
0	0	0	0	0	484	
1	0	0	0	0	485	
2	0	0	0	0	487	
3	0	0	0	0	486	
4	0	0	0	0	482	
5	0	0	0	0	483	
6	0	0	0	0	486	
7	0	0	0	0	487	
8	0	0	0	0	485	
9	0	0	0	0	485	
10	0	0	0	0	485	
11	0	0	0	0	484	
12	0	0	0	0	486	
13	0	0	0	0	487	
14	0	0	0	0	489	
15	0	0	0	0	489	
0	0	0	0	0	489	
1	0	0	0	0	488	
2	0	0	0	0	486	
3	0	0	0	0	486	
4	0	0	0	0	486	
5	0	0	0	0	483	
6	0	0	0	0	482	
7	0	0	0	0	480	
8	0	0	0	0	477	
9	0	0	0	0	477	
10	0	0	0	0	482	
11	0	0	0	0	487	
12	0	0	0	0	490	
13	0	0	0	0	491	
14	0	0	0	0	491	
15	0	0	0	0	489	
0	0	0	0	0	489	
1	0	0	0	0	487	
2	0	0	0	0	489	
3	0	0	0	0	491	
4	0	0	0	0	492	
5	0	0	0	0	492	
6	0	0	0	0	493	
7	0	0	0	0	495	
8	0	0	0	0	493	
9	0	0	0	0	492	
10	0	0	0	0	493	
11	0	0	0	0	491	
12	0	0	0	0	490	
13	0	0	0	0	491	
14	0	0	0	0	492	
15	0	0	0	0	495	
0	0	0	0	0	496	
1	0	0	0	0	495	
2	0	0	0	0	493	
3	0	0	0	0	494	
4	0	0	0	0	495	
5	0	0	0	0	496	
6	0	0	0	0	496	
7	0	0	0	0	495	
8	0	0	0	0	496	
9	0	0	0	0	494	
10	0	0	0	0	492	
11	0	0	0	0	495	
12	0	0	0	0	500	
13	0	0	0	0	501	
14	0	0	0	0	500	
15	0	0	0	0	498	
0	0	0	0	0	498	
1	0	0	0	0	500	
2	0	0	0	0	501	
3	0	0	0	0	502	
4	0	0	0	0	500	
5	0	0	0	0	499	
6	0	0	0	0	499	
7	0	0	0	0	502	
8	0	0	0	0	504	
9	0	0	0	0	503	
10	0	0	0	0	502	
11	0	0	0	0	501	
12	0	0	0	0	501	
13	0	0	0	0	503	
14	0	0	0	0	505	
15	0	0	0	0	505	
0	0	0	0	0	505	
1	0	0	0	0	507	
2	0	0	0	0	507	
3	0	0	0	0	504	
4	0	0	0	0	502	
5	0	0	0	0	502	
6	0	0	0	0	502	
7	0	0	0	0	503	
8	0	0	0	0	503	
9	0	0	0	0	504	
10	0	0	0	0	503	
11	0	0	0	0	501	
12	0	0	0	0	503	
13	0	0	0	0	503	
14	0	0	0	0	503	
15	0	0	0	0	503	
0	0	0	0	0	500	
1	0	0	0	0	498	
2	0	0	0	0	499	
3	0	0	0	0	504	
4	0	0	0	0	505	
5	0	0	0	0	507	
6	0	0	0	0	507	
7	0	0	0	0	504	
8	0	0	0	0	506	
9	0	0	0	0	508	
10	0	0	0	0	507	
11	0	0	0	0	505	
12	0	0	0	0	504	
13	0	0	0	0	507	
14	0	0	0	0	511	
15	0	0	0	0	511	
0	0	0	0	0	510	
1	0	0	0	0	510	
2	0	0	0	0	507	
3	0	0	0	0	507	
4	0	0	0	0	508	
5	0	0	0	0	511	
6	0	0	0	0	513	
7	0	0	0	0	512	
8	0	0	0	0	507	
9	0	0	0	0	506	
10	0	0	0	0	507	
11	0	0	0	0	509	
12	0	0	0	0	513	
13	0	0	0	0	516	
14	0	0	0	0	516	
15	0	0	0	0	513	
0	0	0	0	0	512	
1	0	0	0	0	513	
2	0	0	0	0	512	
3	0	0	0	0	513	
4	0	0	0	0	513	
5	0	0	0	0	513	
6	0	0	0	0	512	
7	0	0	0	0	511	
8	0	0	0	0	513	
9	0	0	0	0	517	
10	0	0	0	0	518	
11	0	0	0	0	516	
12	0	0	0	0	516	
13	0	0	0	0	517	
14	0	0	0	0	516	
15	0	0	0	0	515	
0	0	0	0	0	516	
1	0	0	0	0	519	
2	0	0	0	0	518	
3	0	0	0	0	519	
4	0	0	0	0	520	
5	0	0	0	0	521	
6	0	0	0	0	520	
7	0	0	0	0	520	
8	0	0	0	0	521	
9	0	0	0	0	523	
10	0	0	0	0	522	
11	0	0	0	0	522	
12	0	0	0	0	523	
13	0	0	0	0	524	
14	0	0	0	0	523	
15	0	0	0	0	521	
0	0	0	0	0	521	
1	0	0	0	0	522	
2	0	0	0	0	524	
3	0	0	0	0	526	
4	0	0	0	0	527	
5	0	0	0	0	525	
6	0	0	0	0	524	
7	0	0	0	0	522	
8	0	0	0	0	521	
9	0	0	0	0	522	
10	0	0	0	0	523	
11	0	0	0	0	521	
12	0	0	0	0	525	
13	0	0	0	0	529	
14	0	0	0	0	531	
15	0	0	0	0	528	
0	0	0	0	0	528	
1	0	0	0	0	529	
2	0	0	0	0	530	
3	0	0	0	0	531	
4	0	0	0	0	534	
5	0	0	0	0	534	
6	0	0	0	0	537	
7	0	0	0	0	537	
8	0	0	0	0	536	
9	0	0	0	0	535	
10	0	0	0	0	535	
11	0	0	0	0	535	
12	0	0	0	0	538	
13	0	0	0	0	539	
14	0	0	0	0	538	
15	0	0	0	0	536	
0	0	0	0	0	536	
1	0	0	0	0	535	
2	0	0	0	0	535	
3	0	0	0	0	538	
4	0	0	0	0	541	
5	0	0	0	0	541	
6	0	0	0	0	538	
7	0	0	0	0	537	
8	0	0	0	0	537	
9	0	0	0	0	537	
10	0	0	0	0	535	
11	0	0	0	0	533	
12	0	0	0	0	538	
13	0	0	0	0	546	
14	0	0	0	0	548	
15	0	0	0	0	546	
0	0	0	0	0	544	
1	0	0	0	0	541	
2	0	0	0	0	543	
3	0	0	0	0	546	
4	0	0	0	0	546	
5	0	0	0	0	543	
6	0	0	0	0	544	
7	0	0	0	0	543	
8	0	0	0	0	540	
9	0	0	0	0	540	
10	0	0	0	0	542	
11	0	0	0	0	543	
12	0	0	0	0	543	
13	0	0	0	0	541	
14	0	0	0	0	540	
15	0	0	0	0	537	
0	0	0	0	0	536	
1	0	0	0	0	537	
2	0	0	0	0	539	
3	0	0	0	0	538	
4	0	0	0	0	537	
5	0	0	0	0	536	
6	0	0	0	0	534	
7	0	0	0	0	528	
8	0	0	0	0	531	
9	0	0	0	0	531	
10	0	0	0	0	528	
11	0	0	0	0	525	
12	0	0	0	0	524	
13	0	0	0	0	524	
14	0	0	0	0	526	
15	0	0	0	0	526	
0	0	0	0	0	524	
1	0	0	0	0	523	
2	0	0	0	0	520	
3	0	0	0	0	515	
4	0	0	0	0	512	
5	0	0	0	0	511	
6	0	0	0	0	509	
7	0	0	0	0	508	
8	0	0	0	0	507	
9	0	0	0	0	507	
10	0	0	0	0	505	
11	0	0	0	0	504	
12	0	0	0	0	501	
13	0	0	0	0	500	
14	0	0	0	0	500	
15	0	0	0	0	497	
0	0	0	0	0	498	
1	0	0	0	0	498	
2	0	0	0	0	498	
3	0	0	0	0	496	
4	0	0	0	0	494	
5	0	0	0	0	492	
6	0	0	0	0	488	
7	0	0	0	0	487	
8	0	0	0	0	487	
9	0	0	0	0	485	
10	0	0	0	0	483	
11	0	0	0	0	481	
12	0	0	0	0	480	
13	0	0	0	0	478	
14	0	0	0	0	479	
15	0	0	0	0	480	
0	0	0	0	0	480	
1	0	0	0	0	482	
2	0	0	0	0	481	
3	0	0	0	0	478	
4	0	0	0	0	478	
5	0	0	0	0	480	
6	0	0	0	0	481	
7	0	0	0	0	481	
8	0	0	0	0	481	
9	0	0	0	0	481	
10	0	0	0	0	481	
11	0	0	0	0	483	
12	0	0	0	0	484	
13	0	0	0	0	485	
14	0	0	0	0	485	
15	0	0	0	0	484	
0	0	0	0	0	483	
1	0	0	0	0	483	
2	0	0	0	0	481	
3	0	0	0	0	481	
4	0	0	0	0	480	
5	0	0	0	0	478	
6	0	0	0	0	478	
7	0	0	0	0	477	
8	0	0	0	0	477	
9	0	0	0	0	480	
10	0	0	0	0	482	
11	0	0	0	0	483	
12	0	0	0	0	484	
13	0	0	0	0	486	
14	0	0	0	0	489	
15	0	0	0	0	487	
0	0	0	0	0	487	
1	0	0	0	0	487	
2	0	0	0	0	487	
3	0	0	0	0	490	
4	0	0	0	0	491	
5	0	0	0	0	490	
6	0	0	0	0	488	
7	0	0	0	0	487	
8	0	0	0	0	489	
9	0	0	0	0	489	
10	0	0	0	0	491	
11	0	0	0	0	490	
12	0	0	0	0	491	
13	0	0	0	0	492	
14	0	0	0	0	494	
15	0	0	0	0	493	
0	0	0	0	0	494	
1	0	0	0	0	494	
2	0	0	0	0	495	
3	0	0	0	0	495	
4	0	0	0	0	491	
5	0	0	0	0	489	
6	0	0	0	0	488	
7	0	0	0	0	489	
8	0	0	0	0	490	
9	0	0	0	0	492	
10	0	0	0	0	493	
11	0	0	0	0	492	
12	0	0	0	0	491	
13	0	0	0	0	493	
14	0	0	0	0	496	
15	0	0	0	0	499	
0	0	0	0	0	500	
1	0	0	0	0	500	
2	0	0	0	0	501	
3	0	0	0	0	501	
4	0	0	0	0	500	
5	0	0	0	0	500	
6	0	0	0	0	499	
7	0	0	0	0	499	
8	0	0	0	0	502	
9	0	0	0	0	502	
10	0	0	0	0	504	
11	0	0	0	0	505	
12	0	0	0	0	505	
13	0	0	0	0	504	
14	0	0	0	0	503	
15	0	0	0	0	500	
0	0	0	0	0	499	
1	0	0	0	0	499	
2	0	0	0	0	502	
3	0	0	0	0	504	
4	0	0	0	0	504	
5	0	0	0	0	504	
6	0	0	0	0	503	
7	0	0	0	0	501	
8	0	0	0	0	502	
9	0	0	0	0	503	
10	0	0	0	0	501	
11	0	0	0	0	498	
12	0	0	0	0	498	
13	0	0	0	0	499	
14	0	0	0	0	499	
15	0	0	0	0	497	
0	0	0	0	0	495	
1	0	0	0	0	500	
2	0	0	0	0	504	
3	0	0	0	0	507	
4	0	0	0	0	507	
5	0	0	0	0	505	
6	0	0	0	0	506	
7	0	0	0	0	504	
8	0	0	0	0	504	
9	0	0	0	0	502	
10	0	0	0	0	502	
11	0	0	0	0	503	
12	0	0	0	0	505	
13	0	0	0	0	504	
14	0	0	0	0	504	
15	0	0	0	0	508	
0	0	0	0	0	510	
1	0	0	0	0	507	
2	0	0	0	0	505	
3	0	0	0	0	505	
4	0	0	0	0	506	
5	0	0	0	0	507	
6	0	0	0	0	505	
7	0	0	0	0	507	
8	0	0	0	0	508	
9	0	0	0	0	509	
10	0	0	0	0	509	
11	0	0	0	0	508	
12	0	0	0	0	505	
13	0	0	0	0	507	
14	0	0	0	0	511	
15	0	0	0	0	510	
0	0	0	0	0	509	
1	0	0	0	0	509	
2	0	0	0	0	508	
3	0	0	0	0	506	
4	0	0	0	0	507	
5	0	0	0	0	508	
6	0	0	0	0	509	
7	0	0	0	0	509	
8	0	0	0	0	508	
9	0	0	0	0	508	
10	0	0	0	0	508	
11	0	0	0	0	509	
12	0	0	0	0	511	
13	0	0	0	0	512	
14	0	0	0	0	514	
15	0	0	0	0	512	
0	0	0	0	0	511	
1	0	0	0	0	512	
2	0	0	0	0	512	
3	0	0	0	0	511	
4	0	0	0	0	509	
5	0	0	0	0	511	
6	0	0	0	0	513	
7	0	0	0	0	511	
8	0	0	0	0	510	
9	0	0	0	0	508	
10	0	0	0	0	509	
11	0	0	0	0	510	
12	0	0	0	0	510	
13	0	0	0	0	510	
14	0	0	0	0	510	
15	0	0	0	0	510	
0	0	0	0	0	509	
1	0	0	0	0	510	
2	0	0	0	0	511	
3	0	0	0	0	512	
4	0	0	0	0	512	
5	0	0	0	0	511	
6	0	0	0	0	509	
7	0	0	0	0	509	
8	0	0	0	0	509	
9	0	0	0	0	509	
10	0	0	0	0	508	
11	0	0	0	0	508	
12	0	0	0	0	511	
13	0	0	0	0	513	
14	0	0	0	0	514	
15	0	0	0	0	514	
0	0	0	0	0	514	
1	0	0	0	0	513	
2	0	0	0	0	512	
3	0	0	0	0	512	
4	0	0	0	0	512	
5	0	0	0	0	508	
6	0	0	0	0	503	
7	0	0	0	0	505	
8	0	0	0	0	511	
9	0	0	0	0	512	
10	0	0	0	0	513	
11	0	0	0	0	516	
12	0	0	0	0	517	
13	0	0	0	0	516	
14	0	0	0	0	515	
15	0	0	0	0	514	
0	0	0	0	0	513	
1	0	0	0	0	511	
2	0	0	0	0	511	
3	0	0	0	0	512	
4	0	0	0	0	512	
5	0	0	0	0	510	
6	0	0	0	0	507	
7	0	0	0	0	505	
8	0	0	0	0	511	
9	0	0	0	0	516	
10	0	0	0	0	516	
11	0	0	0	0	516	
12	0	0	0	0	515	
13	0	0	0	0	513	
14	0	0	0	0	511	
15	0	0	0	0	508	
0	0	0	0	0	508	
1	0	0	0	0	511	
2	0	0	0	0	513	
3	0	0	0	0	512	
4	0	0	0	0	512	
5	0	0	0	0	515	
6	0	0	0	0	516	
7	0	0	0	0	514	
8	0	0	0	0	512	
9	0	0	0	0	512	
10	0	0	0	0	512	
11	0	0	0	0	513	
12	0	0	0	0	514	
13	0	0	0	0	515	
14	0	0	0	0	515	
15	0	0	0	0	515	
0	0	0	0	0	515	
1	0	0	0	0	516	
2	0	0	0	0	514	
3	0	0	0	0	512	
4	0	0	0	0	512	
5	0	0	0	0	512	
6	0	0	0	0	512	
7	0	0	0	0	512	
8	0	0	0	0	514	
9	0	0	0	0	515	
10	0	0	0	0	516	
11	0	0	0	0	519	
12	0	0	0	0	518	
13	0	0	0	0	516	
14	0	0	0	0	516	
15	0	0	0	0	515	
0	0	0	0	0	515	
1	0	0	0	0	511	
2	0	0	0	0	512	
3	0	0	0	0	512	
4	0	0	0	0	512	
5	0	0	0	0	512	
6	0	0	0	0	512	
7	0	0	0	0	511	
8	0	0	0	0	512	
9	0	0	0	0	513	
10	0	0	0	0	514	
11	0	0	0	0	515	
12	0	0	0	0	515	
13	0	0	0	0	516	
14	0	0	0	0	517	
15	0	0	0	0	517	
0	0	0	0	0	520	
1	0	0	0	0	523	
2	0	0	0	0	523	
3	0	0	0	0	520	
4	0	0	0	0	517	
5	0	0	0	0	515	
6	0	0	0	0	516	
7	0	0	0	0	519	
8	0	0	0	0	516	
9	0	0	0	0	515	
10	0	0	0	0	516	
11	0	0	0	0	515	
12	0	0	0	0	513	
13	0	0	0	0	510	
14	0	0	0	0	511	
15	0	0	0	0	513	
0	0	0	0	0	514	
1	0	0	0	0	513	
2	0	0	0	0	513	
3	0	0	0	0	512	
4	0	0	0	0	513	
5	0	0	0	0	515	
6	0	0	0	0	515	
7	0	0	0	0	518	
8	0	0	0	0	518	
9	0	0	0	0	519	
10	0	0	0	0	516	
11	0	0	0	0	516	
12	0	0	0	0	516	
13	0	0	0	0	517	
14	0	0	0	0	516	
15	0	0	0	0	515	
0	0	0	0	0	517	
1	0	0	0	0	519	
2	0	0	0	0	521	
3	0	0	0	0	523	
4	0	0	0	0	522	
5	0	0	0	0	522	
6	0	0	0	0	521	
7	0	0	0	0	518	
8	0	0	0	0	518	
9	0	0	0	0	517	
10	0	0	0	0	518	
11	0	0	0	0	517	
12	0	0	0	0	516	
13	0	0	0	0	517	
14	0	0	0	0	519	
15	0	0	0	0	518	
0	0	0	0	0	517	
1	0	0	0	0	516	
2	0	0	0	0	514	
3	0	0	0	0	517	
4	0	0	0	0	516	
5	0	0	0	0	512	
6	0	0	0	0	513	
7	0	0	0	0	518	
8	0	0	0	0	520	
9	0	0	0	0	518	
10	0	0	0	0	519	
11	0	0	0	0	522	
12	0	0	0	0	521	
13	0	0	0	0	518	
14	0	0	0	0	518	
15	0	0	0	0	518	
0	0	0	0	0	519	
1	0	0	0	0	518	
2	0	0	0	0	518	
3	0	0	0	0	521	
4	0	0	0	0	519	
5	0	0	0	0	518	
6	0	0	0	0	517	
7	0	0	0	0	517	
8	0	0	0	0	516	
9	0	0	0	0	517	
10	0	0	0	0	515	
11	0	0	0	0	515	
12	0	0	0	0	516	
13	0	0	0	0	516	
14	0	0	0	0	515	
15	0	0	0	0	515	
0	0	0	0	0	518	
1	0	0	0	0	519	
2	0	0	0	0	519	
3	0	0	0	0	520	
4	0	0	0	0	520	
5	0	0	0	0	520	
6	0	0	0	0	519	
7	0	0	0	0	518	
8	0	0	0	0	516	
9	0	0	0	0	516	
10	0	0	0	0	518	
11	0	0	0	0	519	
12	0	0	0	0	518	
13	0	0	0	0	515	
14	0	0	0	0	514	
15	0	0	0	0	513	
0	0	0	0	0	514	
1	0	0	0	0	512	
2	0	0	0	0	513	
3	0	0	0	0	517	
4	0	0	0	0	519	
5	0	0	0	0	518	
6	0	0	0	0	516	
7	0	0	0	0	517	
8	0	0	0	0	520	
9	0	0	0	0	520	
10	0	0	0	0	519	
11	0	0	0	0	516	
12	0	0	0	0	517	
13	0	0	0	0	520	
14	0	0	0	0	521	
15	0	0	0	0	520	
0	0	0	0	0	519	
1	0	0	0	0	519	
2	0	0	0	0	518	
3	0	0	0	0	514	
4	0	0	0	0	511	
5	0	0	0	0	510	
6	0	0	0	0	512	
7	0	0	0	0	515	
8	0	0	0	0	516	
9	0	0	0	0	519	
10	0	0	0	0	519	
11	0	0	0	0	520	
12	0	0	0	0	522	
13	0	0	0	0	520	
14	0	0	0	0	519	
15	0	0	0	0	519	
0	0	0	0	0	519	
1	0	0	0	0	515	
2	0	0	0	0	514	
3	0	0	0	0	516	
4	0	0	0	0	516	
5	0	0	0	0	518	
6	0	0	0	0	519	
7	0	0	0	0	518	
8	0	0	0	0	518	
9	0	0	0	0	519	
10	0	0	0	0	519	
11	0	0	0	0	519	
12	0	0	0	0	519	
13	0	0	0	0	518	
14	0	0	0	0	517	
15	0	0	0	0	516	
0	0	0	0	0	516	
1	0	0	0	0	516	
2	0	0	0	0	515	
3	0	0	0	0	514	
4	0	0	0	0	515	
5	0	0	0	0	516	
6	0	0	0	0	514	
7	0	0	0	0	512	
8	0	0	0	0	513	
9	0	0	0	0	515	
10	0	0	0	0	519	
11	0	0	0	0	521	
12	0	0	0	0	521	
13	0	0	0	0	522	
14	0	0	0	0	520	
15	0	0	0	0	517	
0	0	0	0	0	516	
1	0	0	0	0	515	
2	0	0	0	0	515	
3	0	0	0	0	514	
4	0	0	0	0	515	
5	0	0	0	0	515	
6	0	0	0	0	515	
7	0	0	0	0	515	
8	0	0	0	0	516	
9	0	0	0	0	518	
10	0	0	0	0	518	
11	0	0	0	0	517	
12	0	0	0	0	517	
13	0	0	0	0	514	
14	0	0	0	0	514	
15	0	0	0	0	513	
0	0	0	0	0	512	
1	0	0	0	0	514	
2	0	0	0	0	516	
3	0	0	0	0	518	
4	0	0	0	0	520	
5	0	0	0	0	518	
6	0	0	0	0	515	
7	0	0	0	0	514	
8	0	0	0	0	513	
9	0	0	0	0	512	
10	0	0	0	0	514	
11	0	0	0	0	515	
12	0	0	0	0	513	
13	0	0	0	0	512	
14	0	0	0	0	514	
15	0	0	0	0	517	
0	0	0	0	0	516	
1	0	0	0	0	515	
2	0	0	0	0	515	
3	0	0	0	0	514	
4	0	0	0	0	513	
5	0	0	0	0	514	
6	0	0	0	0	516	
7	0	0	0	0	518	
8	0	0	0	0	516	
9	0	0	0	0	515	
10	0	0	0	0	516	
11	0	0	0	0	519	
12	0	0	0	0	520	
13	0	0	0	0	519	
14	0	0	0	0	517	
15	0	0	0	0	516	
0	0	0	0	0	517	
1	0	0	0	0	516	
2	0	0	0	0	516	
3	0	0	0	0	519	
4	0	0	0	0	519	
5	0	0	0	0	518	
6	0	0	0	0	514	
7	0	0	0	0	511	
8	0	0	0	0	512	
9	0	0	0	0	512	
10	0	0	0	0	511	
11	0	0	0	0	513	
12	0	0	0	0	517	
13	0	0	0	0	519	
14	0	0	0	0	522	
15	0	0	0	0	521	
0	0	0	0	0	518	
1	0	0	0	0	520	
2	0	0	0	0	523	
3	0	0	0	0	524	
4	0	0	0	0	523	
5	0	0	0	0	521	
6	0	0	0	0	520	
7	0	0	0	0	519	
8	0	0	0	0	517	
9	0	0	0	0	515	
10	0	0	0	0	515	
11	0	0	0	0	515	
12	0	0	0	0	516	
13	0	0	0	0	516	
14	0	0	0	0	516	
15	0	0	0	0	515	
0	0	0	0	0	515	
1	0	0	0	0	515	
2	0	0	0	0	515	
3	0	0	0	0	515	
4	0	0	0	0	518	
5	0	0	0	0	516	
6	0	0	0	0	516	
7	0	0	0	0	518	
8	0	0	0	0	520	
9	0	0	0	0	519	
10	0	0	0	0	516	
11	0	0	0	0	513	
12	0	0	0	0	514	
13	0	0	0	0	515	
14	0	0	0	0	516	
15	0	0	0	0	515	
0	0	0	0	0	516	
1	0	0	0	0	517	
2	0	0	0	0	516	
3	0	0	0	0	516	
4	0	0	0	0	515	
5	0	0	0	0	514	
6	0	0	0	0	513	
7	0	0	0	0	513	
8	0	0	0	0	512	
9	0	0	0	0	512	
10	0	0	0	0	516	
11	0	0	0	0	519	
12	0	0	0	0	521	
13	0	0	0	0	521	
14	0	0	0	0	520	
15	0	0	0	0	519	
0	0	0	0	0	519	
1	0	0	0	0	519	
2	0	0	0	0	519	
3	0	0	0	0	519	
4	0	0	0	0	520	
5	0	0	0	0	520	
6	0	0	0	0	519	
7	0	0	0	0	518	
8	0	0	0	0	517	
9	0	0	0	0	516	
10	0	0	0	0	517	
11	0	0	0	0	519	
12	0	0	0	0	521	
13	0	0	0	0	523	
14	0	0	0	0	525	
15	0	0	0	0	524	
0	0	0	0	0	524	
1	0	0	0	0	522	
2	0	0	0	0	522	
3	0	0	0	0	522	
4	0	0	0	0	520	
5	0	0	0	0	520	
6	0	0	0	0	523	
7	0	0	0	0	524	
8	0	0	0	0	526	
9	0	0	0	0	526	
10	0	0	0	0	525	
11	0	0	0	0	527	
12	0	0	0	0	527	
13	0	0	0	0	526	
14	0	0	0	0	525	
15	0	0	0	0	525	
0	0	0	0	0	524	
1	0	0	0	0	521	
2	0	0	0	0	519	
3	0	0	0	0	516	
4	0	0	0	0	519	
5	0	0	0	0	522	
6	0	0	0	0	523	
7	0	0	0	0	525	
8	0	0	0	0	525	
9	0	0	0	0	521	
10	0	0	0	0	522	
11	0	0	0	0	521	
12	0	0	0	0	519	
13	0	0	0	0	523	
14	0	0	0	0	523	
15	0	0	0	0	522	
0	0	0	0	0	522	
1	0	0	0	0	523	
2	0	0	0	0	524	
3	0	0	0	0	525	
4	0	0	0	0	523	
5	0	0	0	0	520	
6	0	0	0	0	521	
7	0	0	0	0	522	
8	0	0	0	0	523	
9	0	0	0	0	524	
10	0	0	0	0	522	
11	0	0	0	0	522	
12	0	0	0	0	523	
13	0	0	0	0	522	
14	0	0	0	0	520	
15	0	0	0	0	519	
0	0	0	0	0	519	
1	0	0	0	0	518	
2	0	0	0	0	518	
3	0	0	0	0	518	
4	0	0	0	0	517	
5	0	0	0	0	514	
6	0	0	0	0	511	
7	0	0	0	0	512	
8	0	0	0	0	511	
9	0	0	0	0	507	
10	0	0	0	0	505	
11	0	0	0	0	506	
12	0	0	0	0	508	
13	0	0	0	0	508	
14	0	0	0	0	510	
15	0	0	0	0	509	
0	0	0	0	0	509	
1	0	0	0	0	510	
2	0	0	0	0	511	
3	0	0	0	0	510	
4	0	0	0	0	510	
5	0	0	0	0	511	
6	0	0	0	0	511	
7	0	0	0	0	509	
8	0	0	0	0	508	
9	0	0	0	0	507	
10	0	0	0	0	508	
11	0	0	0	0	508	
12	0	0	0	0	507	
13	0	0	0	0	507	
14	0	0	0	0	508	
15	0	0	0	0	507	
0	0	0	0	0	508	
1	0	0	0	0	510	
2	0	0	0	0	507	
3	0	0	0	0	506	
4	0	0	0	0	507	
5	0	0	0	0	507	
6	0	0	0	0	506	
7	0	0	0	0	506	
8	0	0	0	0	506	
9	0	0	0	0	507	
10	0	0	0	0	505	
11	0	0	0	0	505	
12	0	0	0	0	507	
13	0	0	0	0	506	
14	0	0	0	0	505	
15	0	0	0	0	507	
0	0	0	0	0	507	
1	0	0	0	0	504	
2	0	0	0	0	503	
3	0	0	0	0	503	
4	0	0	0	0	504	
5	0	0	0	0	505	
6	0	0	0	0	504	
7	0	0	0	0	500	
8	0	0	0	0	497	
9	0	0	0	0	495	
10	0	0	0	0	495	
11	0	0	0	0	494	
12	0	0	0	0	492	
13	0	0	0	0	489	
14	0	0	0	0	486	
15	0	0	0	0	481	
0	0	0	0	0	479	
1	0	0	0	0	485	
2	0	0	0	0	487	
3	0	0	0	0	486	
4	0	0	0	0	484	
5	0	0	0	0	483	
6	0	0	0	0	485	
7	0	0	0	0	490	
8	0	0	0	0	497	
9	0	0	0	0	505	
10	0	0	0	0	511	
11	0	0	0	0	517	
12	0	0	0	0	521	
13	0	0	0	0	527	
14	0	0	0	0	536	
15	0	0	0	0	544	
0	0	0	0	0	555	
1	0	0	0	0	564	
2	0	0	0	0	574	
3	0	0	0	0	584	
4	0	0	0	0	595	
5	0	0	0	0	608	
6	0	0	0	0	619	
7	0	0	0	0	630	
8	0	0	0	0	644	
9	0	0	0	0	662	
10	0	0	0	0	674	
11	0	0	0	0	683	
12	0	0	0	0	688	
13	0	0	0	0	695	
14	0	0	0	0	699	
15	0	0	0	0	698	
0	0	0	0	0	691	
1	0	0	0	0	680	
2	0	0	0	0	665	
3	0	0	0	0	654	
4	0	0	0	0	641	
5	0	0	0	0	628	
6	0	0	0	0	615	
7	0	0	0	0	599	
8	0	0	0	0	578	
9	0	0	0	0	559	
10	0	0	0	0	542	
11	0	0	0	0	529	
12	0	0	0	0	516	
13	0	0	0	0	504	
14	0	0	0	0	493	
15	0	0	0	0	484	
0	0	0	0	0	476	
1	0	0	0	0	469	
2	0	0	0	0	465	
3	0	0	0	0	462	
4	0	0	0	0	460	
5	0	0	0	0	459	
6	0	0	0	0	460	
7	0	0	0	0	460	
8	0	0	0	0	462	
9	0	0	0	0	462	
10	0	0	0	0	463	
11	0	0	0	0	466	
12	0	0	0	0	468	
13	0	0	0	0	471	
14	0	0	0	0	476	
15	0	0	0	0	481	
0	0	0	0	0	484	
1	0	0	0	0	484	
2	0	0	0	0	483	
3	0	0	0	0	483	
4	0	0	0	0	483	
5	0	0	0	0	483	
6	0	0	0	0	483	
7	0	0	0	0	482	
8	0	0	0	0	481	
9	0	0	0	0	481	
10	0	0	0	0	481	
11	0	0	0	0	483	
12	0	0	0	0	486	
13	0	0	0	0	486	
14	0	0	0	0	486	
15	0	0	0	0	486	
0	0	0	0	0	487	
1	0	0	0	0	486	
2	0	0	0	0	486	
3	0	0	0	0	486	
4	0	0	0	0	486	
5	0	0	0	0	485	
6	0	0	0	0	485	
7	0	0	0	0	485	
8	0	0	0	0	485	
9	0	0	0	0	487	
10	0	0	0	0	488	
11	0	0	0	0	490	
12	0	0	0	0	491	
13	0	0	0	0	488	
14	0	0	0	0	487	
15	0	0	0	0	488	
0	0	0	0	0	488	
1	0	0	0	0	488	
2	0	0	0	0	492	
3	0	0	0	0	493	
4	0	0	0	0	494	
5	0	0	0	0	496	
6	0	0	0	0	496	
7	0	0	0	0	494	
8	0	0	0	0	491	
9	0	0	0	0	489	
10	0	0	0	0	488	
11	0	0	0	0	488	
12	0	0	0	0	485	
13	0	0	0	0	486	
14	0	0	0	0	489	
15	0	0	0	0	492	
0	0	0	0	0	494	
1	0	0	0	0	496	
2	0	0	0	0	495	
3	0	0	0	0	494	
4	0	0	0	0	493	
5	0	0	0	0	494	
6	0	0	0	0	496	
7	0	0	0	0	497	
8	0	0	0	0	497	
9	0	0	0	0	495	
10	0	0	0	0	496	
11	0	0	0	0	498	
12	0	0	0	0	500	
13	0	0	0	0	502	
14	0	0	0	0	499	
15	0	0	0	0	494	
0	0	0	0	0	496	
1	0	0	0	0	499	
2	0	0	0	0	500	
3	0	0	0	0	502	
4	0	0	0	0	502	
5	0	0	0	0	501	
6	0	0	0	0	502	
7	0	0	0	0	505	
8	0	0	0	0	508	
9	0	0	0	0	506	
10	0	0	0	0	505	
11	0	0	0	0	505	
12	0	0	0	0	505	
13	0	0	0	0	507	
14	0	0	0	0	506	
15	0	0	0	0	506	
0	0	0	0	0	505	
1	0	0	0	0	505	
2	0	0	0	0	505	
3	0	0	0	0	505	
4	0	0	0	0	505	
5	0	0	0	0	505	
6	0	0	0	0	505	
7	0	0	0	0	505	
8	0	0	0	0	505	
9	0	0	0	0	505	
10	0	0	0	0	505	
11	0	0	0	0	507	
12	0	0	0	0	508	
13	0	0	0	0	510	
14	0	0	0	0	509	
15	0	0	0	0	509	
0	0	0	0	0	507	
1	0	0	0	0	506	
2	0	0	0	0	507	
3	0	0	0	0	508	
4	0	0	0	0	508	
5	0	0	0	0	509	
6	0	0	0	0	511	
7	0	0	0	0	511	
8	0	0	0	0	510	
9	0	0	0	0	509	
10	0	0	0	0	509	
11	0	0	0	0	511	
12	0	0	0	0	507	
13	0	0	0	0	505	
14	0	0	0	0	508	
15	0	0	0	0	512	
0	0	0	0	0	513	
1	0	0	0	0	513	
2	0	0	0	0	513	
3	0	0	0	0	512	
4	0	0	0	0	512	
5	0	0	0	0	513	
6	0	0	0	0	512	
7	0	0	0	0	512	
8	0	0	0	0	511	
9	0	0	0	0	511	
10	0	0	0	0	514	
11	0	0	0	0	516	
12	0	0	0	0	517	
13	0	0	0	0	516	
14	0	0	0	0	517	
15	0	0	0	0	518	
0	0	0	0	0	516	
1	0	0	0	0	516	
2	0	0	0	0	519	
3	0	0	0	0	520	
4	0	0	0	0	517	
5	0	0	0	0	516	
6	0	0	0	0	516	
7	0	0	0	0	515	
8	0	0	0	0	515	
9	0	0	0	0	515	
10	0	0	0	0	513	
11	0	0	0	0	513	
12	0	0	0	0	516	
13	0	0	0	0	518	
14	0	0	0	0	520	
15	0	0	0	0	522	
0	0	0	0	0	520	
1	0	0	0	0	518	
2	0	0	0	0	514	
3	0	0	0	0	512	
4	0	0	0	0	514	
5	0	0	0	0	518	
6	0	0	0	0	520	
7	0	0	0	0	520	
8	0	0	0	0	520	
9	0	0	0	0	522	
10	0	0	0	0	524	
11	0	0	0	0	524	
12	0	0	0	0	525	
13	0	0	0	0	526	
14	0	0	0	0	526	
15	0	0	0	0	527	
0	0	0	0	0	527	
1	0	0	0	0	526	
2	0	0	0	0	527	
3	0	0	0	0	528	
4	0	0	0	0	528	
5	0	0	0	0	529	
6	0	0	0	0	528	
7	0	0	0	0	528	
8	0	0	0	0	531	
9	0	0	0	0	533	
10	0	0	0	0	534	
11	0	0	0	0	534	
12	0	0	0	0	535	
13	0	0	0	0	535	
14	0	0	0	0	536	
15	0	0	0	0	537	
0	0	0	0	0	536	
1	0	0	0	0	536	
2	0	0	0	0	535	
3	0	0	0	0	534	
4	0	0	0	0	534	
5	0	0	0	0	532	
6	0	0	0	0	529	
7	0	0	0	0	528	
8	0	0	0	0	531	
9	0	0	0	0	534	
10	0	0	0	0	537	
11	0	0	0	0	536	
12	0	0	0	0	535	
13	0	0	0	0	536	
14	0	0	0	0	537	
15	0	0	0	0	541	
0	0	0	0	0	544	
1	0	0	0	0	542	
2	0	0	0	0	542	
3	0	0	0	0	542	
4	0	0	0	0	543	
5	0	0	0	0	544	
6	0	0	0	0	543	
7	0	0	0	0	543	
8	0	0	0	0	544	
9	0	0	0	0	546	
10	0	0	0	0	547	
11	0	0	0	0	544	
12	0	0	0	0	542	
13	0	0	0	0	542	
14	0	0	0	0	544	
15	0	0	0	0	546	
0	0	0	0	0	545	
1	0	0	0	0	544	
2	0	0	0	0	547	
3	0	0	0	0	548	
4	0	0	0	0	547	
5	0	0	0	0	548	
6	0	0	0	0	549	
7	0	0	0	0	549	
8	0	0	0	0	550	
9	0	0	0	0	547	
10	0	0	0	0	544	
11	0	0	0	0	543	
12	0	0	0	0	542	
13	0	0	0	0	543	
14	0	0	0	0	540	
15	0	0	0	0	540	
0	0	0	0	0	540	
1	0	0	0	0	542	
2	0	0	0	0	540	
3	0	0	0	0	536	
4	0	0	0	0	536	
5	0	0	0	0	536	
6	0	0	0	0	536	
7	0	0	0	0	535	
8	0	0	0	0	533	
9	0	0	0	0	531	
10	0	0	0	0	530	
11	0	0	0	0	528	
12	0	0	0	0	527	
13	0	0	0	0	526	
14	0	0	0	0	524	
15	0	0	0	0	524	
0	0	0	0	0	522	
1	0	0	0	0	523	
2	0	0	0	0	521	
3	0	0	0	0	519	
4	0	0	0	0	515	
5	0	0	0	0	515	
6	0	0	0	0	512	
7	0	0	0	0	509	
8	0	0	0	0	509	
9	0	0	0	0	507	
10	0	0	0	0	505	
11	0	0	0	0	500	
12	0	0	0	0	498	
13	0	0	0	0	499	
14	0	0	0	0	501	
15	0	0	0	0	502	
0	0	0	0	0	501	
1	0	0	0	0	499	
2	0	0	0	0	498	
3	0	0	0	0	496	
4	0	0	0	0	492	
5	0	0	0	0	490	
6	0	0	0	0	488	
7	0	0	0	0	488	
8	0	0	0	0	488	
9	0	0	0	0	487	
10	0	0	0	0	487	
11	0	0	0	0	488	
12	0	0	0	0	489	
13	0	0	0	0	487	
14	0	0	0	0	487	
15	0	0	0	0	483	
0	0	0	0	0	481	
1	0	0	0	0	482	
2	0	0	0	0	482	
3	0	0	0	0	483	
4	0	0	0	0	483	
5	0	0	0	0	485	
6	0	0	0	0	486	
7	0	0	0	0	486	
8	0	0	0	0	486	
9	0	0	0	0	486	
10	0	0	0	0	485	
11	0	0	0	0	480	
12	0	0	0	0	476	
13	0	0	0	0	476	
14	0	0	0	0	476	
15	0	0	0	0	478	
0	0	0	0	0	480	
1	0	0	0	0	482	
2	0	0	0	0	483	
3	0	0	0	0	483	
4	0	0	0	0	480	
5	0	0	0	0	480	
6	0	0	0	0	483	
7	0	0	0	0	487	
8	0	0	0	0	487	
9	0	0	0	0	486	
10	0	0	0	0	486	
11	0	0	0	0	486	
12	0	0	0	0	487	
13	0	0	0	0	487	
14	0	0	0	0	488	
15	0	0	0	0	488	
0	0	0	0	0	490	
1	0	0	0	0	490	
2	0	0	0	0	488	
3	0	0	0	0	487	
4	0	0	0	0	487	
5	0	0	0	0	490	
6	0	0	0	0	494	
7	0	0	0	0	496	
8	0	0	0	0	493	
9	0	0	0	0	492	
10	0	0	0	0	489	
11	0	0	0	0	489	
12	0	0	0	0	489	
13	0	0	0	0	493	
14	0	0	0	0	497	
15	0	0	0	0	497	
0	0	0	0	0	496	
1	0	0	0	0	493	
2	0	0	0	0	492	
3	0	0	0	0	491	
4	0	0	0	0	491	
5	0	0	0	0	491	
6	0	0	0	0	492	
7	0	0	0	0	492	
8	0	0	0	0	492	
9	0	0	0	0	494	
10	0	0	0	0	494	
11	0	0	0	0	497	
12	0	0	0	0	497	
13	0	0	0	0	498	
14	0	0	0	0	499	
15	0	0	0	0	500	
0	0	0	0	0	500	
1	0	0	0	0	500	
2	0	0	0	0	499	
3	0	0	0	0	499	
4	0	0	0	0	498	
5	0	0	0	0	496	
6	0	0	0	0	494	
7	0	0	0	0	493	
8	0	0	0	0	494	
9	0	0	0	0	496	
10	0	0	0	0	496	
11	0	0	0	0	496	
12	0	0	0	0	496	
13	0	0	0	0	495	
14	0	0	0	0	495	
15	0	0	0	0	495	
0	0	0	0	0	496	
1	0	0	0	0	496	
2	0	0	0	0	498	
3	0	0	0	0	496	
4	0	0	0	0	496	
5	0	0	0	0	498	
6	0	0	0	0	497	
7	0	0	0	0	495	
8	0	0	0	0	496	
9	0	0	0	0	498	
10	0	0	0	0	500	
11	0	0	0	0	497	
12	0	0	0	0	495	
13	0	0	0	0	496	
14	0	0	0	0	499	
15	0	0	0	0	500	
0	0	0	0	0	504	
1	0	0	0	0	506	
2	0	0	0	0	505	
3	0	0	0	0	504	
4	0	0	0	0	505	
5	0	0	0	0	505	
6	0	0	0	0	506	
7	0	0	0	0	506	
8	0	0	0	0	508	
9	0	0	0	0	511	
10	0	0	0	0	510	
11	0	0	0	0	504	
12	0	0	0	0	502	
13	0	0	0	0	503	
14	0	0	0	0	505	
15	0	0	0	0	508	
0	0	0	0	0	510	
1	0	0	0	0	510	
2	0	0	0	0	509	
3	0	0	0	0	505	
4	0	0	0	0	507	
5	0	0	0	0	509	
6	0	0	0	0	511	
7	0	0	0	0	512	
8	0	0	0	0	512	
9	0	0	0	0	511	
10	0	0	0	0	510	
11	0	0	0	0	509	
12	0	0	0	0	509	
13	0	0	0	0	507	
14	0	0	0	0	506	
15	0	0	0	0	507	
0	0	0	0	0	506	
1	0	0	0	0	504	
2	0	0	0	0	502	
3	0	0	0	0	504	
4	0	0	0	0	511	
5	0	0	0	0	513	
6	0	0	0	0	512	
7	0	0	0	0	511	
8	0	0	0	0	508	
9	0	0	0	0	505	
10	0	0	0	0	506	
11	0	0	0	0	508	
12	0	0	0	0	508	
13	0	0	0	0	508	
14	0	0	0	0	510	
15	0	0	0	0	510	
0	0	0	0	0	510	
1	0	0	0	0	509	
2	0	0	0	0	507	
3	0	0	0	0	508	
4	0	0	0	0	508	
5	0	0	0	0	508	
6	0	0	0	0	508	
7	0	0	0	0	507	
8	0	0	0	0	508	
9	0	0	0	0	508	
10	0	0	0	0	504	
11	0	0	0	0	504	
12	0	0	0	0	509	
13	0	0	0	0	511	
14	0	0	0	0	511	
15	0	0	0	0	510	
0	0	0	0	0	511	
1	0	0	0	0	511	
2	0	0	0	0	513	
3	0	0	0	0	512	
4	0	0	0	0	511	
5	0	0	0	0	512	
6	0	0	0	0	512	
7	0	0	0	0	509	
8	0	0	0	0	508	
9	0	0	0	0	508	
10	0	0	0	0	510	
11	0	0	0	0	512	
12	0	0	0	0	513	
13	0	0	0	0	512	
14	0	0	0	0	510	
15	0	0	0	0	512	
0	0	0	0	0	516	
1	0	0	0	0	516	
2	0	0	0	0	514	
3	0	0	0	0	512	
4	0	0	0	0	513	
5	0	0	0	0	512	
6	0	0	0	0	512	
7	0	0	0	0	513	
8	0	0	0	0	512	
9	0	0	0	0	511	
10	0	0	0	0	512	
11	0	0	0	0	516	
12	0	0	0	0	519	
13	0	0	0	0	519	
14	0	0	0	0	517	
15	0	0	0	0	515	
0	0	0	0	0	512	
1	0	0	0	0	512	
2	0	0	0	0	512	
3	0	0	0	0	513	
4	0	0	0	0	514	
5	0	0	0	0	515	
6	0	0	0	0	513	
7	0	0	0	0	512	
8	0	0	0	0	512	
9	0	0	0	0	512	
10	0	0	0	0	513	
11	0	0	0	0	515	
12	0	0	0	0	518	
13	0	0	0	0	518	
14	0	0	0	0	519	
15	0	0	0	0	521	
0	0	0	0	0	521	
1	0	0	0	0	517	
2	0	0	0	0	516	
3	0	0	0	0	515	
4	0	0	0	0	514	
5	0	0	0	0	515	
6	0	0	0	0	518	
7	0	0	0	0	518	
8	0	0	0	0	516	
9	0	0	0	0	515	
10	0	0	0	0	513	
11	0	0	0	0	511	
12	0	0	0	0	514	
13	0	0	0	0	515	
14	0	0	0	0	517	
15	0	0	0	0	519	
0	0	0	0	0	516	
1	0	0	0	0	515	
2	0	0	0	0	514	
3	0	0	0	0	514	
4	0	0	0	0	515	
5	0	0	0	0	515	
6	0	0	0	0	512	
7	0	0	0	0	512	
8	0	0	0	0	515	
9	0	0	0	0	515	
10	0	0	0	0	513	
11	0	0	0	0	512	
12	0	0	0	0	514	
13	0	0	0	0	516	
14	0	0	0	0	518	
15	0	0	0	0	518	
0	0	0	0	0	518	
1	0	0	0	0	517	
2	0	0	0	0	517	
3	0	0	0	0	517	
4	0	0	0	0	517	
5	0	0	0	0	517	
6	0	0	0	0	516	
7	0	0	0	0	518	
8	0	0	0	0	516	
9	0	0	0	0	514	
10	0	0	0	0	513	
11	0	0	0	0	513	
12	0	0	0	0	513	
13	0	0	0	0	514	
14	0	0	0	0	515	
15	0	0	0	0	514	
0	0	0	0	0	515	
1	0	0	0	0	517	
2	0	0	0	0	516	
3	0	0	0	0	514	
4	0	0	0	0	515	
5	0	0	0	0	514	
6	0	0	0	0	514	
7	0	0	0	0	514	
8	0	0	0	0	515	
9	0	0	0	0	516	
10	0	0	0	0	518	
11	0	0	0	0	519	
12	0	0	0	0	519	
13	0	0	0	0	518	
14	0	0	0	0	516	
15	0	0	0	0	514	
0	0	0	0	0	514	
1	0	0	0	0	514	
2	0	0	0	0	515	
3	0	0	0	0	515	
4	0	0	0	0	514	
5	0	0	0	0	513	
6	0	0	0	0	518	
7	0	0	0	0	519	
8	0	0	0	0	519	
9	0	0	0	0	516	
10	0	0	0	0	517	
11	0	0	0	0	519	
12	0	0	0	0	519	
13	0	0	0	0	520	
14	0	0	0	0	520	
15	0	0	0	0	519	
0	0	0	0	0	515	
1	0	0	0	0	513	
2	0	0	0	0	511	
3	0	0	0	0	511	
4	0	0	0	0	514	
5	0	0	0	0	519	
6	0	0	0	0	520	
7	0	0	0	0	519	
8	0	0	0	0	519	
9	0	0	0	0	519	
10	0	0	0	0	520	
11	0	0	0	0	520	
12	0	0	0	0	519	
13	0	0	0	0	518	
14	0	0	0	0	516	
15	0	0	0	0	517	
0	0	0	0	0	519	
1	0	0	0	0	523	
2	0	0	0	0	524	
3	0	0	0	0	524	
4	0	0	0	0	521	
5	0	0	0	0	518	
6	0	0	0	0	518	
7	0	0	0	0	519	
8	0	0	0	0	519	
9	0	0	0	0	521	
10	0	0	0	0	521	
11	0	0	0	0	521	
12	0	0	0	0	521	
13	0	0	0	0	521	
14	0	0	0	0	519	
15	0	0	0	0	517	
0	0	0	0	0	517	
1	0	0	0	0	516	
2	0	0	0	0	517	
3	0	0	0	0	518	
4	0	0	0	0	519	
5	0	0	0	0	518	
6	0	0	0	0	517	
7	0	0	0	0	516	
8	0	0	0	0	515	
9	0	0	0	0	515	
10	0	0	0	0	515	
11	0	0	0	0	515	
12	0	0	0	0	518	
13	0	0	0	0	519	
14	0	0	0	0	518	
15	0	0	0	0	519	
0	0	0	0	0	519	
1	0	0	0	0	519	
2	0	0	0	0	519	
3	0	0	0	0	519	
4	0	0	0	0	519	
5	0	0	0	0	517	
6	0	0	0	0	516	
7	0	0	0	0	516	
8	0	0	0	0	513	
9	0	0	0	0	512	
10	0	0	0	0	511	
11	0	0	0	0	510	
12	0	0	0	0	510	
13	0	0	0	0	512	
14	0	0	0	0	514	
15	0	0	0	0	515	
0	0	0	0	0	516	
1	0	0	0	0	518	
2	0	0	0	0	516	
3	0	0	0	0	514	
4	0	0	0	0	515	
5	0	0	0	0	516	
6	0	0	0	0	518	
7	0	0	0	0	517	
8	0	0	0	0	516	
9	0	0	0	0	518	
10	0	0	0	0	519	
11	0	0	0	0	519	
12	0	0	0	0	518	
13	0	0	0	0	515	
14	0	0	0	0	515	
15	0	0	0	0	517	
0	0	0	0	0	518	
1	0	0	0	0	516	
2	0	0	0	0	515	
3	0	0	0	0	516	
4	0	0	0	0	516	
5	0	0	0	0	515	
6	0	0	0	0	515	
7	0	0	0	0	514	
8	0	0	0	0	516	
9	0	0	0	0	519	
10	0	0	0	0	520	
11	0	0	0	0	520	
12	0	0	0	0	519	
13	0	0	0	0	517	
14	0	0	0	0	517	
15	0	0	0	0	518	
0	0	0	0	0	515	
1	0	0	0	0	514	
2	0	0	0	0	514	
3	0	0	0	0	515	
4	0	0	0	0	516	
5	0	0	0	0	515	
6	0	0	0	0	513	
7	0	0	0	0	513	
8	0	0	0	0	515	
9	0	0	0	0	516	
10	0	0	0	0	518	
11	0	0	0	0	520	
12	0	0	0	0	521	
13	0	0	0	0	520	
14	0	0	0	0	520	
15	0	0	0	0	519	
0	0	0	0	0	518	
1	0	0	0	0	519	
2	0	0	0	0	519	
3	0	0	0	0	520	
4	0	0	0	0	518	
5	0	0	0	0	515	
6	0	0	0	0	516	
7	0	0	0	0	517	
8	0	0	0	0	515	
9	0	0	0	0	513	
10	0	0	0	0	515	
11	0	0	0	0	519	
12	0	0	0	0	520	
13	0	0	0	0	520	
14	0	0	0	0	520	
15	0	0	0	0	519	
0	0	0	0	0	517	
1	0	0	0	0	519	
2	0	0	0	0	519	
3	0	0	0	0	518	
4	0	0	0	0	518	
5	0	0	0	0	519	
6	0	0	0	0	520	
7	0	0	0	0	519	
8	0	0	0	0	518	
9	0	0	0	0	518	
10	0	0	0	0	515	
11	0	0	0	0	518	
12	0	0	0	0	519	
13	0	0	0	0	518	
14	0	0	0	0	519	
15	0	0	0	0	520	
0	0	0	0	0	523	
1	0	0	0	0	523	
2	0	0	0	0	522	
3	0	0	0	0	522	
4	0	0	0	0	521	
5	0	0	0	0	520	
6	0	0	0	0	519	
7	0	0	0	0	518	
8	0	0	0	0	519	
9	0	0	0	0	519	
10	0	0	0	0	517	
11	0	0	0	0	515	
12	0	0	0	0	514	
13	0	0	0	0	515	
14	0	0	0	0	515	
15	0	0	0	0	514	
0	0	0	0	0	514	
1	0	0	0	0	516	
2	0	0	0	0	518	
3	0	0	0	0	517	
4	0	0	0	0	518	
5	0	0	0	0	519	
6	0	0	0	0	519	
7	0	0	0	0	520	
8	0	0	0	0	520	
9	0	0	0	0	519	
10	0	0	0	0	519	
11	0	0	0	0	519	
12	0	0	0	0	519	
13	0	0	0	0	516	
14	0	0	0	0	514	
15	0	0	0	0	513	
0	0	0	0	0	515	
1	0	0	0	0	515	
2	0	0	0	0	515	
3	0	0	0	0	516	
4	0	0	0	0	516	
5	0	0	0	0	515	
6	0	0	0	0	514	
7	0	0	0	0	512	
8	0	0	0	0	512	
9	0	0	0	0	510	
10	0	0	0	0	511	
11	0	0	0	0	515	
12	0	0	0	0	515	
13	0	0	0	0	517	
14	0	0	0	0	514	
15	0	0	0	0	511	
0	0	0	0	0	511	
1	0	0	0	0	513	
2	0	0	0	0	516	
3	0	0	0	0	518	
4	0	0	0	0	516	
5	0	0	0	0	516	
6	0	0	0	0	516	
7	0	0	0	0	515	
8	0	0	0	0	516	
9	0	0	0	0	518	
10	0	0	0	0	519	
11	0	0	0	0	519	
12	0	0	0	0	519	
13	0	0	0	0	519	
14	0	0	0	0	519	
15	0	0	0	0	519	
0	0	0	0	0	519	
1	0	0	0	0	520	
2	0	0	0	0	519	
3	0	0	0	0	519	
4	0	0	0	0	521	
5	0	0	0	0	520	
6	0	0	0	0	519	
7	0	0	0	0	518	
8	0	0	0	0	516	
9	0	0	0	0	515	
10	0	0	0	0	516	
11	0	0	0	0	518	
12	0	0	0	0	517	
13	0	0	0	0	515	
14	0	0	0	0	515	
15	0	0	0	0	517	
0	0	0	0	0	518	
1	0	0	0	0	519	
2	0	0	0	0	519	
3	0	0	0	0	516	
4	0	0	0	0	515	
5	0	0	0	0	514	
6	0	0	0	0	513	
7	0	0	0	0	515	
8	0	0	0	0	516	
9	0	0	0	0	516	
10	0	0	0	0	516	
11	0	0	0	0	516	
12	0	0	0	0	519	
13	0	0	0	0	519	
14	0	0	0	0	521	
15	0	0	0	0	522	
0	0	0	0	0	524	
1	0	0	0	0	524	
2	0	0	0	0	523	
3	0	0	0	0	522	
4	0	0	0	0	523	
5	0	0	0	0	523	
6	0	0	0	0	521	
7	0	0	0	0	519	
8	0	0	0	0	518	
9	0	0	0	0	516	
10	0	0	0	0	519	
11	0	0	0	0	521	
12	0	0	0	0	522	
13	0	0	0	0	521	
14	0	0	0	0	520	
15	0	0	0	0	519	
0	0	0	0	0	517	
1	0	0	0	0	519	
2	0	0	0	0	521	
3	0	0	0	0	522	
4	0	0	0	0	522	
5	0	0	0	0	523	
6	0	0	0	0	527	
7	0	0	0	0	528	
8	0	0	0	0	527	
9	0	0	0	0	526	
10	0	0	0	0	525	
11	0	0	0	0	525	
12	0	0	0	0	525	
13	0	0	0	0	525	
14	0	0	0	0	526	
15	0	0	0	0	527	
0	0	0	0	0	527	
1	0	0	0	0	527	
2	0	0	0	0	527	
3	0	0	0	0	525	
4	0	0	0	0	524	
5	0	0	0	0	524	
6	0	0	0	0	525	
7	0	0	0	0	526	
8	0	0	0	0	527	
9	0	0	0	0	524	
10	0	0	0	0	524	
11	0	0	0	0	522	
12	0	0	0	0	523	
13	0	0	0	0	524	
14	0	0	0	0	522	
15	0	0	0	0	517	
0	0	0	0	0	515	
1	0	0	0	0	516	
2	0	0	0	0	516	
3	0	0	0	0	514	
4	0	0	0	0	512	
5	0	0	0	0	513	
6	0	0	0	0	515	
7	0	0	0	0	515	
8	0	0	0	0	516	
9	0	0	0	0	518	
10	0	0	0	0	521	
11	0	0	0	0	521	
12	0	0	0	0	521	
13	0	0	0	0	519	
14	0	0	0	0	518	
15	0	0	0	0	519	
0	0	0	0	0	519	
1	0	0	0	0	520	
2	0	0	0	0	522	
3	0	0	0	0	523	
4	0	0	0	0	519	
5	0	0	0	0	517	
6	0	0	0	0	515	
7	0	0	0	0	515	
8	0	0	0	0	515	
9	0	0	0	0	516	
10	0	0	0	0	515	
11	0	0	0	0	515	
12	0	0	0	0	515	
13	0	0	0	0	514	
14	0	0	0	0	515	
15	0	0	0	0	516	
0	0	0	0	0	513	
1	0	0	0	0	511	
2	0	0	0	0	511	
3	0	0	0	0	510	
4	0	0	0	0	511	
5	0	0	0	0	511	
6	0	0	0	0	510	
7	0	0	0	0	509	
8	0	0	0	0	509	
9	0	0	0	0	508	
10	0	0	0	0	508	
11	0	0	0	0	511	
12	0	0	0	0	512	
13	0	0	0	0	511	
14	0	0	0	0	511	
15	0	0	0	0	509	
0	0	0	0	0	508	
1	0	0	0	0	510	
2	0	0	0	0	511	
3	0	0	0	0	512	
4	0	0	0	0	513	
5	0	0	0	0	511	
6	0	0	0	0	508	
7	0	0	0	0	509	
8	0	0	0	0	513	
9	0	0	0	0	512	
10	0	0	0	0	510	
11	0	0	0	0	511	
12	0	0	0	0	512	
13	0	0	0	0	512	
14	0	0	0	0	511	
15	0	0	0	0	509	
0	0	0	0	0	509	
1	0	0	0	0	508	
2	0	0	0	0	508	
3	0	0	0	0	507	
4	0	0	0	0	505	
5	0	0	0	0	502	
6	0	0	0	0	502	
7	0	0	0	0	504	
8	0	0	0	0	502	
9	0	0	0	0	498	
10	0	0	0	0	498	
11	0	0	0	0	500	
12	0	0	0	0	501	
13	0	0	0	0	500	
14	0	0	0	0	496	
15	0	0	0	0	494	
0	0	0	0	0	492	
1	0	0	0	0	488	
2	0	0	0	0	486	
3	0	0	0	0	482	
4	0	0	0	0	480	
5	0	0	0	0	481	
6	0	0	0	0	483	
7	0	0	0	0	485	
8	0	0	0	0	485	
9	0	0	0	0	487	
10	0	0	0	0	486	
11	0	0	0	0	487	
12	0	0	0	0	489	
13	0	0	0	0	495	
14	0	0	0	0	503	
15	0	0	0	0	512	
0	0	0	0	0	519	
1	0	0	0	0	524	
2	0	0	0	0	529	
3	0	0	0	0	537	
4	0	0	0	0	548	
5	0	0	0	0	559	
6	0	0	0	0	571	
7	0	0	0	0	580	
8	0	0	0	0	590	
9	0	0	0	0	607	
10	0	0	0	0	622	
11	0	0	0	0	634	
12	0	0	0	0	644	
13	0	0	0	0	655	
14	0	0	0	0	668	
15	0	0	0	0	678	
0	0	0	0	0	688	
1	0	0	0	0	696	
2	0	0	0	0	699	
3	0	0	0	0	696	
4	0	0	0	0	691	
5	0	0	0	0	683	
6	0	0	0	0	673	
7	0	0	0	0	662	
8	0	0	0	0	650	
9	0	0	0	0	639	
10	0	0	0	0	625	
11	0	0	0	0	608	
12	0	0	0	0	589	
13	0	0	0	0	569	
14	0	0	0	0	551	
15	0	0	0	0	534	
0	0	0	0	0	521	
1	0	0	0	0	510	
2	0	0	0	0	498	
3	0	0	0	0	489	
4	0	0	0	0	481	
5	0	0	0	0	473	
6	0	0	0	0	467	
7	0	0	0	0	462	
8	0	0	0	0	462	
9	0	0	0	0	461	
10	0	0	0	0	460	
11	0	0	0	0	459	
12	0	0	0	0	461	
13	0	0	0	0	464	
14	0	0	0	0	469	
15	0	0	0	0	470	
0	0	0	0	0	472	
1	0	0	0	0	474	
2	0	0	0	0	478	
3	0	0	0	0	481	
4	0	0	0	0	484	
5	0	0	0	0	486	
6	0	0	0	0	486	
7	0	0	0	0	485	
8	0	0	0	0	487	
9	0	0	0	0	491	
10	0	0	0	0	492	
11	0	0	0	0	492	
12	0	0	0	0	489	
13	0	0	0	0	487	
14	0	0	0	0	488	
15	0	0	0	0	489	
0	0	0	0	0	486	
1	0	0	0	0	483	
2	0	0	0	0	483	
3	0	0	0	0	484	
4	0	0	0	0	485	
5	0	0	0	0	485	
6	0	0	0	0	485	
7	0	0	0	0	485	
8	0	0	0	0	485	
9	0	0	0	0	485	
10	0	0	0	0	487	
11	0	0	0	0	489	
12	0	0	0	0	490	
13	0	0	0	0	489	
14	0	0	0	0	487	
15	0	0	0	0	487	
0	0	0	0	0	489	
1	0	0	0	0	491	
2	0	0	0	0	489	
3	0	0	0	0	489	
4	0	0	0	0	490	
5	0	0	0	0	492	
6	0	0	0	0	492	
7	0	0	0	0	492	
8	0	0	0	0	492	
9	0	0	0	0	491	
10	0	0	0	0	492	
11	0	0	0	0	493	
12	0	0	0	0	492	
13	0	0	0	0	493	
14	0	0	0	0	495	
15	0	0	0	0	495	
0	0	0	0	0	497	
1	0	0	0	0	498	
2	0	0	0	0	500	
3	0	0	0	0	500	
4	0	0	0	0	500	
5	0	0	0	0	496	
6	0	0	0	0	494	
7	0	0	0	0	492	
8	0	0	0	0	492	
9	0	0	0	0	493	
10	0	0	0	0	494	
11	0	0	0	0	496	
12	0	0	0	0	499	
13	0	0	0	0	501	
14	0	0	0	0	500	
15	0	0	0	0	500	
0	0	0	0	0	501	
1	0	0	0	0	502	
2	0	0	0	0	502	
3	0	0	0	0	502	
4	0	0	0	0	501	
5	0	0	0	0	501	
6	0	0	0	0	501	
7	0	0	0	0	499	
8	0	0	0	0	497	
9	0	0	0	0	496	
10	0	0	0	0	498	
11	0	0	0	0	501	
12	0	0	0	0	501	
13	0	0	0	0	502	
14	0	0	0	0	499	
15	0	0	0	0	499	
0	0	0	0	0	497	
1	0	0	0	0	498	
2	0	0	0	0	502	
3	0	0	0	0	504	
4	0	0	0	0	506	
5	0	0	0	0	509	
6	0	0	0	0	508	
7	0	0	0	0	506	
8	0	0	0	0	507	
9	0	0	0	0	508	
10	0	0	0	0	505	
11	0	0	0	0	503	
12	0	0	0	0	501	
13	0	0	0	0	503	
14	0	0	0	0	504	
15	0	0	0	0	503	
0	0	0	0	0	502	
1	0	0	0	0	503	
2	0	0	0	0	507	
3	0	0	0	0	508	
4	0	0	0	0	509	
5	0	0	0	0	510	
6	0	0	0	0	510	
7	0	0	0	0	511	
8	0	0	0	0	512	
9	0	0	0	0	511	
10	0	0	0	0	508	
11	0	0	0	0	510	
12	0	0	0	0	510	
13	0	0	0	0	509	
14	0	0	0	0	510	
15	0	0	0	0	510	
0	0	0	0	0	510	
1	0	0	0	0	510	
2	0	0	0	0	508	
3	0	0	0	0	507	
4	0	0	0	0	509	
5	0	0	0	0	508	
6	0	0	0	0	507	
7	0	0	0	0	507	
8	0	0	0	0	512	
9	0	0	0	0	513	
10	0	0	0	0	511	
11	0	0	0	0	513	
12	0	0	0	0	513	
13	0	0	0	0	515	
14	0	0	0	0	514	
15	0	0	0	0	515	
0	0	0	0	0	515	
1	0	0	0	0	514	
2	0	0	0	0	513	
3	0	0	0	0	512	
4	0	0	0	0	513	
5	0	0	0	0	515	
6	0	0	0	0	515	
7	0	0	0	0	515	
8	0	0	0	0	515	
9	0	0	0	0	517	
10	0	0	0	0	516	
11	0	0	0	0	515	
12	0	0	0	0	515	
13	0	0	0	0	517	
14	0	0	0	0	518	
15	0	0	0	0	517	
0	0	0	0	0	518	
1	0	0	0	0	519	
2	0	0	0	0	520	
3	0	0	0	0	517	
4	0	0	0	0	519	
5	0	0	0	0	521	
6	0	0	0	0	523	
7	0	0	0	0	521	
8	0	0	0	0	519	
9	0	0	0	0	519	
10	0	0	0	0	521	
11	0	0	0	0	519	
12	0	0	0	0	519	
13	0	0	0	0	521	
14	0	0	0	0	522	
15	0	0	0	0	522	
0	0	0	0	0	521	
1	0	0	0	0	522	
2	0	0	0	0	521	
3	0	0	0	0	521	
4	0	0	0	0	519	
5	0	0	0	0	516	
6	0	0	0	0	516	
7	0	0	0	0	519	
8	0	0	0	0	522	
9	0	0	0	0	526	
10	0	0	0	0	526	
11	0	0	0	0	524	
12	0	0	0	0	525	
13	0	0	0	0	528	
14	0	0	0	0	531	
15	0	0	0	0	533	
0	0	0	0	0	534	
1	0	0	0	0	535	
2	0	0	0	0	535	
3	0	0	0	0	534	
4	0	0	0	0	533	
5	0	0	0	0	536	
6	0	0	0	0	536	
7	0	0	0	0	535	
8	0	0	0	0	533	
9	0	0	0	0	532	
10	0	0	0	0	534	
11	0	0	0	0	536	
12	0	0	0	0	538	
13	0	0	0	0	541	
14	0	0	0	0	540	
15	0	0	0	0	536	
0	0	0	0	0	536	
1	0	0	0	0	536	
2	0	0	0	0	537	
3	0	0	0	0	542	
4	0	0	0	0	543	
5	0	0	0	0	542	
6	0	0	0	0	542	
7	0	0	0	0	542	
8	0	0	0	0	540	
9	0	0	0	0	539	
10	0	0	0	0	540	
11	0	0	0	0	544	
12	0	0	0	0	545	
13	0	0	0	0	545	
14	0	0	0	0	543	
15	0	0	0	0	541	
0	0	0	0	0	540	
1	0	0	0	0	540	
2	0	0	0	0	541	
3	0	0	0	0	545	
4	0	0	0	0	549	
5	0	0	0	0	547	
6	0	0	0	0	547	
7	0	0	0	0	547	
8	0	0	0	0	547	
9	0	0	0	0	546	
10	0	0	0	0	543	
11	0	0	0	0	540	
12	0	0	0	0	539	
13	0	0	0	0	539	
14	0	0	0	0	540	
15	0	0	0	0	541	
0	0	0	0	0	541	
1	0	0	0	0	541	
2	0	0	0	0	543	
3	0	0	0	0	543	
4	0	0	0	0	542	
5	0	0	0	0	541	
6	0	0	0	0	542	
7	0	0	0	0	542	
8	0	0	0	0	541	
9	0	0	0	0	537	
10	0	0	0	0	534	
11	0	0	0	0	532	
12	0	0	0	0	532	
13	0	0	0	0	532	
14	0	0	0	0	530	
15	0	0	0	0	529	
0	0	0	0	0	530	
1	0	0	0	0	531	
2	0	0	0	0	530	
3	0	0	0	0	525	
4	0	0	0	0	522	
5	0	0	0	0	518	
6	0	0	0	0	515	
7	0	0	0	0	515	
8	0	0	0	0	516	
9	0	0	0	0	518	
10	0	0	0	0	515	
11	0	0	0	0	512	
12	0	0	0	0	511	
13	0	0	0	0	510	
14	0	0	0	0	508	
15	0	0	0	0	507	
0	0	0	0	0	506	
1	0	0	0	0	505	
2	0	0	0	0	503	
3	0	0	0	0	499	
4	0	0	0	0	497	
5	0	0	0	0	498	
6	0	0	0	0	500	
7	0	0	0	0	499	
8	0	0	0	0	496	
9	0	0	0	0	494	
10	0	0	0	0	495	
11	0	0	0	0	494	
12	0	0	0	0	492	
13	0	0	0	0	492	
14	0	0	0	0	490	
15	0	0	0	0	492	
0	0	0	0	0	489	
1	0	0	0	0	489	
2	0	0	0	0	488	
3	0	0	0	0	488	
4	0	0	0	0	484	
5	0	0	0	0	483	
6	0	0	0	0	484	
7	0	0	0	0	481	
8	0	0	0	0	480	
9	0	0	0	0	480	
10	0	0	0	0	480	
11	0	0	0	0	482	
12	0	0	0	0	482	
13	0	0	0	0	481	
14	0	0	0	0	481	
15	0	0	0	0	479	
0	0	0	0	0	479	
1	0	0	0	0	479	
2	0	0	0	0	479	
3	0	0	0	0	478	
4	0	0	0	0	480	
5	0	0	0	0	483	
6	0	0	0	0	484	
7	0	0	0	0	484	
8	0	0	0	0	482	
9	0	0	0	0	481	
10	0	0	0	0	481	
11	0	0	0	0	483	
12	0	0	0	0	483	
13	0	0	0	0	481	
14	0	0	0	0	482	
15	0	0	0	0	482	
0	0	0	0	0	482	
1	0	0	0	0	481	
2	0	0	0	0	482	
3	0	0	0	0	484	
4	0	0	0	0	484	
5	0	0	0	0	485	
6	0	0	0	0	483	
7	0	0	0	0	481	
8	0	0	0	0	481	
9	0	0	0	0	480	
10	0	0	0	0	480	
11	0	0	0	0	481	
12	0	0	0	0	482	
13	0	0	0	0	482	
14	0	0	0	0	484	
15	0	0	0	0	486	
0	0	0	0	0	486	
1	0	0	0	0	487	
2	0	0	0	0	489	
3	0	0	0	0	489	
4	0	0	0	0	488	
5	0	0	0	0	487	
6	0	0	0	0	487	
7	0	0	0	0	487	
8	0	0	0	0	489	
9	0	0	0	0	491	
10	0	0	0	0	491	
11	0	0	0	0	487	
12	0	0	0	0	486	
13	0	0	0	0	486	
14	0	0	0	0	490	
15	0	0	0	0	493	
0	0	0	0	0	494	
1	0	0	0	0	494	
2	0	0	0	0	492	
3	0	0	0	0	492	
4	0	0	0	0	496	
5	0	0	0	0	497	
6	0	0	0	0	496	
7	0	0	0	0	495	
8	0	0	0	0	497	
9	0	0	0	0	497	
10	0	0	0	0	495	
11	0	0	0	0	496	
12	0	0	0	0	496	
13	0	0	0	0	498	
14	0	0	0	0	499	
15	0	0	0	0	499	
0	0	0	0	0	499	
1	0	0	0	0	498	
2	0	0	0	0	498	
3	0	0	0	0	501	
4	0	0	0	0	503	
5	0	0	0	0	503	
6	0	0	0	0	501	
7	0	0	0	0	499	
8	0	0	0	0	497	
9	0	0	0	0	496	
10	0	0	0	0	499	
11	0	0	0	0	501	
12	0	0	0	0	501	
13	0	0	0	0	500	
14	0	0	0	0	500	
15	0	0	0	0	500	
0	0	0	0	0	500	
1	0	0	0	0	502	
2	0	0	0	0	502	
3	0	0	0	0	502	
4	0	0	0	0	502	
5	0	0	0	0	500	
6	0	0	0	0	498	
7	0	0	0	0	498	
8	0	0	0	0	501	
9	0	0	0	0	503	
10	0	0	0	0	503	
11	0	0	0	0	503	
12	0	0	0	0	502	
13	0	0	0	0	501	
14	0	0	0	0	499	
15	0	0	0	0	498	
0	0	0	0	0	497	
1	0	0	0	0	498	
2	0	0	0	0	500	
3	0	0	0	0	502	
4	0	0	0	0	502	
5	0	0	0	0	502	
6	0	0	0	0	501	
7	0	0	0	0	501	
8	0	0	0	0	502	
9	0	0	0	0	502	
10	0	0	0	0	502	
11	0	0	0	0	503	
12	0	0	0	0	501	
13	0	0	0	0	501	
14	0	0	0	0	504	
15	0	0	0	0	508	
0	0	0	0	0	510	
1	0	0	0	0	511	
2	0	0	0	0	510	
3	0	0	0	0	508	
4	0	0	0	0	508	
5	0	0	0	0	508	
6	0	0	0	0	509	
7	0	0	0	0	508	
8	0	0	0	0	510	
9	0	0	0	0	509	
10	0	0	0	0	507	
11	0	0	0	0	504	
12	0	0	0	0	503	
13	0	0	0	0	503	
14	0	0	0	0	505	
15	0	0	0	0	507	
0	0	0	0	0	508	
1	0	0	0	0	507	
2	0	0	0	0	508	
3	0	0	0	0	509	
4	0	0	0	0	509	
5	0	0	0	0	510	
6	0	0	0	0	511	
7	0	0	0	0	513	
8	0	0	0	0	513	
9	0	0	0	0	512	
10	0	0	0	0	513	
11	0	0	0	0	513	
12	0	0	0	0	512	
13	0	0	0	0	512	
14	0	0	0	0	512	
15	0	0	0	0	513	
0	0	0	0	0	515	
1	0	0	0	0	512	
2	0	0	0	0	511	
3	0	0	0	0	509	
4	0	0	0	0	505	
5	0	0	0	0	503	
6	0	0	0	0	504	
7	0	0	0	0	505	
8	0	0	0	0	508	
9	0	0	0	0	509	
10	0	0	0	0	510	
11	0	0	0	0	507	
12	0	0	0	0	503	
13	0	0	0	0	505	
14	0	0	0	0	510	
15	0	0	0	0	512	
0	0	0	0	0	512	
1	0	0	0	0	512	
2	0	0	0	0	511	
3	0	0	0	0	511	
4	0	0	0	0	510	
5	0	0	0	0	511	
6	0	0	0	0	512	
7	0	0	0	0	514	
8	0	0	0	0	512	
9	0	0	0	0	511	
10	0	0	0	0	513	
11	0	0	0	0	515	
12	0	0	0	0	515	
13	0	0	0	0	515	
14	0	0	0	0	515	
15	0	0	0	0	515	
0	0	0	0	0	512	
1	0	0	0	0	512	
2	0	0	0	0	514	
3	0	0	0	0	514	
4	0	0	0	0	513	
5	0	0	0	0	513	
6	0	0	0	0	512	
7	0	0	0	0	513	
8	0	0	0	0	515	
9	0	0	0	0	512	
10	0	0	0	0	508	
11	0	0	0	0	509	
12	0	0	0	0	512	
13	0	0	0	0	514	
14	0	0	0	0	512	
15	0	0	0	0	508	
0	0	0	0	0	504	
1	0	0	0	0	504	
2	0	0	0	0	509	
3	0	0	0	0	514	
4	0	0	0	0	516	
5	0	0	0	0	515	
6	0	0	0	0	515	
7	0	0	0	0	512	
8	0	0	0	0	510	
9	0	0	0	0	513	
10	0	0	0	0	515	
11	0	0	0	0	517	
12	0	0	0	0	515	
13	0	0	0	0	512	
14	0	0	0	0	513	
15	0	0	0	0	516	
0	0	0	0	0	517	
1	0	0	0	0	515	
2	0	0	0	0	515	
3	0	0	0	0	516	
4	0	0	0	0	517	
5	0	0	0	0	516	
6	0	0	0	0	516	
7	0	0	0	0	515	
8	0	0	0	0	517	
9	0	0	0	0	519	
10	0	0	0	0	519	
11	0	0	0	0	516	
12	0	0	0	0	515	
13	0	0	0	0	515	
14	0	0	0	0	516	
15	0	0	0	0	515	
0	0	0	0	0	512	
1	0	0	0	0	510	
2	0	0	0	0	511	
3	0	0	0	0	514	
4	0	0	0	0	514	
5	0	0	0	0	513	
6	0	0	0	0	515	
7	0	0	0	0	516	
8	0	0	0	0	516	
9	0	0	0	0	515	
10	0	0	0	0	514	
11	0	0	0	0	516	
12	0	0	0	0	515	
13	0	0	0	0	516	
14	0	0	0	0	518	
15	0	0	0	0	517	
0	0	0	0	0	515	
1	0	0	0	0	514	
2	0	0	0	0	515	
3	0	0	0	0	518	
4	0	0	0	0	519	
5	0	0	0	0	516	
6	0	0	0	0	514	
7	0	0	0	0	513	
8	0	0	0	0	512	
9	0	0	0	0	512	
10	0	0	0	0	511	
11	0	0	0	0	512	
12	0	0	0	0	512	
13	0	0	0	0	515	
14	0	0	0	0	518	
15	0	0	0	0	517	
0	0	0	0	0	516	
1	0	0	0	0	517	
2	0	0	0	0	519	
3	0	0	0	0	520	
4	0	0	0	0	521	
5	0	0	0	0	521	
6	0	0	0	0	519	
7	0	0	0	0	518	
8	0	0	0	0	518	
9	0	0	0	0	517	
10	0	0	0	0	518	
11	0	0	0	0	518	
12	0	0	0	0	516	
13	0	0	0	0	516	
14	0	0	0	0	519	
15	0	0	0	0	519	
0	0	0	0	0	516	
1	0	0	0	0	516	
2	0	0	0	0	517	
3	0	0	0	0	519	
4	0	0	0	0	518	
5	0	0	0	0	518	
6	0	0	0	0	519	
7	0	0	0	0	518	
8	0	0	0	0	516	
9	0	0	0	0	514	
10	0	0	0	0	512	
11	0	0	0	0	514	
12	0	0	0	0	515	
13	0	0	0	0	516	
14	0	0	0	0	514	
15	0	0	0	0	510	
0	0	0	0	0	512	
1	0	0	0	0	516	
2	0	0	0	0	518	
3	0	0	0	0	518	
4	0	0	0	0	518	
5	0	0	0	0	519	
6	0	0	0	0	521	
7	0	0	0	0	522	
8	0	0	0	0	519	
9	0	0	0	0	519	
10	0	0	0	0	519	
11	0	0	0	0	520	
12	0	0	0	0	519	
13	0	0	0	0	518	
14	0	0	0	0	518	
15	0	0	0	0	519	
0	0	0	0	0	518	
1	0	0	0	0	517	
2	0	0	0	0	518	
3	0	0	0	0	519	
4	0	0	0	0	519	
5	0	0	0	0	519	
6	0	0	0	0	518	
7	0	0	0	0	515	
8	0	0	0	0	514	
9	0	0	0	0	519	
10	0	0	0	0	519	
11	0	0	0	0	517	
12	0	0	0	0	518	
13	0	0	0	0	517	
14	0	0	0	0	516	
15	0	0	0	0	517	
0	0	0	0	0	517	
1	0	0	0	0	517	
2	0	0	0	0	516	
3	0	0	0	0	515	
4	0	0	0	0	513	
5	0	0	0	0	514	
6	0	0	0	0	517	
7	0	0	0	0	519	
8	0	0	0	0	517	
9	0	0	0	0	516	
10	0	0	0	0	517	
11	0	0	0	0	516	
12	0	0	0	0	516	
13	0	0	0	0	517	
14	0	0	0	0	519	
15	0	0	0	0	519	
0	0	0	0	0	518	
1	0	0	0	0	516	
2	0	0	0	0	513	
3	0	0	0	0	510	
4	0	0	0	0	509	
5	0	0	0	0	514	
6	0	0	0	0	518	
7	0	0	0	0	518	
8	0	0	0	0	518	
9	0	0	0	0	518	
10	0	0	0	0	517	
11	0	0	0	0	518	
12	0	0	0	0	518	
13	0	0	0	0	519	
14	0	0	0	0	519	
15	0	0	0	0	519	
0	0	0	0	0	518	
1	0	0	0	0	514	
2	0	0	0	0	513	
3	0	0	0	0	514	
4	0	0	0	0	515	
5	0	0	0	0	515	
6	0	0	0	0	515	
7	0	0	0	0	518	
8	0	0	0	0	520	
9	0	0	0	0	520	
10	0	0	0	0	518	
11	0	0	0	0	519	
12	0	0	0	0	516	
13	0	0	0	0	515	
14	0	0	0	0	515	
15	0	0	0	0	516	
0	0	0	0	0	515	
1	0	0	0	0	515	
2	0	0	0	0	518	
3	0	0	0	0	522	
4	0	0	0	0	521	
5	0	0	0	0	519	
6	0	0	0	0	518	
7	0	0	0	0	519	
8	0	0	0	0	518	
9	0	0	0	0	517	
10	0	0	0	0	516	
11	0	0	0	0	516	
12	0	0	0	0	516	
13	0	0	0	0	519	
14	0	0	0	0	521	
15	0	0	0	0	521	
0	0	0	0	0	520	
1	0	0	0	0	519	
2	0	0	0	0	519	
3	0	0	0	0	518	
4	0	0	0	0	520	
5	0	0	0	0	524	
6	0	0	0	0	524	
7	0	0	0	0	523	
8	0	0	0	0	523	
9	0	0	0	0	521	
10	0	0	0	0	521	
11	0	0	0	0	523	
12	0	0	0	0	523	
13	0	0	0	0	524	
14	0	0	0	0	526	
15	0	0	0	0	526	
0	0	0	0	0	523	
1	0	0	0	0	522	
2	0	0	0	0	521	
3	0	0	0	0	520	
4	0	0	0	0	519	
5	0	0	0	0	518	
6	0	0	0	0	519	
7	0	0	0	0	519	
8	0	0	0	0	519	
9	0	0	0	0	516	
10	0	0	0	0	516	
11	0	0	0	0	516	
12	0	0	0	0	517	
13	0	0	0	0	517	
14	0	0	0	0	516	
15	0	0	0	0	516	
0	0	0	0	0	515	
1	0	0	0	0	515	
2	0	0	0	0	513	
3	0	0	0	0	511	
4	0	0	0	0	510	
5	0	0	0	0	513	
6	0	0	0	0	516	
7	0	0	0	0	519	
8	0	0	0	0	518	
9	0	0	0	0	517	
10	0	0	0	0	519	
11	0	0	0	0	518	
12	0	0	0	0	516	
13	0	0	0	0	515	
14	0	0	0	0	515	
15	0	0	0	0	515	
0	0	0	0	0	513	
1	0	0	0	0	512	
2	0	0	0	0	512	
3	0	0	0	0	513	
4	0	0	0	0	515	
5	0	0	0	0	515	
6	0	0	0	0	515	
7	0	0	0	0	517	
8	0	0	0	0	519	
9	0	0	0	0	517	
10	0	0	0	0	516	
11	0	0	0	0	516	
12	0	0	0	0	515	
13	0	0	0	0	515	
14	0	0	0	0	517	
15	0	0	0	0	518	
0	0	0	0	0	515	
1	0	0	0	0	510	
2	0	0	0	0	509	
3	0	0	0	0	514	
4	0	0	0	0	519	
5	0	0	0	0	521	
6	0	0	0	0	521	
7	0	0	0	0	519	
8	0	0	0	0	519	
9	0	0	0	0	522	
10	0	0	0	0	520	
11	0	0	0	0	521	
12	0	0	0	0	517	
13	0	0	0	0	512	
14	0	0	0	0	514	
15	0	0	0	0	517	
0	0	0	0	0	516	
1	0	0	0	0	516	
2	0	0	0	0	517	
3	0	0	0	0	520	
4	0	0	0	0	521	
5	0	0	0	0	519	
6	0	0	0	0	519	
7	0	0	0	0	519	
8	0	0	0	0	518	
9	0	0	0	0	518	
10	0	0	0	0	519	
11	0	0	0	0	518	
12	0	0	0	0	515	
13	0	0	0	0	515	
14	0	0	0	0	516	
15	0	0	0	0	515	
0	0	0	0	0	516	
1	0	0	0	0	517	
2	0	0	0	0	518	
3	0	0	0	0	518	
4	0	0	0	0	517	
5	0	0	0	0	515	
6	0	0	0	0	514	
7	0	0	0	0	515	
8	0	0	0	0	515	
9	0	0	0	0	517	
10	0	0	0	0	515	
11	0	0	0	0	512	
12	0	0	0	0	511	
13	0	0	0	0	511	
14	0	0	0	0	513	
15	0	0	0	0	513	
0	0	0	0	0	515	
1	0	0	0	0	515	
2	0	0	0	0	514	
3	0	0	0	0	513	
4	0	0	0	0	512	
5	0	0	0	0	511	
6	0	0	0	0	511	
7	0	0	0	0	512	
8	0	0	0	0	512	
9	0	0	0	0	513	
10	0	0	0	0	514	
11	0	0	0	0	515	
12	0	0	0	0	516	
13	0	0	0	0	515	
14	0	0	0	0	516	
15	0	0	0	0	515	
0	0	0	0	0	514	
1	0	0	0	0	513	
2	0	0	0	0	514	
3	0	0	0	0	513	
4	0	0	0	0	512	
5	0	0	0	0	514	
6	0	0	0	0	515	
7	0	0	0	0	516	
8	0	0	0	0	515	
9	0	0	0	0	513	
10	0	0	0	0	515	
11	0	0	0	0	514	
12	0	0	0	0	513	
13	0	0	0	0	512	
14	0	0	0	0	509	
15	0	0	0	0	503	
0	0	0	0	0	504	
1	0	0	0	0	509	
2	0	0	0	0	513	
3	0	0	0	0	515	
4	0	0	0	0	516	
5	0	0	0	0	516	
6	0	0	0	0	516	
7	0	0	0	0	514	
8	0	0	0	0	512	
9	0	0	0	0	513	
10	0	0	0	0	512	
11	0	0	0	0	512	
12	0	0	0	0	516	
13	0	0	0	0	517	
14	0	0	0	0	517	
15	0	0	0	0	516	
0	0	0	0	0	513	
1	0	0	0	0	511	
2	0	0	0	0	514	
3	0	0	0	0	517	
4	0	0	0	0	517	
5	0	0	0	0	516	
6	0	0	0	0	517	
7	0	0	0	0	515	
8	0	0	0	0	516	
9	0	0	0	0	520	
10	0	0	0	0	521	
11	0	0	0	0	520	
12	0	0	0	0	518	
13	0	0	0	0	519	
14	0	0	0	0	521	
15	0	0	0	0	519	
0	0	0	0	0	520	
1	0	0	0	0	521	
2	0	0	0	0	524	
3	0	0	0	0	525	
4	0	0	0	0	522	
5	0	0	0	0	523	
6	0	0	0	0	524	
7	0	0	0	0	525	
8	0	0	0	0	525	
9	0	0	0	0	525	
10	0	0	0	0	523	
11	0	0	0	0	522	
12	0	0	0	0	523	
13	0	0	0	0	523	
14	0	0	0	0	525	
15	0	0	0	0	526	
0	0	0	0	0	524	
1	0	0	0	0	523	
2	0	0	0	0	522	
3	0	0	0	0	523	
4	0	0	0	0	525	
5	0	0	0	0	526	
6	0	0	0	0	525	
7	0	0	0	0	524	
8	0	0	0	0	521	
9	0	0	0	0	520	
10	0	0	0	0	519	
11	0	0	0	0	520	
12	0	0	0	0	521	
13	0	0	0	0	521	
14	0	0	0	0	521	
15	0	0	0	0	519	
0	0	0	0	0	516	
1	0	0	0	0	516	
2	0	0	0	0	520	
3	0	0	0	0	523	
4	0	0	0	0	519	
5	0	0	0	0	516	
6	0	0	0	0	512	
7	0	0	0	0	512	
8	0	0	0	0	514	
9	0	0	0	0	517	
10	0	0	0	0	516	
11	0	0	0	0	516	
12	0	0	0	0	516	
13	0	0	0	0	516	
14	0	0	0	0	516	
15	0	0	0	0	518	
0	0	0	0	0	516	
1	0	0	0	0	515	
2	0	0	0	0	515	
3	0	0	0	0	513	
4	0	0	0	0	511	
5	0	0	0	0	512	
6	0	0	0	0	513	
7	0	0	0	0	514	
8	0	0	0	0	513	
9	0	0	0	0	512	
10	0	0	0	0	511	
11	0	0	0	0	510	
12	0	0	0	0	509	
13	0	0	0	0	509	
14	0	0	0	0	511	
15	0	0	0	0	508	
0	0	0	0	0	505	
1	0	0	0	0	503	
2	0	0	0	0	506	
3	0	0	0	0	506	
4	0	0	0	0	504	
5	0	0	0	0	505	
6	0	0	0	0	508	
7	0	0	0	0	511	
8	0	0	0	0	512	
9	0	0	0	0	508	
10	0	0	0	0	504	
11	0	0	0	0	505	
12	0	0	0	0	505	
13	0	0	0	0	505	
14	0	0	0	0	506	
15	0	0	0	0	508	
0	0	0	0	0	506	
1	0	0	0	0	504	
2	0	0	0	0	503	
3	0	0	0	0	505	
4	0	0	0	0	507	
5	0	0	0	0	508	
6	0	0	0	0	508	
7	0	0	0	0	508	
8	0	0	0	0	510	
9	0	0	0	0	510	
10	0	0	0	0	511	
11	0	0	0	0	512	
12	0	0	0	0	512	
13	0	0	0	0	511	
14	0	0	0	0	509	
15	0	0	0	0	510	
0	0	0	0	0	511	
1	0	0	0	0	509	
2	0	0	0	0	505	
3	0	0	0	0	506	
4	0	0	0	0	507	
5	0	0	0	0	507	
6	0	0	0	0	505	
7	0	0	0	0	506	
8	0	0	0	0	507	
9	0	0	0	0	505	
10	0	0	0	0	500	
11	0	0	0	0	498	
12	0	0	0	0	499	
13	0	0	0	0	499	
14	0	0	0	0	498	
15	0	0	0	0	497	
0	0	0	0	0	497	
1	0	0	0	0	496	
2	0	0	0	0	496	
3	0	0	0	0	494	
4	0	0	0	0	492	
5	0	0	0	0	491	
6	0	0	0	0	488	
7	0	0	0	0	484	
8	0	0	0	0	480	
9	0	0	0	0	482	
10	0	0	0	0	481	
11	0	0	0	0	479	
12	0	0	0	0	480	
13	0	0	0	0	482	
14	0	0	0	0	486	
15	0	0	0	0	490	
0	0	0	0	0	495	
1	0	0	0	0	499	
2	0	0	0	0	504	
3	0	0	0	0	510	
4	0	0	0	0	518	
5	0	0	0	0	525	
6	0	0	0	0	531	
7	0	0	0	0	536	
8	0	0	0	0	544	
9	0	0	0	0	554	
10	0	0	0	0	562	
11	0	0	0	0	573	
12	0	0	0	0	583	
13	0	0	0	0	595	
14	0	0	0	0	606	
15	0	0	0	0	622	
0	0	0	0	0	639	
1	0	0	0	0	652	
2	0	0	0	0	666	
3	0	0	0	0	676	
4	0	0	0	0	685	
5	0	0	0	0	693	
6	0	0	0	0	700	
7	0	0	0	0	702	
8	0	0	0	0	700	
9	0	0	0	0	693	
10	0	0	0	0	681	
11	0	0	0	0	668	
12	0	0	0	0	656	
13	0	0	0	0	646	
14	0	0	0	0	630	
15	0	0	0	0	615	
0	0	0	0	0	598	
1	0	0	0	0	581	
2	0	0	0	0	563	
3	0	0	0	0	548	
4	0	0	0	0	533	
5	0	0	0	0	518	
6	0	0	0	0	504	
7	0	0	0	0	492	
8	0	0	0	0	483	
9	0	0	0	0	474	
10	0	0	0	0	468	
11	0	0	0	0	464	
12	0	0	0	0	460	
13	0	0	0	0	455	
14	0	0	0	0	458	
15	0	0	0	0	462	
0	0	0	0	0	465	
1	0	0	0	0	465	
2	0	0	0	0	464	
3	0	0	0	0	466	
4	0	0	0	0	470	
5	0	0	0	0	475	
6	0	0	0	0	480	
7	0	0	0	0	482	
8	0	0	0	0	483	
9	0	0	0	0	486	
10	0	0	0	0	484	
11	0	0	0	0	483	
12	0	0	0	0	484	
13	0	0	0	0	485	
14	0	0	0	0	484	
15	0	0	0	0	482	
0	0	0	0	0	484	
1	0	0	0	0	486	
2	0	0	0	0	487	
3	0	0	0	0	486	
4	0	0	0	0	484	
5	0	0	0	0	485	
6	0	0	0	0	487	
7	0	0	0	0	487	
8	0	0	0	0	486	
9	0	0	0	0	485	
10	0	0	0	0	485	
11	0	0	0	0	485	
12	0	0	0	0	486	
13	0	0	0	0	486	
14	0	0	0	0	485	
15	0	0	0	0	483	
0	0	0	0	0	483	
1	0	0	0	0	487	
2	0	0	0	0	490	
3	0	0	0	0	491	
4	0	0	0	0	487	
5	0	0	0	0	486	
6	0	0	0	0	486	
7	0	0	0	0	487	
8	0	0	0	0	486	
9	0	0	0	0	487	
10	0	0	0	0	490	
11	0	0	0	0	492	
12	0	0	0	0	493	
13	0	0	0	0	494	
14	0	0	0	0	493	
15	0	0	0	0	493	
0	0	0	0	0	493	
1	0	0	0	0	494	
2	0	0	0	0	494	
3	0	0	0	0	492	
4	0	0	0	0	491	
5	0	0	0	0	491	
6	0	0	0	0	493	
7	0	0	0	0	495	
8	0	0	0	0	496	
9	0	0	0	0	495	
10	0	0	0	0	493	
11	0	0	0	0	492	
12	0	0	0	0	492	
13	0	0	0	0	494	
14	0	0	0	0	495	
15	0	0	0	0	497	
0	0	0	0	0	498	
1	0	0	0	0	498	
2	0	0	0	0	499	
3	0	0	0	0	498	
4	0	0	0	0	497	
5	0	0	0	0	499	
6	0	0	0	0	502	
7	0	0	0	0	502	
8	0	0	0	0	501	
9	0	0	0	0	500	
10	0	0	0	0	499	
11	0	0	0	0	498	
12	0	0	0	0	499	
13	0	0	0	0	500	
14	0	0	0	0	502	
15	0	0	0	0	501	
0	0	0	0	0	501	
1	0	0	0	0	500	
2	0	0	0	0	496	
3	0	0	0	0	492	
4	0	0	0	0	495	
5	0	0	0	0	499	
6	0	0	0	0	502	
7	0	0	0	0	502	
8	0	0	0	0	503	
9	0	0	0	0	503	
10	0	0	0	0	503	
11	0	0	0	0	500	
12	0	0	0	0	496	
13	0	0	0	0	496	
14	0	0	0	0	501	
15	0	0	0	0	505	
0	0	0	0	0	504	
1	0	0	0	0	503	
2	0	0	0	0	505	
3	0	0	0	0	508	
4	0	0	0	0	508	
5	0	0	0	0	508	
6	0	0	0	0	508	
7	0	0	0	0	508	
8	0	0	0	0	508	
9	0	0	0	0	506	
10	0	0	0	0	504	
11	0	0	0	0	502	
12	0	0	0	0	502	
13	0	0	0	0	505	
14	0	0	0	0	508	
15	0	0	0	0	508	
0	0	0	0	0	508	
1	0	0	0	0	508	
2	0	0	0	0	508	
3	0	0	0	0	508	
4	0	0	0	0	510	
5	0	0	0	0	511	
6	0	0	0	0	511	
7	0	0	0	0	511	
8	0	0	0	0	511	
9	0	0	0	0	510	
10	0	0	0	0	510	
11	0	0	0	0	511	
12	0	0	0	0	512	
13	0	0	0	0	512	
14	0	0	0	0	513	
15	0	0	0	0	513	
0	0	0	0	0	514	
1	0	0	0	0	513	
2	0	0	0	0	512	
3	0	0	0	0	511	
4	0	0	0	0	510	
5	0	0	0	0	509	
6	0	0	0	0	510	
7	0	0	0	0	511	
8	0	0	0	0	512	
9	0	0	0	0	513	
10	0	0	0	0	512	
11	0	0	0	0	513	
12	0	0	0	0	512	
13	0	0	0	0	512	
14	0	0	0	0	511	
15	0	0	0	0	513	
0	0	0	0	0	515	
1	0	0	0	0	515	
2	0	0	0	0	515	
3	0	0	0	0	515	
4	0	0	0	0	515	
5	0	0	0	0	516	
6	0	0	0	0	516	
7	0	0	0	0	515	
8	0	0	0	0	515	
9	0	0	0	0	517	
10	0	0	0	0	517	
11	0	0	0	0	517	
12	0	0	0	0	518	
13	0	0	0	0	520	
14	0	0	0	0	522	
15	0	0	0	0	522	
0	0	0	0	0	523	
1	0	0	0	0	524	
2	0	0	0	0	523	
3	0	0	0	0	521	
4	0	0	0	0	520	
5	0	0	0	0	518	
6	0	0	0	0	519	
7	0	0	0	0	520	
8	0	0	0	0	521	
9	0	0	0	0	523	
10	0	0	0	0	524	
11	0	0	0	0	524	
12	0	0	0	0	524	
13	0	0	0	0	526	
14	0	0	0	0	527	
15	0	0	0	0	525	
0	0	0	0	0	521	
1	0	0	0	0	523	
2	0	0	0	0	526	
3	0	0	0	0	527	
4	0	0	0	0	529	
5	0	0	0	0	531	
6	0	0	0	0	532	
7	0	0	0	0	531	
8	0	0	0	0	531	
9	0	0	0	0	531	
10	0	0	0	0	532	
11	0	0	0	0	533	
12	0	0	0	0	534	
13	0	0	0	0	539	
14	0	0	0	0	538	
15	0	0	0	0	536	
0	0	0	0	0	534	
1	0	0	0	0	535	
2	0	0	0	0	536	
3	0	0	0	0	537	
4	0	0	0	0	536	
5	0	0	0	0	537	
6	0	0	0	0	537	
7	0	0	0	0	536	
8	0	0	0	0	535	
9	0	0	0	0	535	
10	0	0	0	0	534	
11	0	0	0	0	534	
12	0	0	0	0	535	
13	0	0	0	0	535	
14	0	0	0	0	535	
15	0	0	0	0	536	
0	0	0	0	0	539	
1	0	0	0	0	542	
2	0	0	0	0	543	
3	0	0	0	0	542	
4	0	0	0	0	541	
5	0	0	0	0	539	
6	0	0	0	0	539	
7	0	0	0	0	542	
8	0	0	0	0	547	
9	0	0	0	0	549	
10	0	0	0	0	548	
11	0	0	0	0	549	
12	0	0	0	0	547	
13	0	0	0	0	545	
14	0	0	0	0	544	
15	0	0	0	0	546	
0	0	0	0	0	547	
1	0	0	0	0	547	
2	0	0	0	0	547	
3	0	0	0	0	545	
4	0	0	0	0	544	
5	0	0	0	0	543	
6	0	0	0	0	543	
7	0	0	0	0	545	
8	0	0	0	0	546	
9	0	0	0	0	546	
10	0	0	0	0	544	
11	0	0	0	0	541	
12	0	0	0	0	537	
13	0	0	0	0	536	
14	0	0	0	0	536	
15	0	0	0	0	535	
0	0	0	0	0	535	
1	0	0	0	0	533	
2	0	0	0	0	531	
3	0	0	0	0	531	
4	0	0	0	0	531	
5	0	0	0	0	529	
6	0	0	0	0	528	
7	0	0	0	0	527	
8	0	0	0	0	526	
9	0	0	0	0	524	
10	0	0	0	0	523	
11	0	0	0	0	520	
12	0	0	0	0	519	
13	0	0	0	0	519	
14	0	0	0	0	515	
15	0	0	0	0	512	
0	0	0	0	0	510	
1	0	0	0	0	510	
2	0	0	0	0	510	
3	0	0	0	0	509	
4	0	0	0	0	507	
5	0	0	0	0	505	
6	0	0	0	0	500	
7	0	0	0	0	496	
8	0	0	0	0	493	
9	0	0	0	0	493	
10	0	0	0	0	495	
11	0	0	0	0	495	
12	0	0	0	0	494	
13	0	0	0	0	494	
14	0	0	0	0	492	
15	0	0	0	0	490	
0	0	0	0	0	487	
1	0	0	0	0	484	
2	0	0	0	0	485	
3	0	0	0	0	487	
4	0	0	0	0	486	
5	0	0	0	0	486	
6	0	0	0	0	486	
7	0	0	0	0	483	
8	0	0	0	0	480	
9	0	0	0	0	479	
10	0	0	0	0	478	
11	0	0	0	0	476	
12	0	0	0	0	478	
13	0	0	0	0	482	
14	0	0	0	0	485	
15	0	0	0	0	486	
0	0	0	0	0	486	
1	0	0	0	0	485	
2	0	0	0	0	484	
3	0	0	0	0	485	
4	0	0	0	0	484	
5	0	0	0	0	483	
6	0	0	0	0	481	
7	0	0	0	0	480	
8	0	0	0	0	481	
9	0	0	0	0	482	
10	0	0	0	0	483	
11	0	0	0	0	485	
12	0	0	0	0	488	
13	0	0	0	0	486	
14	0	0	0	0	484	
15	0	0	0	0	484	
0	0	0	0	0	484	
1	0	0	0	0	483	
2	0	0	0	0	483	
3	0	0	0	0	483	
4	0	0	0	0	484	
5	0	0	0	0	486	
6	0	0	0	0	487	
7	0	0	0	0	485	
8	0	0	0	0	485	
9	0	0	0	0	486	
10	0	0	0	0	485	
11	0	0	0	0	486	
12	0	0	0	0	487	
13	0	0	0	0	489	
14	0	0	0	0	489	
15	0	0	0	0	487	
0	0	0	0	0	486	
1	0	0	0	0	487	
2	0	0	0	0	488	
3	0	0	0	0	489	
4	0	0	0	0	487	
5	0	0	0	0	488	
6	0	0	0	0	490	
7	0	0	0	0	490	
8	0	0	0	0	491	
9	0	0	0	0	491	
10	0	0	0	0	493	
11	0	0	0	0	493	
12	0	0	0	0	493	
13	0	0	0	0	494	
14	0	0	0	0	495	
15	0	0	0	0	495	
0	0	0	0	0	496	
1	0	0	0	0	495	
2	0	0	0	0	494	
3	0	0	0	0	492	
4	0	0	0	0	493	
5	0	0	0	0	491	
6	0	0	0	0	488	
7	0	0	0	0	488	
8	0	0	0	0	488	
9	0	0	0	0	490	
10	0	0	0	0	491	
11	0	0	0	0	491	
12	0	0	0	0	491	
13	0	0	0	0	493	
14	0	0	0	0	494	
15	0	0	0	0	494	
0	0	0	0	0	496	
1	0	0	0	0	497	
2	0	0	0	0	498	
3	0	0	0	0	499	
4	0	0	0	0	499	
5	0	0	0	0	499	
6	0	0	0	0	499	
7	0	0	0	0	499	
8	0	0	0	0	497	
9	0	0	0	0	496	
10	0	0	0	0	496	
11	0	0	0	0	495	
12	0	0	0	0	494	
13	0	0	0	0	493	
14	0	0	0	0	494	
15	0	0	0	0	498	
0	0	0	0	0	500	
1	0	0	0	0	499	
2	0	0	0	0	501	
3	0	0	0	0	503	
4	0	0	0	0	503	
5	0	0	0	0	503	
6	0	0	0	0	503	
7	0	0	0	0	504	
8	0	0	0	0	503	
9	0	0	0	0	502	
10	0	0	0	0	502	
11	0	0	0	0	504	
12	0	0	0	0	504	
13	0	0	0	0	504	
14	0	0	0	0	503	
15	0	0	0	0	504	
0	0	0	0	0	502	
1	0	0	0	0	500	
2	0	0	0	0	500	
3	0	0	0	0	501	
4	0	0	0	0	504	
5	0	0	0	0	507	
6	0	0	0	0	507	
7	0	0	0	0	505	
8	0	0	0	0	506	
9	0	0	0	0	505	
10	0	0	0	0	506	
11	0	0	0	0	506	
12	0	0	0	0	506	
13	0	0	0	0	506	
14	0	0	0	0	507	
15	0	0	0	0	506	
0	0	0	0	0	507	
1	0	0	0	0	509	
2	0	0	0	0	511	
3	0	0	0	0	512	
4	0	0	0	0	510	
5	0	0	0	0	510	
6	0	0	0	0	511	
7	0	0	0	0	510	
8	0	0	0	0	510	
9	0	0	0	0	508	
10	0	0	0	0	508	
11	0	0	0	0	508	
12	0	0	0	0	508	
13	0	0	0	0	508	
14	0	0	0	0	508	
15	0	0	0	0	507	
0	0	0	0	0	506	
1	0	0	0	0	505	
2	0	0	0	0	507	
3	0	0	0	0	510	
4	0	0	0	0	509	
5	0	0	0	0	508	
6	0	0	0	0	508	
7	0	0	0	0	509	
8	0	0	0	0	511	
9	0	0	0	0	511	
10	0	0	0	0	508	
11	0	0	0	0	506	
12	0	0	0	0	504	
13	0	0	0	0	505	
14	0	0	0	0	508	
15	0	0	0	0	511	
0	0	0	0	0	511	
1	0	0	0	0	510	
2	0	0	0	0	510	
3	0	0	0	0	508	
4	0	0	0	0	511	
5	0	0	0	0	511	
6	0	0	0	0	512	
7	0	0	0	0	508	
8	0	0	0	0	504	
9	0	0	0	0	504	
10	0	0	0	0	506	
11	0	0	0	0	507	
12	0	0	0	0	505	
13	0	0	0	0	507	
14	0	0	0	0	509	
15	0	0	0	0	511	
0	0	0	0	0	510	
1	0	0	0	0	509	
2	0	0	0	0	509	
3	0	0	0	0	506	
4	0	0	0	0	504	
5	0	0	0	0	504	
6	0	0	0	0	507	
7	0	0	0	0	509	
8	0	0	0	0	507	
9	0	0	0	0	508	
10	0	0	0	0	511	
11	0	0	0	0	513	
12	0	0	0	0	513	
13	0	0	0	0	512	
14	0	0	0	0	510	
15	0	0	0	0	509	
0	0	0	0	0	509	
1	0	0	0	0	509	
2	0	0	0	0	510	
3	0	0	0	0	510	
4	0	0	0	0	512	
5	0	0	0	0	514	
6	0	0	0	0	515	
7	0	0	0	0	514	
8	0	0	0	0	513	
9	0	0	0	0	512	
10	0	0	0	0	512	
11	0	0	0	0	512	
12	0	0	0	0	512	
13	0	0	0	0	513	
14	0	0	0	0	514	
15	0	0	0	0	515	
0	0	0	0	0	515	
1	0	0	0	0	515	
2	0	0	0	0	514	
3	0	0	0	0	514	
4	0	0	0	0	513	
5	0	0	0	0	511	
6	0	0	0	0	510	
7	0	0	0	0	509	
8	0	0	0	0	511	
9	0	0	0	0	513	
10	0	0	0	0	513	
11	0	0	0	0	513	
12	0	0	0	0	512	
13	0	0	0	0	513	
14	0	0	0	0	515	
15	0	0	0	0	517	
0	0	0	0	0	518	
1	0	0	0	0	519	
2	0	0	0	0	518	
3	0	0	0	0	515	
4	0	0	0	0	514	
5	0	0	0	0	515	
6	0	0	0	0	516	
7	0	0	0	0	516	
8	0	0	0	0	516	
9	0	0	0	0	515	
10	0	0	0	0	514	
11	0	0	0	0	514	
12	0	0	0	0	515	
13	0	0	0	0	517	
14	0	0	0	0	517	
15	0	0	0	0	517	
0	0	0	0	0	516	
1	0	0	0	0	516	
2	0	0	0	0	515	
3	0	0	0	0	514	
4	0	0	0	0	513	
5	0	0	0	0	515	
6	0	0	0	0	515	
7	0	0	0	0	515	
8	0	0	0	0	517	
9	0	0	0	0	518	
10	0	0	0	0	518	
11	0	0	0	0	519	
12	0	0	0	0	517	
13	0	0	0	0	514	
14	0	0	0	0	514	
15	0	0	0	0	516	
0	0	0	0	0	516	
1	0	0	0	0	517	
2	0	0	0	0	515	
3	0	0	0	0	513	
4	0	0	0	0	512	
5	0	0	0	0	512	
6	0	0	0	0	512	
7	0	0	0	0	511	
8	0	0	0	0	511	
9	0	0	0	0	513	
10	0	0	0	0	515	
11	0	0	0	0	515	
12	0	0	0	0	515	
13	0	0	0	0	514	
14	0	0	0	0	513	
15	0	0	0	0	510	
0	0	0	0	0	507	
1	0	0	0	0	509	
2	0	0	0	0	512	
3	0	0	0	0	515	
4	0	0	0	0	515	
5	0	0	0	0	515	
6	0	0	0	0	515	
7	0	0	0	0	516	
8	0	0	0	0	515	
9	0	0	0	0	512	
10	0	0	0	0	510	
11	0	0	0	0	512	
12	0	0	0	0	512	
13	0	0	0	0	512	
14	0	0	0	0	515	
15	0	0	0	0	518	
0	0	0	0	0	520	
1	0	0	0	0	521	
2	0	0	0	0	521	
3	0	0	0	0	520	
4	0	0	0	0	520	
5	0	0	0	0	520	
6	0	0	0	0	518	
7	0	0	0	0	515	
8	0	0	0	0	515	
9	0	0	0	0	516	
10	0	0	0	0	517	
11	0	0	0	0	518	
12	0	0	0	0	518	
13	0	0	0	0	518	
14	0	0	0	0	518	
15	0	0	0	0	517	
0	0	0	0	0	518	
1	0	0	0	0	520	
2	0	0	0	0	519	
3	0	0	0	0	516	
4	0	0	0	0	515	
5	0	0	0	0	515	
6	0	0	0	0	512	
7	0	0	0	0	513	
8	0	0	0	0	513	
9	0	0	0	0	514	
10	0	0	0	0	515	
11	0	0	0	0	516	
12	0	0	0	0	519	
13	0	0	0	0	520	
14	0	0	0	0	521	
15	0	0	0	0	521	
0	0	0	0	0	518	
1	0	0	0	0	516	
2	0	0	0	0	516	
3	0	0	0	0	517	
4	0	0	0	0	517	
5	0	0	0	0	515	
6	0	0	0	0	514	
7	0	0	0	0	515	
8	0	0	0	0	516	
9	0	0	0	0	515	
10	0	0	0	0	516	
11	0	0	0	0	516	
12	0	0	0	0	515	
13	0	0	0	0	515	
14	0	0	0	0	516	
15	0	0	0	0	513	
0	0	0	0	0	512	
1	0	0	0	0	512	
2	0	0	0	0	515	
3	0	0	0	0	517	
4	0	0	0	0	518	
5	0	0	0	0	517	
6	0	0	0	0	516	
7	0	0	0	0	515	
8	0	0	0	0	515	
9	0	0	0	0	515	
10	0	0	0	0	515	
11	0	0	0	0	517	
12	0	0	0	0	517	
13	0	0	0	0	515	
14	0	0	0	0	512	
15	0	0	0	0	511	
0	0	0	0	0	512	
1	0	0	0	0	511	
2	0	0	0	0	509	
3	0	0	0	0	511	
4	0	0	0	0	511	
5	0	0	0	0	513	
6	0	0	0	0	515	
7	0	0	0	0	512	
8	0	0	0	0	513	
9	0	0	0	0	513	
10	0	0	0	0	513	
11	0	0	0	0	513	
12	0	0	0	0	514	
13	0	0	0	0	514	
14	0	0	0	0	516	
15	0	0	0	0	518	
0	0	0	0	0	518	
1	0	0	0	0	517	
2	0	0	0	0	515	
3	0	0	0	0	513	
4	0	0	0	0	515	
5	0	0	0	0	516	
6	0	0	0	0	516	
7	0	0	0	0	514	
8	0	0	0	0	513	
9	0	0	0	0	513	
10	0	0	0	0	513	
11	0	0	0	0	513	
12	0	0	0	0	512	
13	0	0	0	0	514	
14	0	0	0	0	515	
15	0	0	0	0	515	
0	0	0	0	0	516	
1	0	0	0	0	517	
2	0	0	0	0	515	
3	0	0	0	0	514	
4	0	0	0	0	515	
5	0	0	0	0	516	
6	0	0	0	0	516	
7	0	0	0	0	516	
8	0	0	0	0	516	
9	0	0	0	0	515	
10	0	0	0	0	515	
11	0	0	0	0	516	
12	0	0	0	0	517	
13	0	0	0	0	517	
14	0	0	0	0	518	
15	0	0	0	0	515	
0	0	0	0	0	515	
1	0	0	0	0	515	
2	0	0	0	0	515	
3	0	0	0	0	516	
4	0	0	0	0	519	
5	0	0	0	0	519	
6	0	0	0	0	520	
7	0	0	0	0	519	
8	0	0	0	0	518	
9	0	0	0	0	518	
10	0	0	0	0	515	
11	0	0	0	0	512	
12	0	0	0	0	512	
13	0	0	0	0	514	
14	0	0	0	0	516	
15	0	0	0	0	516	
0	0	0	0	0	513	
1	0	0	0	0	510	
2	0	0	0	0	511	
3	0	0	0	0	514	
4	0	0	0	0	515	
5	0	0	0	0	514	
6	0	0	0	0	515	
7	0	0	0	0	515	
8	0	0	0	0	516	
9	0	0	0	0	519	
10	0	0	0	0	519	
11	0	0	0	0	517	
12	0	0	0	0	515	
13	0	0	0	0	515	
14	0	0	0	0	514	
15	0	0	0	0	514	
0	0	0	0	0	515	
1	0	0	0	0	518	
2	0	0	0	0	519	
3	0	0	0	0	518	
4	0	0	0	0	518	
5	0	0	0	0	517	
6	0	0	0	0	515	
7	0	0	0	0	513	
8	0	0	0	0	513	
9	0	0	0	0	512	
10	0	0	0	0	511	
11	0	0	0	0	512	
12	0	0	0	0	515	
13	0	0	0	0	518	
14	0	0	0	0	520	
15	0	0	0	0	519	
0	0	0	0	0	519	
1	0	0	0	0	518	
2	0	0	0	0	514	
3	0	0	0	0	511	
4	0	0	0	0	509	
5	0	0	0	0	508	
6	0	0	0	0	510	
7	0	0	0	0	514	
8	0	0	0	0	515	
9	0	0	0	0	515	
10	0	0	0	0	515	
11	0	0	0	0	514	
12	0	0	0	0	513	
13	0	0	0	0	515	
14	0	0	0	0	518	
15	0	0	0	0	520	
0	0	0	0	0	520	
1	0	0	0	0	521	
2	0	0	0	0	519	
3	0	0	0	0	516	
4	0	0	0	0	518	
5	0	0	0	0	517	
6	0	0	0	0	515	
7	0	0	0	0	513	
8	0	0	0	0	514	
9	0	0	0	0	518	
10	0	0	0	0	518	
11	0	0	0	0	519	
12	0	0	0	0	520	
13	0	0	0	0	519	
14	0	0	0	0	517	
15	0	0	0	0	516	
0	0	0	0	0	516	
1	0	0	0	0	513	
2	0	0	0	0	510	
3	0	0	0	0	510	
4	0	0	0	0	512	
5	0	0	0	0	515	
6	0	0	0	0	519	
7	0	0	0	0	518	
8	0	0	0	0	517	
9	0	0	0	0	519	
10	0	0	0	0	519	
11	0	0	0	0	519	
12	0	0	0	0	518	
13	0	0	0	0	519	
14	0	0	0	0	518	
15	0	0	0	0	515	
0	0	0	0	0	519	
1	0	0	0	0	521	
2	0	0	0	0	520	
3	0	0	0	0	519	
4	0	0	0	0	515	
5	0	0	0	0	514	
6	0	0	0	0	515	
7	0	0	0	0	518	
8	0	0	0	0	519	
9	0	0	0	0	516	
10	0	0	0	0	514	
11	0	0	0	0	515	
12	0	0	0	0	514	
13	0	0	0	0	514	
14	0	0	0	0	516	
15	0	0	0	0	517	
0	0	0	0	0	515	
1	0	0	0	0	513	
2	0	0	0	0	515	
3	0	0	0	0	517	
4	0	0	0	0	519	
5	0	0	0	0	520	
6	0	0	0	0	520	
7	0	0	0	0	519	
8	0	0	0	0	519	
9	0	0	0	0	519	
10	0	0	0	0	518	
11	0	0	0	0	518	
12	0	0	0	0	514	
13	0	0	0	0	512	
14	0	0	0	0	513	
15	0	0	0	0	516	
0	0	0	0	0	519	
1	0	0	0	0	520	
2	0	0	0	0	519	
3	0	0	0	0	518	
4	0	0	0	0	516	
5	0	0	0	0	517	
6	0	0	0	0	516	
7	0	0	0	0	514	
8	0	0	0	0	515	
9	0	0	0	0	515	
10	0	0	0	0	514	
11	0	0	0	0	514	
12	0	0	0	0	514	
13	0	0	0	0	515	
14	0	0	0	0	517	
15	0	0	0	0	518	
0	0	0	0	0	519	
1	0	0	0	0	519	
2	0	0	0	0	519	
3	0	0	0	0	518	
4	0	0	0	0	513	
5	0	0	0	0	512	
6	0	0	0	0	514	
7	0	0	0	0	515	
8	0	0	0	0	517	
9	0	0	0	0	520	
10	0	0	0	0	521	
11	0	0	0	0	521	
12	0	0	0	0	523	
13	0	0	0	0	524	
14	0	0	0	0	524	
15	0	0	0	0	523	
0	0	0	0	0	520	
1	0	0	0	0	519	
2	0	0	0	0	518	
3	0	0	0	0	517	
4	0	0	0	0	515	
5	0	0	0	0	511	
6	0	0	0	0	513	
7	0	0	0	0	516	
8	0	0	0	0	518	
9	0	0	0	0	517	
10	0	0	0	0	516	
11	0	0	0	0	518	
12	0	0	0	0	519	
13	0	0	0	0	519	
14	0	0	0	0	519	
15	0	0	0	0	521	
0	0	0	0	0	522	
1	0	0	0	0	522	
2	0	0	0	0	522	
3	0	0	0	0	523	
4	0	0	0	0	525	
5	0	0	0	0	527	
6	0	0	0	0	529	
7	0	0	0	0	528	
8	0	0	0	0	525	
9	0	0	0	0	523	
10	0	0	0	0	526	
11	0	0	0	0	529	
12	0	0	0	0	530	
13	0	0	0	0	529	
14	0	0	0	0	529	
15	0	0	0	0	527	
0	0	0	0	0	527	
1	0	0	0	0	527	
2	0	0	0	0	527	
3	0	0	0	0	527	
4	0	0	0	0	528	
5	0	0	0	0	529	
6	0	0	0	0	530	
7	0	0	0	0	531	
8	0	0	0	0	529	
9	0	0	0	0	527	
10	0	0	0	0	526	
11	0	0	0	0	524	
12	0	0	0	0	524	
13	0	0	0	0	524	
14	0	0	0	0	524	
15	0	0	0	0	524	
0	0	0	0	0	522	
1	0	0	0	0	520	
2	0	0	0	0	519	
3	0	0	0	0	519	
4	0	0	0	0	520	
5	0	0	0	0	519	
6	0	0	0	0	520	
7	0	0	0	0	519	
8	0	0	0	0	519	
9	0	0	0	0	519	
10	0	0	0	0	517	
11	0	0	0	0	516	
12	0	0	0	0	513	
13	0	0	0	0	512	
14	0	0	0	0	513	
15	0	0	0	0	515	
0	0	0	0	0	515	
1	0	0	0	0	510	
2	0	0	0	0	510	
3	0	0	0	0	512	
4	0	0	0	0	514	
5	0	0	0	0	514	
6	0	0	0	0	513	
7	0	0	0	0	511	
8	0	0	0	0	511	
9	0	0	0	0	512	
10	0	0	0	0	514	
11	0	0	0	0	516	
12	0	0	0	0	515	
13	0	0	0	0	513	
14	0	0	0	0	513	
15	0	0	0	0	509	
0	0	0	0	0	509	
1	0	0	0	0	511	
2	0	0	0	0	510	
3	0	0	0	0	510	
4	0	0	0	0	508	
5	0	0	0	0	507	
6	0	0	0	0	505	
7	0	0	0	0	505	
8	0	0	0	0	508	
9	0	0	0	0	508	
10	0	0	0	0	508	
11	0	0	0	0	508	
12	0	0	0	0	508	
13	0	0	0	0	507	
14	0	0	0	0	505	
15	0	0	0	0	504	
0	0	0	0	0	504	
1	0	0	0	0	504	
2	0	0	0	0	503	
3	0	0	0	0	504	
4	0	0	0	0	506	
5	0	0	0	0	508	
6	0	0	0	0	510	
7	0	0	0	0	508	
8	0	0	0	0	505	
9	0	0	0	0	503	
10	0	0	0	0	504	
11	0	0	0	0	503	
12	0	0	0	0	500	
13	0	0	0	0	499	
14	0	0	0	0	501	
15	0	0	0	0	502	
0	0	0	0	0	502	
1	0	0	0	0	502	
2	0	0	0	0	502	
3	0	0	0	0	500	
4	0	0	0	0	500	
5	0	0	0	0	499	
6	0	0	0	0	498	
7	0	0	0	0	493	
8	0	0	0	0	493	
9	0	0	0	0	492	
10	0	0	0	0	492	
11	0	0	0	0	492	
12	0	0	0	0	489	
13	0	0	0	0	488	
14	0	0	0	0	486	
15	0	0	0	0	483	
0	0	0	0	0	481	
1	0	0	0	0	480	
2	0	0	0	0	483	
3	0	0	0	0	485	
4	0	0	0	0	486	
5	0	0	0	0	487	
6	0	0	0	0	489	
7	0	0	0	0	492	
8	0	0	0	0	495	
9	0	0	0	0	500	
10	0	0	0	0	506	
11	0	0	0	0	512	
12	0	0	0	0	516	
13	0	0	0	0	521	
14	0	0	0	0	529	
15	0	0	0	0	538	
0	0	0	0	0	546	
1	0	0	0	0	555	
2	0	0	0	0	566	
3	0	0	0	0	577	
4	0	0	0	0	586	
5	0	0	0	0	598	
6	0	0	0	0	611	
7	0	0	0	0	622	
8	0	0	0	0	635	
9	0	0	0	0	648	
10	0	0	0	0	661	
11	0	0	0	0	676	
12	0	0	0	0	688	
13	0	0	0	0	697	
14	0	0	0	0	699	
15	0	0	0	0	697	
0	0	0	0	0	694	
1	0	0	0	0	688	
2	0	0	0	0	676	
3	0	0	0	0	659	
4	0	0	0	0	648	
5	0	0	0	0	639	
6	0	0	0	0	624	
7	0	0	0	0	608	
8	0	0	0	0	589	
9	0	0	0	0	568	
10	0	0	0	0	551	
11	0	0	0	0	539	
12	0	0	0	0	524	
13	0	0	0	0	511	
14	0	0	0	0	499	
15	0	0	0	0	490	
0	0	0	0	0	481	
1	0	0	0	0	473	
2	0	0	0	0	468	
3	0	0	0	0	465	
4	0	0	0	0	463	
5	0	0	0	0	463	
6	0	0	0	0	462	
7	0	0	0	0	460	
8	0	0	0	0	459	
9	0	0	0	0	460	
10	0	0	0	0	464	
11	0	0	0	0	468	
12	0	0	0	0	472	
13	0	0	0	0	475	
14	0	0	0	0	477	
15	0	0	0	0	478	
0	0	0	0	0	481	
1	0	0	0	0	481	
2	0	0	0	0	481	
3	0	0	0	0	480	
4	0	0	0	0	479	
5	0	0	0	0	477	
6	0	0	0	0	479	
7	0	0	0	0	480	
8	0	0	0	0	481	
9	0	0	0	0	484	
10	0	0	0	0	488	
11	0	0	0	0	490	
12	0	0	0	0	488	
13	0	0	0	0	486	
14	0	0	0	0	487	
15	0	0	0	0	488	
0	0	0	0	0	487	
1	0	0	0	0	486	
2	0	0	0	0	484	
3	0	0	0	0	484	
4	0	0	0	0	485	
5	0	0	0	0	485	
6	0	0	0	0	485	
7	0	0	0	0	482	
8	0	0	0	0	480	
9	0	0	0	0	480	
10	0	0	0	0	482	
11	0	0	0	0	484	
12	0	0	0	0	485	
13	0	0	0	0	486	
14	0	0	0	0	486	
15	0	0	0	0	485	
0	0	0	0	0	484	
1	0	0	0	0	483	
2	0	0	0	0	486	
3	0	0	0	0	489	
4	0	0	0	0	491	
5	0	0	0	0	493	
6	0	0	0	0	492	
7	0	0	0	0	489	
8	0	0	0	0	492	
9	0	0	0	0	491	
10	0	0	0	0	489	
11	0	0	0	0	488	
12	0	0	0	0	489	
13	0	0	0	0	490	
14	0	0	0	0	489	
15	0	0	0	0	488	
0	0	0	0	0	489	
1	0	0	0	0	489	
2	0	0	0	0	489	
3	0	0	0	0	492	
4	0	0	0	0	493	
5	0	0	0	0	491	
6	0	0	0	0	492	
7	0	0	0	0	491	
8	0	0	0	0	491	
9	0	0	0	0	491	
10	0	0	0	0	492	
11	0	0	0	0	492	
12	0	0	0	0	493	
13	0	0	0	0	492	
14	0	0	0	0	492	
15	0	0	0	0	494	
0	0	0	0	0	494	
1	0	0	0	0	493	
2	0	0	0	0	494	
3	0	0	0	0	496	
4	0	0	0	0	497	
5	0	0	0	0	497	
6	0	0	0	0	498	
7	0	0	0	0	498	
8	0	0	0	0	497	
9	0	0	0	0	497	
10	0	0	0	0	496	
11	0	0	0	0	496	
12	0	0	0	0	497	
13	0	0	0	0	497	
14	0	0	0	0	499	
15	0	0	0	0	500	
0	0	0	0	0	499	
1	0	0	0	0	498	
2	0	0	0	0	499	
3	0	0	0	0	499	
4	0	0	0	0	499	
5	0	0	0	0	499	
6	0	0	0	0	498	
7	0	0	0	0	497	
8	0	0	0	0	501	
9	0	0	0	0	503	
10	0	0	0	0	502	
11	0	0	0	0	502	
12	0	0	0	0	502	
13	0	0	0	0	500	
14	0	0	0	0	499	
15	0	0	0	0	500	
0	0	0	0	0	505	
1	0	0	0	0	509	
2	0	0	0	0	511	
3	0	0	0	0	509	
4	0	0	0	0	510	
5	0	0	0	0	511	
6	0	0	0	0	508	
7	0	0	0	0	505	
8	0	0	0	0	504	
9	0	0	0	0	506	
10	0	0	0	0	509	
11	0	0	0	0	508	
12	0	0	0	0	505	
13	0	0	0	0	505	
14	0	0	0	0	506	
15	0	0	0	0	508	
0	0	0	0	0	509	
1	0	0	0	0	507	
2	0	0	0	0	506	
3	0	0	0	0	505	
4	0	0	0	0	504	
5	0	0	0	0	502	
6	0	0	0	0	500	
7	0	0	0	0	500	
8	0	0	0	0	504	
9	0	0	0	0	506	
10	0	0	0	0	509	
11	0	0	0	0	511	
12	0	0	0	0	512	
13	0	0	0	0	512	
14	0	0	0	0	513	
15	0	0	0	0	513	
0	0	0	0	0	512	
1	0	0	0	0	512	
2	0	0	0	0	509	
3	0	0	0	0	508	
4	0	0	0	0	509	
5	0	0	0	0	510	
6	0	0	0	0	512	
7	0	0	0	0	512	
8	0	0	0	0	511	
9	0	0	0	0	512	
10	0	0	0	0	513	
11	0	0	0	0	513	
12	0	0	0	0	512	
13	0	0	0	0	515	
14	0	0	0	0	515	
15	0	0	0	0	515	
0	0	0	0	0	515	
1	0	0	0	0	517	
2	0	0	0	0	517	
3	0	0	0	0	515	
4	0	0	0	0	514	
5	0	0	0	0	515	
6	0	0	0	0	515	
7	0	0	0	0	515	
8	0	0	0	0	516	
9	0	0	0	0	517	
10	0	0	0	0	518	
11	0	0	0	0	519	
12	0	0	0	0	519	
13	0	0	0	0	520	
14	0	0	0	0	519	
15	0	0	0	0	518	
0	0	0	0	0	517	
1	0	0	0	0	519	
2	0	0	0	0	522	
3	0	0	0	0	524	
4	0	0	0	0	527	
5	0	0	0	0	528	
6	0	0	0	0	527	
7	0	0	0	0	525	
8	0	0	0	0	525	
9	0	0	0	0	527	
10	0	0	0	0	527	
11	0	0	0	0	526	
12	0	0	0	0	524	
13	0	0	0	0	523	
14	0	0	0	0	523	
15	0	0	0	0	526	
0	0	0	0	0	526	
1	0	0	0	0	523	
2	0	0	0	0	524	
3	0	0	0	0	529	
4	0	0	0	0	531	
5	0	0	0	0	533	
6	0	0	0	0	534	
7	0	0	0	0	535	
8	0	0	0	0	537	
9	0	0	0	0	537	
10	0	0	0	0	536	
11	0	0	0	0	535	
12	0	0	0	0	533	
13	0	0	0	0	533	
14	0	0	0	0	534	
15	0	0	0	0	535	
0	0	0	0	0	535	
1	0	0	0	0	536	
2	0	0	0	0	537	
3	0	0	0	0	539	
4	0	0	0	0	540	
5	0	0	0	0	540	
6	0	0	0	0	539	
7	0	0	0	0	539	
8	0	0	0	0	540	
9	0	0	0	0	539	
10	0	0	0	0	539	
11	0	0	0	0	540	
12	0	0	0	0	540	
13	0	0	0	0	540	
14	0	0	0	0	540	
15	0	0	0	0	539	
0	0	0	0	0	537	
1	0	0	0	0	538	
2	0	0	0	0	536	
3	0	0	0	0	533	
4	0	0	0	0	533	
5	0	0	0	0	536	
6	0	0	0	0	540	
7	0	0	0	0	542	
8	0	0	0	0	540	
9	0	0	0	0	540	
10	0	0	0	0	540	
11	0	0	0	0	541	
12	0	0	0	0	542	
13	0	0	0	0	542	
14	0	0	0	0	541	
15	0	0	0	0	539	
0	0	0	0	0	539	
1	0	0	0	0	539	
2	0	0	0	0	538	
3	0	0	0	0	535	
4	0	0	0	0	534	
5	0	0	0	0	533	
6	0	0	0	0	533	
7	0	0	0	0	533	
8	0	0	0	0	531	
9	0	0	0	0	529	
10	0	0	0	0	529	
11	0	0	0	0	526	
12	0	0	0	0	523	
13	0	0	0	0	522	
14	0	0	0	0	522	
15	0	0	0	0	520	
0	0	0	0	0	519	
1	0	0	0	0	519	
2	0	0	0	0	518	
3	0	0	0	0	518	
4	0	0	0	0	515	
5	0	0	0	0	510	
6	0	0	0	0	509	
7	0	0	0	0	509	
8	0	0	0	0	508	
9	0	0	0	0	508	
10	0	0	0	0	505	
11	0	0	0	0	504	
12	0	0	0	0	504	
13	0	0	0	0	506	
14	0	0	0	0	505	
15	0	0	0	0	503	
0	0	0	0	0	503	
1	0	0	0	0	501	
2	0	0	0	0	499	
3	0	0	0	0	499	
4	0	0	0	0	498	
5	0	0	0	0	496	
6	0	0	0	0	496	
7	0	0	0	0	493	
8	0	0	0	0	489	
9	0	0	0	0	486	
10	0	0	0	0	487	
11	0	0	0	0	487	
12	0	0	0	0	487	
13	0	0	0	0	486	
14	0	0	0	0	486	
15	0	0	0	0	483	
0	0	0	0	0	481	
1	0	0	0	0	480	
2	0	0	0	0	482	
3	0	0	0	0	482	
4	0	0	0	0	480	
5	0	0	0	0	480	
6	0	0	0	0	481	
7	0	0	0	0	478	
8	0	0	0	0	475	
9	0	0	0	0	475	
10	0	0	0	0	475	
11	0	0	0	0	475	
12	0	0	0	0	475	
13	0	0	0	0	478	
14	0	0	0	0	478	
15	0	0	0	0	477	
0	0	0	0	0	476	
1	0	0	0	0	476	
2	0	0	0	0	477	
3	0	0	0	0	478	
4	0	0	0	0	477	
5	0	0	0	0	475	
6	0	0	0	0	475	
7	0	0	0	0	476	
8	0	0	0	0	478	
9	0	0	0	0	479	
10	0	0	0	0	480	
11	0	0	0	0	481	
12	0	0	0	0	480	
13	0	0	0	0	480	
14	0	0	0	0	480	
15	0	0	0	0	481	
0	0	0	0	0	481	
1	0	0	0	0	478	
2	0	0	0	0	477	
3	0	0	0	0	480	
4	0	0	0	0	483	
5	0	0	0	0	483	
6	0	0	0	0	483	
7	0	0	0	0	481	
8	0	0	0	0	483	
9	0	0	0	0	485	
10	0	0	0	0	486	
11	0	0	0	0	486	
12	0	0	0	0	486	
13	0	0	0	0	485	
14	0	0	0	0	486	
15	0	0	0	0	486	
0	0	0	0	0	484	
1	0	0	0	0	483	
2	0	0	0	0	485	
3	0	0	0	0	486	
4	0	0	0	0	489	
5	0	0	0	0	492	
6	0	0	0	0	494	
7	0	0	0	0	492	
8	0	0	0	0	492	
9	0	0	0	0	491	
10	0	0	0	0	490	
11	0	0	0	0	490	
12	0	0	0	0	490	
13	0	0	0	0	490	
14	0	0	0	0	489	
15	0	0	0	0	489	
0	0	0	0	0	491	
1	0	0	0	0	495	
2	0	0	0	0	497	
3	0	0	0	0	496	
4	0	0	0	0	496	
5	0	0	0	0	496	
6	0	0	0	0	496	
7	0	0	0	0	496	
8	0	0	0	0	496	
9	0	0	0	0	497	
10	0	0	0	0	496	
11	0	0	0	0	495	
12	0	0	0	0	495	
13	0	0	0	0	496	
14	0	0	0	0	496	
15	0	0	0	0	496	
0	0	0	0	0	498	
1	0	0	0	0	500	
2	0	0	0	0	499	
3	0	0	0	0	499	
4	0	0	0	0	499	
5	0	0	0	0	499	
6	0	0	0	0	499	
7	0	0	0	0	500	
8	0	0	0	0	502	
9	0	0	0	0	500	
10	0	0	0	0	500	
11	0	0	0	0	501	
12	0	0	0	0	500	
13	0	0	0	0	497	
14	0	0	0	0	498	
15	0	0	0	0	499	
0	0	0	0	0	499	
1	0	0	0	0	500	
2	0	0	0	0	499	
3	0	0	0	0	499	
4	0	0	0	0	499	
5	0	0	0	0	503	
6	0	0	0	0	505	
7	0	0	0	0	505	
8	0	0	0	0	503	
9	0	0	0	0	503	
10	0	0	0	0	503	
11	0	0	0	0	502	
12	0	0	0	0	502	
13	0	0	0	0	504	
14	0	0	0	0	504	
15	0	0	0	0	503	
0	0	0	0	0	503	
1	0	0	0	0	502	
2	0	0	0	0	500	
3	0	0	0	0	499	
4	0	0	0	0	499	
5	0	0	0	0	502	
6	0	0	0	0	507	
7	0	0	0	0	507	
8	0	0	0	0	505	
9	0	0	0	0	502	
10	0	0	0	0	501	
11	0	0	0	0	501	
12	0	0	0	0	503	
13	0	0	0	0	505	
14	0	0	0	0	507	
15	0	0	0	0	507	
0	0	0	0	0	505	
1	0	0	0	0	504	
2	0	0	0	0	505	
3	0	0	0	0	508	
4	0	0	0	0	510	
5	0	0	0	0	508	
6	0	0	0	0	506	
7	0	0	0	0	504	
8	0	0	0	0	499	
9	0	0	0	0	499	
10	0	0	0	0	506	
11	0	0	0	0	509	
12	0	0	0	0	510	
13	0	0	0	0	511	
14	0	0	0	0	509	
15	0	0	0	0	506	
0	0	0	0	0	504	
1	0	0	0	0	503	
2	0	0	0	0	501	
3	0	0	0	0	499	
4	0	0	0	0	500	
5	0	0	0	0	503	
6	0	0	0	0	504	
7	0	0	0	0	505	
8	0	0	0	0	508	
9	0	0	0	0	511	
10	0	0	0	0	512	
11	0	0	0	0	511	
12	0	0	0	0	509	
13	0	0	0	0	508	
14	0	0	0	0	508	
15	0	0	0	0	508	
0	0	0	0	0	509	
1	0	0	0	0	510	
2	0	0	0	0	510	
3	0	0	0	0	510	
4	0	0	0	0	509	
5	0	0	0	0	506	
6	0	0	0	0	505	
7	0	0	0	0	508	
8	0	0	0	0	511	
9	0	0	0	0	509	
10	0	0	0	0	507	
11	0	0	0	0	508	
12	0	0	0	0	508	
13	0	0	0	0	505	
14	0	0	0	0	505	
15	0	0	0	0	507	
0	0	0	0	0	508	
1	0	0	0	0	508	
2	0	0	0	0	507	
3	0	0	0	0	507	
4	0	0	0	0	508	
5	0	0	0	0	508	
6	0	0	0	0	508	
7	0	0	0	0	509	
8	0	0	0	0	509	
9	0	0	0	0	508	
10	0	0	0	0	508	
11	0	0	0	0	511	
12	0	0	0	0	511	
13	0	0	0	0	511	
14	0	0	0	0	510	
15	0	0	0	0	508	
0	0	0	0	0	506	
1	0	0	0	0	505	
2	0	0	0	0	504	
3	0	0	0	0	506	
4	0	0	0	0	509	
5	0	0	0	0	510	
6	0	0	0	0	508	
7	0	0	0	0	507	
8	0	0	0	0	510	
9	0	0	0	0	511	
10	0	0	0	0	510	
11	0	0	0	0	510	
12	0	0	0	0	511	
13	0	0	0	0	508	
14	0	0	0	0	506	
15	0	0	0	0	508	
0	0	0	0	0	510	
1	0	0	0	0	511	
2	0	0	0	0	509	
3	0	0	0	0	509	
4	0	0	0	0	512	
5	0	0	0	0	513	
6	0	0	0	0	511	
7	0	0	0	0	511	
8	0	0	0	0	512	
9	0	0	0	0	512	
10	0	0	0	0	509	
11	0	0	0	0	507	
12	0	0	0	0	508	
13	0	0	0	0	508	
14	0	0	0	0	511	
15	0	0	0	0	510	
0	0	0	0	0	512	
1	0	0	0	0	515	
2	0	0	0	0	514	
3	0	0	0	0	511	
4	0	0	0	0	513	
5	0	0	0	0	517	
6	0	0	0	0	517	
7	0	0	0	0	516	
8	0	0	0	0	514	
9	0	0	0	0	515	
10	0	0	0	0	516	
11	0	0	0	0	514	
12	0	0	0	0	513	
13	0	0	0	0	513	
14	0	0	0	0	513	
15	0	0	0	0	512	
0	0	0	0	0	510	
1	0	0	0	0	508	
2	0	0	0	0	508	
3	0	0	0	0	508	
4	0	0	0	0	510	
5	0	0	0	0	512	
6	0	0	0	0	512	
7	0	0	0	0	512	
8	0	0	0	0	514	
9	0	0	0	0	512	
10	0	0	0	0	512	
11	0	0	0	0	511	
12	0	0	0	0	510	
13	0	0	0	0	508	
14	0	0	0	0	508	
15	0	0	0	0	508	
0	0	0	0	0	511	
1	0	0	0	0	514	
2	0	0	0	0	515	
3	0	0	0	0	515	
4	0	0	0	0	515	
5	0	0	0	0	515	
6	0	0	0	0	511	
7	0	0	0	0	509	
8	0	0	0	0	510	
9	0	0	0	0	512	
10	0	0	0	0	512	
11	0	0	0	0	512	
12	0	0	0	0	513	
13	0	0	0	0	514	
14	0	0	0	0	513	
15	0	0	0	0	514	
0	0	0	0	0	516	
1	0	0	0	0	515	
2	0	0	0	0	511	
3	0	0	0	0	510	
4	0	0	0	0	513	
5	0	0	0	0	514	
6	0	0	0	0	515	
7	0	0	0	0	515	
8	0	0	0	0	515	
9	0	0	0	0	515	
10	0	0	0	0	516	
11	0	0	0	0	514	
12	0	0	0	0	511	
13	0	0	0	0	508	
14	0	0	0	0	509	
15	0	0	0	0	508	
0	0	0	0	0	504	
1	0	0	0	0	504	
2	0	0	0	0	507	
3	0	0	0	0	509	
4	0	0	0	0	508	
5	0	0	0	0	505	
6	0	0	0	0	507	
7	0	0	0	0	512	
8	0	0	0	0	514	
9	0	0	0	0	513	
10	0	0	0	0	513	
11	0	0	0	0	512	
12	0	0	0	0	512	
13	0	0	0	0	515	
14	0	0	0	0	515	
15	0	0	0	0	511	
0	0	0	0	0	508	
1	0	0	0	0	507	
2	0	0	0	0	508	
3	0	0	0	0	507	
4	0	0	0	0	509	
5	0	0	0	0	508	
6	0	0	0	0	508	
7	0	0	0	0	508	
8	0	0	0	0	510	
9	0	0	0	0	511	
10	0	0	0	0	510	
11	0	0	0	0	510	
12	0	0	0	0	510	
13	0	0	0	0	511	
14	0	0	0	0	512	
15	0	0	0	0	515	
0	0	0	0	0	515	
1	0	0	0	0	514	
2	0	0	0	0	515	
3	0	0	0	0	513	
4	0	0	0	0	512	
5	0	0	0	0	512	
6	0	0	0	0	512	
7	0	0	0	0	513	
8	0	0	0	0	511	
9	0	0	0	0	511	
10	0	0	0	0	512	
11	0	0	0	0	511	
12	0	0	0	0	509	
13	0	0	0	0	512	
14	0	0	0	0	515	
15	0	0	0	0	516	
0	0	0	0	0	516	
1	0	0	0	0	515	
2	0	0	0	0	512	
3	0	0	0	0	511	
4	0	0	0	0	513	
5	0	0	0	0	511	
6	0	0	0	0	508	
7	0	0	0	0	506	
8	0	0	0	0	508	
9	0	0	0	0	510	
10	0	0	0	0	512	
11	0	0	0	0	515	
12	0	0	0	0	515	
13	0	0	0	0	514	
14	0	0	0	0	515	
15	0	0	0	0	512	
0	0	0	0	0	512	
1	0	0	0	0	512	
2	0	0	0	0	512	
3	0	0	0	0	511	
4	0	0	0	0	510	
5	0	0	0	0	507	
6	0	0	0	0	509	
7	0	0	0	0	511	
8	0	0	0	0	512	
9	0	0	0	0	515	
10	0	0	0	0	516	
11	0	0	0	0	515	
12	0	0	0	0	515	
13	0	0	0	0	515	
14	0	0	0	0	515	
15	0	0	0	0	515	
0	0	0	0	0	515	
1	0	0	0	0	515	
2	0	0	0	0	513	
3	0	0	0	0	511	
4	0	0	0	0	512	
5	0	0	0	0	512	
6	0	0	0	0	513	
7	0	0	0	0	512	
8	0	0	0	0	509	
9	0	0	0	0	510	
10	0	0	0	0	509	
11	0	0	0	0	509	
12	0	0	0	0	508	
13	0	0	0	0	510	
14	0	0	0	0	512	
15	0	0	0	0	513	
0	0	0	0	0	509	
1	0	0	0	0	507	
2	0	0	0	0	507	
3	0	0	0	0	507	
4	0	0	0	0	509	
5	0	0	0	0	511	
6	0	0	0	0	512	
7	0	0	0	0	511	
8	0	0	0	0	512	
9	0	0	0	0	514	
10	0	0	0	0	513	
11	0	0	0	0	510	
12	0	0	0	0	509	
13	0	0	0	0	511	
14	0	0	0	0	511	
15	0	0	0	0	511	
0	0	0	0	0	512	
1	0	0	0	0	510	
2	0	0	0	0	509	
3	0	0	0	0	508	
4	0	0	0	0	511	
5	0	0	0	0	512	
6	0	0	0	0	511	
7	0	0	0	0	510	
8	0	0	0	0	511	
9	0	0	0	0	512	
10	0	0	0	0	512	
11	0	0	0	0	513	
12	0	0	0	0	512	
13	0	0	0	0	511	
14	0	0	0	0	511	
15	0	0	0	0	511	
0	0	0	0	0	510	
1	0	0	0	0	509	
2	0	0	0	0	509	
3	0	0	0	0	512	
4	0	0	0	0	512	
5	0	0	0	0	511	
6	0	0	0	0	512	
7	0	0	0	0	512	
8	0	0	0	0	512	
9	0	0	0	0	511	
10	0	0	0	0	512	
11	0	0	0	0	512	
12	0	0	0	0	512	
13	0	0	0	0	512	
14	0	0	0	0	512	
15	0	0	0	0	511	
0	0	0	0	0	512	
1	0	0	0	0	513	
2	0	0	0	0	512	
3	0	0	0	0	511	
4	0	0	0	0	511	
5	0	0	0	0	511	
6	0	0	0	0	511	
7	0	0	0	0	509	
8	0	0	0	0	509	
9	0	0	0	0	510	
10	0	0	0	0	511	
11	0	0	0	0	512	
12	0	0	0	0	511	
13	0	0	0	0	510	
14	0	0	0	0	508	
15	0	0	0	0	508	
0	0	0	0	0	508	
1	0	0	0	0	509	
2	0	0	0	0	505	
3	0	0	0	0	503	
4	0	0	0	0	505	
5	0	0	0	0	508	
6	0	0	0	0	506	
7	0	0	0	0	503	
8	0	0	0	0	502	
9	0	0	0	0	504	
10	0	0	0	0	507	
11	0	0	0	0	508	
12	0	0	0	0	507	
13	0	0	0	0	510	
14	0	0	0	0	512	
15	0	0	0	0	511	
0	0	0	0	0	511	
1	0	0	0	0	512	
2	0	0	0	0	510	
3	0	0	0	0	510	
4	0	0	0	0	512	
5	0	0	0	0	513	
6	0	0	0	0	515	
7	0	0	0	0	515	
8	0	0	0	0	514	
9	0	0	0	0	512	
10	0	0	0	0	511	
11	0	0	0	0	510	
12	0	0	0	0	508	
13	0	0	0	0	506	
14	0	0	0	0	507	
15	0	0	0	0	510	
0	0	0	0	0	512	
1	0	0	0	0	511	
2	0	0	0	0	507	
3	0	0	0	0	504	
4	0	0	0	0	506	
5	0	0	0	0	509	
6	0	0	0	0	509	
7	0	0	0	0	509	
8	0	0	0	0	508	
9	0	0	0	0	507	
10	0	0	0	0	506	
11	0	0	0	0	508	
12	0	0	0	0	507	
13	0	0	0	0	505	
14	0	0	0	0	504	
15	0	0	0	0	504	
0	0	0	0	0	502	
1	0	0	0	0	499	
2	0	0	0	0	499	
3	0	0	0	0	502	
4	0	0	0	0	505	
5	0	0	0	0	509	
6	0	0	0	0	512	
7	0	0	0	0	512	
8	0	0	0	0	511	
9	0	0	0	0	511	
10	0	0	0	0	511	
11	0	0	0	0	510	
12	0	0	0	0	508	
13	0	0	0	0	505	
14	0	0	0	0	505	
15	0	0	0	0	507	
0	0	0	0	0	506	
1	0	0	0	0	505	
2	0	0	0	0	508	
3	0	0	0	0	510	
4	0	0	0	0	511	
5	0	0	0	0	513	
6	0	0	0	0	513	
7	0	0	0	0	513	
8	0	0	0	0	513	
9	0	0	0	0	513	
10	0	0	0	0	511	
11	0	0	0	0	508	
12	0	0	0	0	508	
13	0	0	0	0	507	
14	0	0	0	0	505	
15	0	0	0	0	504	
0	0	0	0	0	504	
1	0	0	0	0	505	
2	0	0	0	0	506	
3	0	0	0	0	507	
4	0	0	0	0	507	
5	0	0	0	0	506	
6	0	0	0	0	508	
7	0	0	0	0	507	
8	0	0	0	0	505	
9	0	0	0	0	506	
10	0	0	0	0	509	
11	0	0	0	0	512	
12	0	0	0	0	511	
13	0	0	0	0	510	
14	0	0	0	0	510	
15	0	0	0	0	506	
0	0	0	0	0	503	
1	0	0	0	0	504	
2	0	0	0	0	510	
3	0	0	0	0	513	
4	0	0	0	0	514	
5	0	0	0	0	512	
6	0	0	0	0	512	
7	0	0	0	0	514	
8	0	0	0	0	515	
9	0	0	0	0	512	
10	0	0	0	0	511	
11	0	0	0	0	511	
12	0	0	0	0	511	
13	0	0	0	0	510	
14	0	0	0	0	512	
15	0	0	0	0	513	
0	0	0	0	0	513	
1	0	0	0	0	513	
2	0	0	0	0	513	
3	0	0	0	0	515	
4	0	0	0	0	516	
5	0	0	0	0	516	
6	0	0	0	0	513	
7	0	0	0	0	512	
8	0	0	0	0	512	
9	0	0	0	0	511	
10	0	0	0	0	509	
11	0	0	0	0	508	
12	0	0	0	0	511	
13	0	0	0	0	512	
14	0	0	0	0	513	
15	0	0	0	0	514	
0	0	0	0	0	515	
1	0	0	0	0	517	
2	0	0	0	0	519	
3	0	0	0	0	519	
4	0	0	0	0	517	
5	0	0	0	0	518	
6	0	0	0	0	518	
7	0	0	0	0	519	
8	0	0	0	0	520	
9	0	0	0	0	519	
10	0	0	0	0	517	
11	0	0	0	0	518	
12	0	0	0	0	520	
13	0	0	0	0	519	
14	0	0	0	0	518	
15	0	0	0	0	517	
0	0	0	0	0	518	
1	0	0	0	0	517	
2	0	0	0	0	510	
3	0	0	0	0	504	
4	0	0	0	0	505	
5	0	0	0	0	509	
6	0	0	0	0	513	
7	0	0	0	0	515	
8	0	0	0	0	516	
9	0	0	0	0	517	
10	0	0	0	0	517	
11	0	0	0	0	514	
12	0	0	0	0	513	
13	0	0	0	0	512	
14	0	0	0	0	512	
15	0	0	0	0	511	
0	0	0	0	0	511	
1	0	0	0	0	509	
2	0	0	0	0	509	
3	0	0	0	0	508	
4	0	0	0	0	507	
5	0	0	0	0	506	
6	0	0	0	0	507	
7	0	0	0	0	508	
8	0	0	0	0	509	
9	0	0	0	0	508	
10	0	0	0	0	507	
11	0	0	0	0	506	
12	0	0	0	0	504	
13	0	0	0	0	500	
14	0	0	0	0	498	
15	0	0	0	0	499	
0	0	0	0	0	499	
1	0	0	0	0	498	
2	0	0	0	0	496	
3	0	0	0	0	496	
4	0	0	0	0	496	
5	0	0	0	0	498	
6	0	0	0	0	499	
7	0	0	0	0	498	
8	0	0	0	0	500	
9	0	0	0	0	503	
10	0	0	0	0	503	
11	0	0	0	0	502	
12	0	0	0	0	501	
13	0	0	0	0	499	
14	0	0	0	0	499	
15	0	0	0	0	501	
0	0	0	0	0	502	
1	0	0	0	0	499	
2	0	0	0	0	497	
3	0	0	0	0	497	
4	0	0	0	0	497	
5	0	0	0	0	497	
6	0	0	0	0	499	
7	0	0	0	0	499	
8	0	0	0	0	497	
9	0	0	0	0	497	
10	0	0	0	0	498	
11	0	0	0	0	500	
12	0	0	0	0	501	
13	0	0	0	0	502	
14	0	0	0	0	502	
15	0	0	0	0	502	
0	0	0	0	0	500	
1	0	0	0	0	500	
2	0	0	0	0	500	
3	0	0	0	0	500	
4	0	0	0	0	500	
5	0	0	0	0	502	
6	0	0	0	0	504	
7	0	0	0	0	503	
8	0	0	0	0	499	
9	0	0	0	0	497	
10	0	0	0	0	499	
11	0	0	0	0	499	
12	0	0	0	0	497	
13	0	0	0	0	497	
14	0	0	0	0	499	
15	0	0	0	0	497	
0	0	0	0	0	494	
1	0	0	0	0	491	
2	0	0	0	0	491	
3	0	0	0	0	491	
4	0	0	0	0	489	
5	0	0	0	0	489	
6	0	0	0	0	488	
7	0	0	0	0	487	
8	0	0	0	0	482	
9	0	0	0	0	477	
10	0	0	0	0	475	
11	0	0	0	0	474	
12	0	0	0	0	472	
13	0	0	0	0	472	
14	0	0	0	0	472	
15	0	0	0	0	469	
0	0	0	0	0	466	
1	0	0	0	0	466	
2	0	0	0	0	467	
3	0	0	0	0	472	
4	0	0	0	0	480	
5	0	0	0	0	485	
6	0	0	0	0	491	
7	0	0	0	0	497	
8	0	0	0	0	506	
9	0	0	0	0	511	
10	0	0	0	0	516	
11	0	0	0	0	524	
12	0	0	0	0	534	
13	0	0	0	0	542	
14	0	0	0	0	552	
15	0	0	0	0	563	
0	0	0	0	0	576	
1	0	0	0	0	591	
2	0	0	0	0	602	
3	0	0	0	0	613	
4	0	0	0	0	627	
5	0	0	0	0	641	
6	0	0	0	0	654	
7	0	0	0	0	666	
8	0	0	0	0	676	
9	0	0	0	0	684	
10	0	0	0	0	689	
11	0	0	0	0	691	
12	0	0	0	0	689	
13	0	0	0	0	684	
14	0	0	0	0	673	
15	0	0	0	0	659	
0	0	0	0	0	649	
1	0	0	0	0	640	
2	0	0	0	0	627	
3	0	0	0	0	615	
4	0	0	0	0	597	
5	0	0	0	0	579	
6	0	0	0	0	559	
7	0	0	0	0	539	
8	0	0	0	0	524	
9	0	0	0	0	512	
10	0	0	0	0	500	
11	0	0	0	0	490	
12	0	0	0	0	481	
13	0	0	0	0	472	
14	0	0	0	0	466	
15	0	0	0	0	460	
0	0	0	0	0	455	
1	0	0	0	0	454	
2	0	0	0	0	453	
3	0	0	0	0	454	
4	0	0	0	0	456	
5	0	0	0	0	460	
6	0	0	0	0	463	
7	0	0	0	0	465	
8	0	0	0	0	468	
9	0	0	0	0	470	
10	0	0	0	0	472	
11	0	0	0	0	475	
12	0	0	0	0	478	
13	0	0	0	0	480	
14	0	0	0	0	479	
15	0	0	0	0	479	
0	0	0	0	0	478	
1	0	0	0	0	479	
2	0	0	0	0	479	
3	0	0	0	0	478	
4	0	0	0	0	478	
5	0	0	0	0	478	
6	0	0	0	0	477	
7	0	0	0	0	477	
8	0	0	0	0	478	
9	0	0	0	0	477	
10	0	0	0	0	476	
11	0	0	0	0	476	
12	0	0	0	0	475	
13	0	0	0	0	475	
14	0	0	0	0	474	
15	0	0	0	0	472	
0	0	0	0	0	471	
1	0	0	0	0	471	
2	0	0	0	0	472	
3	0	0	0	0	476	
4	0	0	0	0	476	
5	0	0	0	0	473	
6	0	0	0	0	471	
7	0	0	0	0	472	
8	0	0	0	0	475	
9	0	0	0	0	476	
10	0	0	0	0	474	
11	0	0	0	0	473	
12	0	0	0	0	475	
13	0	0	0	0	475	
14	0	0	0	0	475	
15	0	0	0	0	476	
0	0	0	0	0	477	
1	0	0	0	0	481	
2	0	0	0	0	479	
3	0	0	0	0	475	
4	0	0	0	0	474	
5	0	0	0	0	477	
6	0	0	0	0	479	
7	0	0	0	0	478	
8	0	0	0	0	479	
9	0	0	0	0	481	
10	0	0	0	0	481	
11	0	0	0	0	481	
12	0	0	0	0	482	
13	0	0	0	0	482	
14	0	0	0	0	483	
15	0	0	0	0	484	
0	0	0	0	0	484	
1	0	0	0	0	483	
2	0	0	0	0	480	
3	0	0	0	0	481	
4	0	0	0	0	483	
5	0	0	0	0	482	
6	0	0	0	0	481	
7	0	0	0	0	481	
8	0	0	0	0	481	
9	0	0	0	0	483	
10	0	0	0	0	484	
11	0	0	0	0	486	
12	0	0	0	0	484	
13	0	0	0	0	487	
14	0	0	0	0	488	
15	0	0	0	0	490	
0	0	0	0	0	489	
1	0	0	0	0	488	
2	0	0	0	0	488	
3	0	0	0	0	487	
4	0	0	0	0	487	
5	0	0	0	0	487	
6	0	0	0	0	487	
7	0	0	0	0	487	
8	0	0	0	0	486	
9	0	0	0	0	488	
10	0	0	0	0	487	
11	0	0	0	0	487	
12	0	0	0	0	490	
13	0	0	0	0	493	
14	0	0	0	0	495	
15	0	0	0	0	494	
0	0	0	0	0	494	
1	0	0	0	0	493	
2	0	0	0	0	492	
3	0	0	0	0	491	
4	0	0	0	0	492	
5	0	0	0	0	493	
6	0	0	0	0	493	
7	0	0	0	0	492	
8	0	0	0	0	492	
9	0	0	0	0	490	
10	0	0	0	0	489	
11	0	0	0	0	491	
12	0	0	0	0	494	
13	0	0	0	0	496	
14	0	0	0	0	498	
15	0	0	0	0	497	
0	0	0	0	0	495	
1	0	0	0	0	497	
2	0	0	0	0	499	
3	0	0	0	0	498	
4	0	0	0	0	496	
5	0	0	0	0	492	
6	0	0	0	0	493	
7	0	0	0	0	494	
8	0	0	0	0	496	
9	0	0	0	0	497	
10	0	0	0	0	498	
11	0	0	0	0	499	
12	0	0	0	0	499	
13	0	0	0	0	497	
14	0	0	0	0	497	
15	0	0	0	0	498	
0	0	0	0	0	499	
1	0	0	0	0	499	
2	0	0	0	0	499	
3	0	0	0	0	501	
4	0	0	0	0	501	
5	0	0	0	0	500	
6	0	0	0	0	502	
7	0	0	0	0	498	
8	0	0	0	0	496	
9	0	0	0	0	497	
10	0	0	0	0	500	
11	0	0	0	0	502	
12	0	0	0	0	499	
13	0	0	0	0	500	
14	0	0	0	0	498	
15	0	0	0	0	496	
0	0	0	0	0	496	
1	0	0	0	0	496	
2	0	0	0	0	497	
3	0	0	0	0	498	
4	0	0	0	0	502	
5	0	0	0	0	502	
6	0	0	0	0	503	
7	0	0	0	0	505	
8	0	0	0	0	506	
9	0	0	0	0	506	
10	0	0	0	0	507	
11	0	0	0	0	505	
12	0	0	0	0	505	
13	0	0	0	0	505	
14	0	0	0	0	505	
15	0	0	0	0	504	
0	0	0	0	0	504	
1	0	0	0	0	505	
2	0	0	0	0	505	
3	0	0	0	0	504	
4	0	0	0	0	503	
5	0	0	0	0	501	
6	0	0	0	0	503	
7	0	0	0	0	506	
8	0	0	0	0	509	
9	0	0	0	0	508	
10	0	0	0	0	507	
11	0	0	0	0	506	
12	0	0	0	0	505	
13	0	0	0	0	508	
14	0	0	0	0	510	
15	0	0	0	0	511	
0	0	0	0	0	510	
1	0	0	0	0	510	
2	0	0	0	0	509	
3	0	0	0	0	508	
4	0	0	0	0	508	
5	0	0	0	0	511	
6	0	0	0	0	513	
7	0	0	0	0	514	
8	0	0	0	0	515	
9	0	0	0	0	516	
10	0	0	0	0	515	
11	0	0	0	0	512	
12	0	0	0	0	518	
13	0	0	0	0	522	
14	0	0	0	0	521	
15	0	0	0	0	522	
0	0	0	0	0	521	
1	0	0	0	0	521	
2	0	0	0	0	521	
3	0	0	0	0	520	
4	0	0	0	0	520	
5	0	0	0	0	520	
6	0	0	0	0	520	
7	0	0	0	0	520	
8	0	0	0	0	520	
9	0	0	0	0	523	
10	0	0	0	0	524	
11	0	0	0	0	524	
12	0	0	0	0	524	
13	0	0	0	0	523	
14	0	0	0	0	521	
15	0	0	0	0	520	
0	0	0	0	0	522	
1	0	0	0	0	523	
2	0	0	0	0	525	
3	0	0	0	0	527	
4	0	0	0	0	529	
5	0	0	0	0	527	
6	0	0	0	0	525	
7	0	0	0	0	524	
8	0	0	0	0	524	
9	0	0	0	0	523	
10	0	0	0	0	524	
11	0	0	0	0	526	
12	0	0	0	0	528	
13	0	0	0	0	528	
14	0	0	0	0	528	
15	0	0	0	0	527	
0	0	0	0	0	529	
1	0	0	0	0	531	
2	0	0	0	0	531	
3	0	0	0	0	532	
4	0	0	0	0	533	
5	0	0	0	0	533	
6	0	0	0	0	533	
7	0	0	0	0	534	
8	0	0	0	0	532	
9	0	0	0	0	531	
10	0	0	0	0	531	
11	0	0	0	0	527	
12	0	0	0	0	527	
13	0	0	0	0	527	
14	0	0	0	0	527	
15	0	0	0	0	528	
0	0	0	0	0	527	
1	0	0	0	0	526	
2	0	0	0	0	524	
3	0	0	0	0	519	
4	0	0	0	0	518	
5	0	0	0	0	516	
6	0	0	0	0	517	
7	0	0	0	0	518	
8	0	0	0	0	519	
9	0	0	0	0	516	
10	0	0	0	0	515	
11	0	0	0	0	514	
12	0	0	0	0	512	
13	0	0	0	0	515	
14	0	0	0	0	519	
15	0	0	0	0	518	
0	0	0	0	0	516	
1	0	0	0	0	513	
2	0	0	0	0	508	
3	0	0	0	0	503	
4	0	0	0	0	503	
5	0	0	0	0	503	
6	0	0	0	0	502	
7	0	0	0	0	499	
8	0	0	0	0	496	
9	0	0	0	0	493	
10	0	0	0	0	492	
11	0	0	0	0	491	
12	0	0	0	0	489	
13	0	0	0	0	487	
14	0	0	0	0	486	
15	0	0	0	0	486	
0	0	0	0	0	485	
1	0	0	0	0	485	
2	0	0	0	0	486	
3	0	0	0	0	484	
4	0	0	0	0	483	
5	0	0	0	0	481	
6	0	0	0	0	480	
7	0	0	0	0	479	
8	0	0	0	0	478	
9	0	0	0	0	478	
10	0	0	0	0	477	
11	0	0	0	0	474	
12	0	0	0	0	476	
13	0	0	0	0	479	
14	0	0	0	0	478	
15	0	0	0	0	478	
0	0	0	0	0	477	
1	0	0	0	0	476	
2	0	0	0	0	475	
3	0	0	0	0	475	
4	0	0	0	0	473	
5	0	0	0	0	473	
6	0	0	0	0	473	
7	0	0	0	0	473	
8	0	0	0	0	473	
9	0	0	0	0	472	
10	0	0	0	0	471	
11	0	0	0	0	472	
12	0	0	0	0	474	
13	0	0	0	0	473	
14	0	0	0	0	472	
15	0	0	0	0	473	
0	0	0	0	0	472	
1	0	0	0	0	472	
2	0	0	0	0	471	
3	0	0	0	0	471	
4	0	0	0	0	473	
5	0	0	0	0	476	
6	0	0	0	0	475	
7	0	0	0	0	474	
8	0	0	0	0	472	
9	0	0	0	0	472	
10	0	0	0	0	472	
11	0	0	0	0	474	
12	0	0	0	0	476	
13	0	0	0	0	475	
14	0	0	0	0	476	
15	0	0	0	0	476	
0	0	0	0	0	476	
1	0	0	0	0	477	
2	0	0	0	0	476	
3	0	0	0	0	476	
4	0	0	0	0	479	
5	0	0	0	0	483	
6	0	0	0	0	484	
7	0	0	0	0	484	
8	0	0	0	0	484	
9	0	0	0	0	483	
10	0	0	0	0	483	
11	0	0	0	0	483	
12	0	0	0	0	482	
13	0	0	0	0	481	
14	0	0	0	0	480	
15	0	0	0	0	481	
0	0	0	0	0	483	
1	0	0	0	0	483	
2	0	0	0	0	483	
3	0	0	0	0	483	
4	0	0	0	0	483	
5	0	0	0	0	484	
6	0	0	0	0	487	
7	0	0	0	0	487	
8	0	0	0	0	486	
9	0	0	0	0	486	
10	0	0	0	0	488	
11	0	0	0	0	487	
12	0	0	0	0	488	
13	0	0	0	0	488	
14	0	0	0	0	488	
15	0	0	0	0	489	
0	0	0	0	0	488	
1	0	0	0	0	487	
2	0	0	0	0	487	
3	0	0	0	0	483	
4	0	0	0	0	481	
5	0	0	0	0	484	
6	0	0	0	0	489	
7	0	0	0	0	494	
8	0	0	0	0	496	
9	0	0	0	0	496	
10	0	0	0	0	498	
11	0	0	0	0	498	
12	0	0	0	0	498	
13	0	0	0	0	497	
14	0	0	0	0	497	
15	0	0	0	0	496	
0	0	0	0	0	496	
1	0	0	0	0	495	
2	0	0	0	0	496	
3	0	0	0	0	497	
4	0	0	0	0	496	
5	0	0	0	0	494	
6	0	0	0	0	495	
7	0	0	0	0	498	
8	0	0	0	0	499	
9	0	0	0	0	500	
10	0	0	0	0	497	
11	0	0	0	0	495	
12	0	0	0	0	496	
13	0	0	0	0	498	
14	0	0	0	0	499	
15	0	0	0	0	501	
0	0	0	0	0	501	
1	0	0	0	0	499	
2	0	0	0	0	499	
3	0	0	0	0	499	
4	0	0	0	0	500	
5	0	0	0	0	499	
6	0	0	0	0	499	
7	0	0	0	0	499	
8	0	0	0	0	499	
9	0	0	0	0	500	
10	0	0	0	0	502	
11	0	0	0	0	501	
12	0	0	0	0	502	
13	0	0	0	0	504	
14	0	0	0	0	505	
15	0	0	0	0	508	
0	0	0	0	0	508	
1	0	0	0	0	509	
2	0	0	0	0	508	
3	0	0	0	0	509	
4	0	0	0	0	510	
5	0	0	0	0	510	
6	0	0	0	0	509	
7	0	0	0	0	508	
8	0	0	0	0	507	
9	0	0	0	0	506	
10	0	0	0	0	505	
11	0	0	0	0	505	
12	0	0	0	0	507	
13	0	0	0	0	507	
14	0	0	0	0	507	
15	0	0	0	0	507	
0	0	0	0	0	507	
1	0	0	0	0	505	
2	0	0	0	0	506	
3	0	0	0	0	508	
4	0	0	0	0	507	
5	0	0	0	0	507	
6	0	0	0	0	509	
7	0	0	0	0	512	
8	0	0	0	0	511	
9	0	0	0	0	509	
10	0	0	0	0	510	
11	0	0	0	0	513	
12	0	0	0	0	513	
13	0	0	0	0	512	
14	0	0	0	0	511	
15	0	0	0	0	509	
0	0	0	0	0	510	
1	0	0	0	0	508	
2	0	0	0	0	508	
3	0	0	0	0	510	
4	0	0	0	0	512	
5	0	0	0	0	512	
6	0	0	0	0	511	
7	0	0	0	0	511	
8	0	0	0	0	512	
9	0	0	0	0	512	
10	0	0	0	0	511	
11	0	0	0	0	513	
12	0	0	0	0	513	
13	0	0	0	0	512	
14	0	0	0	0	511	
15	0	0	0	0	509	
0	0	0	0	0	508	
1	0	0	0	0	505	
2	0	0	0	0	504	
3	0	0	0	0	508	
4	0	0	0	0	512	
5	0	0	0	0	514	
6	0	0	0	0	516	
7	0	0	0	0	516	
8	0	0	0	0	516	
9	0	0	0	0	516	
10	0	0	0	0	515	
11	0	0	0	0	513	
12	0	0	0	0	513	
13	0	0	0	0	514	
14	0	0	0	0	516	
15	0	0	0	0	516	
0	0	0	0	0	516	
1	0	0	0	0	515	
2	0	0	0	0	514	
3	0	0	0	0	512	
4	0	0	0	0	511	
5	0	0	0	0	511	
6	0	0	0	0	512	
7	0	0	0	0	515	
8	0	0	0	0	518	
9	0	0	0	0	518	
10	0	0	0	0	515	
11	0	0	0	0	515	
12	0	0	0	0	515	
13	0	0	0	0	516	
14	0	0	0	0	514	
15	0	0	0	0	514	
0	0	0	0	0	515	
1	0	0	0	0	515	
2	0	0	0	0	513	
3	0	0	0	0	513	
4	0	0	0	0	516	
5	0	0	0	0	518	
6	0	0	0	0	519	
7	0	0	0	0	518	
8	0	0	0	0	517	
9	0	0	0	0	516	
10	0	0	0	0	515	
11	0	0	0	0	515	
12	0	0	0	0	514	
13	0	0	0	0	513	
14	0	0	0	0	513	
15	0	0	0	0	512	
0	0	0	0	0	512	
1	0	0	0	0	513	
2	0	0	0	0	515	
3	0	0	0	0	516	
4	0	0	0	0	517	
5	0	0	0	0	515	
6	0	0	0	0	516	
7	0	0	0	0	515	
8	0	0	0	0	514	
9	0	0	0	0	514	
10	0	0	0	0	514	
11	0	0	0	0	517	
12	0	0	0	0	519	
13	0	0	0	0	519	
14	0	0	0	0	519	
15	0	0	0	0	520	
0	0	0	0	0	519	
1	0	0	0	0	519	
2	0	0	0	0	519	
3	0	0	0	0	520	
4	0	0	0	0	521	
5	0	0	0	0	521	
6	0	0	0	0	520	
7	0	0	0	0	519	
8	0	0	0	0	521	
9	0	0	0	0	523	
10	0	0	0	0	524	
11	0	0	0	0	521	
12	0	0	0	0	519	
13	0	0	0	0	518	
14	0	0	0	0	520	
15	0	0	0	0	523	
0	0	0	0	0	526	
1	0	0	0	0	524	
2	0	0	0	0	521	
3	0	0	0	0	520	
4	0	0	0	0	518	
5	0	0	0	0	519	
6	0	0	0	0	520	
7	0	0	0	0	520	
8	0	0	0	0	518	
9	0	0	0	0	517	
10	0	0	0	0	521	
11	0	0	0	0	525	
12	0	0	0	0	527	
13	0	0	0	0	527	
14	0	0	0	0	527	
15	0	0	0	0	525	
0	0	0	0	0	523	
1	0	0	0	0	521	
2	0	0	0	0	519	
3	0	0	0	0	517	
4	0	0	0	0	519	
5	0	0	0	0	521	
6	0	0	0	0	522	
7	0	0	0	0	524	
8	0	0	0	0	524	
9	0	0	0	0	524	
10	0	0	0	0	525	
11	0	0	0	0	527	
12	0	0	0	0	527	
13	0	0	0	0	526	
14	0	0	0	0	525	
15	0	0	0	0	526	
0	0	0	0	0	525	
1	0	0	0	0	525	
2	0	0	0	0	524	
3	0	0	0	0	523	
4	0	0	0	0	523	
5	0	0	0	0	524	
6	0	0	0	0	526	
7	0	0	0	0	524	
8	0	0	0	0	524	
9	0	0	0	0	524	
10	0	0	0	0	524	
11	0	0	0	0	526	
12	0	0	0	0	526	
13	0	0	0	0	526	
14	0	0	0	0	526	
15	0	0	0	0	526	
0	0	0	0	0	526	
1	0	0	0	0	526	
2	0	0	0	0	529	
3	0	0	0	0	532	
4	0	0	0	0	534	
5	0	0	0	0	534	
6	0	0	0	0	534	
7	0	0	0	0	531	
8	0	0	0	0	530	
9	0	0	0	0	530	
10	0	0	0	0	528	
11	0	0	0	0	527	
12	0	0	0	0	527	
13	0	0	0	0	528	
14	0	0	0	0	529	
15	0	0	0	0	528	
0	0	0	0	0	527	
1	0	0	0	0	527	
2	0	0	0	0	526	
3	0	0	0	0	520	
4	0	0	0	0	517	
5	0	0	0	0	517	
6	0	0	0	0	520	
7	0	0	0	0	524	
8	0	0	0	0	525	
9	0	0	0	0	527	
10	0	0	0	0	527	
11	0	0	0	0	527	
12	0	0	0	0	527	
13	0	0	0	0	527	
14	0	0	0	0	528	
15	0	0	0	0	527	
0	0	0	0	0	528	
1	0	0	0	0	528	
2	0	0	0	0	529	
3	0	0	0	0	528	
4	0	0	0	0	529	
5	0	0	0	0	529	
6	0	0	0	0	528	
7	0	0	0	0	529	
8	0	0	0	0	530	
9	0	0	0	0	531	
10	0	0	0	0	530	
11	0	0	0	0	531	
12	0	0	0	0	531	
13	0	0	0	0	531	
14	0	0	0	0	533	
15	0	0	0	0	533	
0	0	0	0	0	532	
1	0	0	0	0	533	
2	0	0	0	0	533	
3	0	0	0	0	532	
4	0	0	0	0	532	
5	0	0	0	0	528	
6	0	0	0	0	524	
7	0	0	0	0	526	
8	0	0	0	0	528	
9	0	0	0	0	529	
10	0	0	0	0	528	
11	0	0	0	0	529	
12	0	0	0	0	530	
13	0	0	0	0	531	
14	0	0	0	0	531	
15	0	0	0	0	531	
0	0	0	0	0	531	
1	0	0	0	0	531	
2	0	0	0	0	531	
3	0	0	0	0	532	
4	0	0	0	0	531	
5	0	0	0	0	531	
6	0	0	0	0	531	
7	0	0	0	0	530	
8	0	0	0	0	528	
9	0	0	0	0	527	
10	0	0	0	0	528	
11	0	0	0	0	529	
12	0	0	0	0	529	
13	0	0	0	0	528	
14	0	0	0	0	529	
15	0	0	0	0	527	
0	0	0	0	0	525	
1	0	0	0	0	526	
2	0	0	0	0	528	
3	0	0	0	0	532	
4	0	0	0	0	534	
5	0	0	0	0	533	
6	0	0	0	0	532	
7	0	0	0	0	531	
8	0	0	0	0	532	
9	0	0	0	0	531	
10	0	0	0	0	530	
11	0	0	0	0	530	
12	0	0	0	0	532	
13	0	0	0	0	535	
14	0	0	0	0	536	
15	0	0	0	0	535	
0	0	0	0	0	532	
1	0	0	0	0	529	
2	0	0	0	0	527	
3	0	0	0	0	530	
4	0	0	0	0	534	
5	0	0	0	0	536	
6	0	0	0	0	538	
7	0	0	0	0	538	
8	0	0	0	0	538	
9	0	0	0	0	537	
10	0	0	0	0	539	
11	0	0	0	0	537	
12	0	0	0	0	533	
13	0	0	0	0	532	
14	0	0	0	0	532	
15	0	0	0	0	534	
0	0	0	0	0	534	
1	0	0	0	0	532	
2	0	0	0	0	532	
3	0	0	0	0	534	
4	0	0	0	0	532	
5	0	0	0	0	531	
6	0	0	0	0	532	
7	0	0	0	0	532	
8	0	0	0	0	533	
9	0	0	0	0	534	
10	0	0	0	0	534	
11	0	0	0	0	534	
12	0	0	0	0	534	
13	0	0	0	0	532	
14	0	0	0	0	534	
15	0	0	0	0	536	
0	0	0	0	0	535	
1	0	0	0	0	534	
2	0	0	0	0	535	
3	0	0	0	0	536	
4	0	0	0	0	535	
5	0	0	0	0	533	
6	0	0	0	0	532	
7	0	0	0	0	536	
8	0	0	0	0	538	
9	0	0	0	0	538	
10	0	0	0	0	536	
11	0	0	0	0	536	
12	0	0	0	0	537	
13	0	0	0	0	537	
14	0	0	0	0	535	
15	0	0	0	0	534	
0	0	0	0	0	535	
1	0	0	0	0	536	
2	0	0	0	0	535	
3	0	0	0	0	533	
4	0	0	0	0	529	
5	0	0	0	0	530	
6	0	0	0	0	533	
7	0	0	0	0	536	
8	0	0	0	0	536	
9	0	0	0	0	534	
10	0	0	0	0	535	
11	0	0	0	0	536	
12	0	0	0	0	535	
13	0	0	0	0	535	
14	0	0	0	0	535	
15	0	0	0	0	535	
0	0	0	0	0	536	
1	0	0	0	0	537	
2	0	0	0	0	536	
3	0	0	0	0	533	
4	0	0	0	0	532	
5	0	0	0	0	536	
6	0	0	0	0	536	
7	0	0	0	0	536	
8	0	0	0	0	536	
9	0	0	0	0	537	
10	0	0	0	0	537	
11	0	0	0	0	536	
12	0	0	0	0	536	
13	0	0	0	0	536	
14	0	0	0	0	537	
15	0	0	0	0	537	
0	0	0	0	0	534	
1	0	0	0	0	534	
2	0	0	0	0	536	
3	0	0	0	0	538	
4	0	0	0	0	539	
5	0	0	0	0	538	
6	0	0	0	0	538	
7	0	0	0	0	537	
8	0	0	0	0	539	
9	0	0	0	0	540	
10	0	0	0	0	538	
11	0	0	0	0	536	
12	0	0	0	0	536	
13	0	0	0	0	538	
14	0	0	0	0	536	
15	0	0	0	0	537	
0	0	0	0	0	537	
1	0	0	0	0	538	
2	0	0	0	0	540	
3	0	0	0	0	540	
4	0	0	0	0	539	
5	0	0	0	0	539	
6	0	0	0	0	537	
7	0	0	0	0	536	
8	0	0	0	0	537	
9	0	0	0	0	537	
10	0	0	0	0	539	
11	0	0	0	0	540	
12	0	0	0	0	540	
13	0	0	0	0	540	
14	0	0	0	0	538	
15	0	0	0	0	537	
0	0	0	0	0	536	
1	0	0	0	0	535	
2	0	0	0	0	536	
3	0	0	0	0	536	
4	0	0	0	0	537	
5	0	0	0	0	538	
6	0	0	0	0	540	
7	0	0	0	0	540	
8	0	0	0	0	539	
9	0	0	0	0	538	
10	0	0	0	0	537	
11	0	0	0	0	539	
12	0	0	0	0	538	
13	0	0	0	0	538	
14	0	0	0	0	538	
15	0	0	0	0	536	
0	0	0	0	0	536	
1	0	0	0	0	535	
2	0	0	0	0	535	
3	0	0	0	0	534	
4	0	0	0	0	535	
5	0	0	0	0	536	
6	0	0	0	0	537	
7	0	0	0	0	537	
8	0	0	0	0	535	
9	0	0	0	0	534	
10	0	0	0	0	534	
11	0	0	0	0	534	
12	0	0	0	0	533	
13	0	0	0	0	533	
14	0	0	0	0	536	
15	0	0	0	0	537	
0	0	0	0	0	539	
1	0	0	0	0	539	
2	0	0	0	0	540	
3	0	0	0	0	539	
4	0	0	0	0	539	
5	0	0	0	0	537	
6	0	0	0	0	536	
7	0	0	0	0	535	
8	0	0	0	0	536	
9	0	0	0	0	536	
10	0	0	0	0	535	
11	0	0	0	0	533	
12	0	0	0	0	531	
13	0	0	0	0	532	
14	0	0	0	0	536	
15	0	0	0	0	539	
0	0	0	0	0	540	
1	0	0	0	0	539	
2	0	0	0	0	540	
3	0	0	0	0	542	
4	0	0	0	0	544	
5	0	0	0	0	544	
6	0	0	0	0	544	
7	0	0	0	0	543	
8	0	0	0	0	541	
9	0	0	0	0	541	
10	0	0	0	0	540	
11	0	0	0	0	538	
12	0	0	0	0	538	
13	0	0	0	0	540	
14	0	0	0	0	541	
15	0	0	0	0	542	
0	0	0	0	0	542	
1	0	0	0	0	540	
2	0	0	0	0	539	
3	0	0	0	0	537	
4	0	0	0	0	535	
5	0	0	0	0	535	
6	0	0	0	0	538	
7	0	0	0	0	540	
8	0	0	0	0	542	
9	0	0	0	0	544	
10	0	0	0	0	545	
11	0	0	0	0	545	
12	0	0	0	0	545	
13	0	0	0	0	543	
14	0	0	0	0	543	
15	0	0	0	0	543	
0	0	0	0	0	543	
1	0	0	0	0	543	
2	0	0	0	0	544	
3	0	0	0	0	546	
4	0	0	0	0	547	
5	0	0	0	0	548	
6	0	0	0	0	549	
7	0	0	0	0	548	
8	0	0	0	0	550	
9	0	0	0	0	551	
10	0	0	0	0	552	
11	0	0	0	0	553	
12	0	0	0	0	551	
13	0	0	0	0	551	
14	0	0	0	0	552	
15	0	0	0	0	551	
0	0	0	0	0	550	
1	0	0	0	0	547	
2	0	0	0	0	548	
3	0	0	0	0	551	
4	0	0	0	0	553	
5	0	0	0	0	553	
6	0	0	0	0	554	
7	0	0	0	0	554	
8	0	0	0	0	552	
9	0	0	0	0	551	
10	0	0	0	0	548	
11	0	0	0	0	550	
12	0	0	0	0	553	
13	0	0	0	0	553	
14	0	0	0	0	555	
15	0	0	0	0	554	
0	0	0	0	0	553	
1	0	0	0	0	552	
2	0	0	0	0	551	
3	0	0	0	0	549	
4	0	0	0	0	548	
5	0	0	0	0	547	
6	0	0	0	0	545	
7	0	0	0	0	546	
8	0	0	0	0	547	
9	0	0	0	0	546	
10	0	0	0	0	547	
11	0	0	0	0	548	
12	0	0	0	0	549	
13	0	0	0	0	549	
14	0	0	0	0	548	
15	0	0	0	0	547	
0	0	0	0	0	547	
1	0	0	0	0	547	
2	0	0	0	0	544	
3	0	0	0	0	544	
4	0	0	0	0	543	
5	0	0	0	0	542	
6	0	0	0	0	543	
7	0	0	0	0	544	
8	0	0	0	0	544	
9	0	0	0	0	544	
10	0	0	0	0	542	
11	0	0	0	0	541	
12	0	0	0	0	540	
13	0	0	0	0	541	
14	0	0	0	0	538	
15	0	0	0	0	537	
0	0	0	0	0	539	
1	0	0	0	0	539	
2	0	0	0	0	539	
3	0	0	0	0	539	
4	0	0	0	0	539	
5	0	0	0	0	538	
6	0	0	0	0	536	
7	0	0	0	0	536	
8	0	0	0	0	537	
9	0	0	0	0	537	
10	0	0	0	0	539	
11	0	0	0	0	539	
12	0	0	0	0	539	
13	0	0	0	0	540	
14	0	0	0	0	540	
15	0	0	0	0	539	
0	0	0	0	0	539	
1	0	0	0	0	537	
2	0	0	0	0	539	
3	0	0	0	0	541	
4	0	0	0	0	540	
5	0	0	0	0	540	
6	0	0	0	0	542	
7	0	0	0	0	543	
8	0	0	0	0	542	
9	0	0	0	0	542	
10	0	0	0	0	540	
11	0	0	0	0	539	
12	0	0	0	0	541	
13	0	0	0	0	542	
14	0	0	0	0	544	
15	0	0	0	0	544	
0	0	0	0	0	545	
1	0	0	0	0	544	
2	0	0	0	0	543	
3	0	0	0	0	544	
4	0	0	0	0	545	
5	0	0	0	0	545	
6	0	0	0	0	545	
7	0	0	0	0	544	
8	0	0	0	0	543	
9	0	0	0	0	542	
10	0	0	0	0	540	
11	0	0	0	0	540	
12	0	0	0	0	540	
13	0	0	0	0	541	
14	0	0	0	0	538	
15	0	0	0	0	535	
0	0	0	0	0	534	
1	0	0	0	0	532	
2	0	0	0	0	527	
3	0	0	0	0	522	
4	0	0	0	0	520	
5	0	0	0	0	521	
6	0	0	0	0	522	
7	0	0	0	0	525	
8	0	0	0	0	525	
9	0	0	0	0	525	
10	0	0	0	0	528	
11	0	0	0	0	532	
12	0	0	0	0	535	
13	0	0	0	0	539	
14	0	0	0	0	545	
15	0	0	0	0	551	
0	0	0	0	0	556	
1	0	0	0	0	562	
2	0	0	0	0	570	
3	0	0	0	0	578	
4	0	0	0	0	586	
5	0	0	0	0	595	
6	0	0	0	0	606	
7	0	0	0	0	616	
8	0	0	0	0	627	
9	0	0	0	0	637	
10	0	0	0	0	649	
11	0	0	0	0	661	
12	0	0	0	0	671	
13	0	0	0	0	682	
14	0	0	0	0	698	
15	0	0	0	0	714	
0	0	0	0	0	728	
1	0	0	0	0	736	
2	0	0	0	0	741	
3	0	0	0	0	743	
4	0	0	0	0	739	
5	0	0	0	0	735	
6	0	0	0	0	729	
7	0	0	0	0	719	
8	0	0	0	0	708	
9	0	0	0	0	696	
10	0	0	0	0	684	
11	0	0	0	0	669	
12	0	0	0	0	653	
13	0	0	0	0	635	
14	0	0	0	0	617	
15	0	0	0	0	600	
0	0	0	0	0	584	
1	0	0	0	0	571	
2	0	0	0	0	557	
3	0	0	0	0	544	
4	0	0	0	0	534	
5	0	0	0	0	526	
6	0	0	0	0	518	
7	0	0	0	0	512	
8	0	0	0	0	509	
9	0	0	0	0	506	
10	0	0	0	0	504	
11	0	0	0	0	505	
12	0	0	0	0	504	
13	0	0	0	0	505	
14	0	0	0	0	508	
15	0	0	0	0	511	
0	0	0	0	0	513	
1	0	0	0	0	516	
2	0	0	0	0	519	
3	0	0	0	0	523	
4	0	0	0	0	525	
5	0	0	0	0	526	
6	0	0	0	0	529	
7	0	0	0	0	529	
8	0	0	0	0	529	
9	0	0	0	0	530	
10	0	0	0	0	531	
11	0	0	0	0	531	
12	0	0	0	0	531	
13	0	0	0	0	531	
14	0	0	0	0	531	
15	0	0	0	0	531	
0	0	0	0	0	532	
1	0	0	0	0	531	
2	0	0	0	0	529	
3	0	0	0	0	527	
4	0	0	0	0	527	
5	0	0	0	0	527	
6	0	0	0	0	528	
7	0	0	0	0	529	
8	0	0	0	0	531	
9	0	0	0	0	531	
10	0	0	0	0	532	
11	0	0	0	0	531	
12	0	0	0	0	531	
13	0	0	0	0	532	
14	0	0	0	0	534	
15	0	0	0	0	532	
0	0	0	0	0	530	
1	0	0	0	0	530	
2	0	0	0	0	531	
3	0	0	0	0	532	
4	0	0	0	0	532	
5	0	0	0	0	530	
6	0	0	0	0	531	
7	0	0	0	0	534	
8	0	0	0	0	536	
9	0	0	0	0	539	
10	0	0	0	0	540	
11	0	0	0	0	541	
12	0	0	0	0	541	
13	0	0	0	0	540	
14	0	0	0	0	537	
15	0	0	0	0	537	
0	0	0	0	0	538	
1	0	0	0	0	539	
2	0	0	0	0	539	
3	0	0	0	0	540	
4	0	0	0	0	539	
5	0	0	0	0	536	
6	0	0	0	0	537	
7	0	0	0	0	538	
8	0	0	0	0	539	
9	0	0	0	0	540	
10	0	0	0	0	542	
11	0	0	0	0	542	
12	0	0	0	0	544	
13	0	0	0	0	545	
14	0	0	0	0	543	
15	0	0	0	0	542	
0	0	0	0	0	540	
1	0	0	0	0	539	
2	0	0	0	0	540	
3	0	0	0	0	544	
4	0	0	0	0	546	
5	0	0	0	0	548	
6	0	0	0	0	548	
7	0	0	0	0	548	
8	0	0	0	0	551	
9	0	0	0	0	550	
10	0	0	0	0	548	
11	0	0	0	0	547	
12	0	0	0	0	547	
13	0	0	0	0	546	
14	0	0	0	0	545	
15	0	0	0	0	546	
0	0	0	0	0	548	
1	0	0	0	0	550	
2	0	0	0	0	550	
3	0	0	0	0	550	
4	0	0	0	0	548	
5	0	0	0	0	547	
6	0	0	0	0	544	
7	0	0	0	0	543	
8	0	0	0	0	545	
9	0	0	0	0	547	
10	0	0	0	0	547	
11	0	0	0	0	548	
12	0	0	0	0	551	
13	0	0	0	0	551	
14	0	0	0	0	551	
15	0	0	0	0	551	
0	0	0	0	0	551	
1	0	0	0	0	552	
2	0	0	0	0	551	
3	0	0	0	0	549	
4	0	0	0	0	547	
5	0	0	0	0	550	
6	0	0	0	0	555	
7	0	0	0	0	555	
8	0	0	0	0	553	
9	0	0	0	0	552	
10	0	0	0	0	551	
11	0	0	0	0	551	
12	0	0	0	0	553	
13	0	0	0	0	553	
14	0	0	0	0	555	
15	0	0	0	0	557	
0	0	0	0	0	556	
1	0	0	0	0	557	
2	0	0	0	0	558	
3	0	0	0	0	557	
4	0	0	0	0	558	
5	0	0	0	0	558	
6	0	0	0	0	558	
7	0	0	0	0	558	
8	0	0	0	0	558	
9	0	0	0	0	558	
10	0	0	0	0	558	
11	0	0	0	0	559	
12	0	0	0	0	560	
13	0	0	0	0	560	
14	0	0	0	0	562	
15	0	0	0	0	562	
0	0	0	0	0	561	
1	0	0	0	0	560	
2	0	0	0	0	560	
3	0	0	0	0	560	
4	0	0	0	0	560	
5	0	0	0	0	559	
6	0	0	0	0	558	
7	0	0	0	0	558	
8	0	0	0	0	559	
9	0	0	0	0	562	
10	0	0	0	0	564	
11	0	0	0	0	564	
12	0	0	0	0	564	
13	0	0	0	0	565	
14	0	0	0	0	563	
15	0	0	0	0	563	
0	0	0	0	0	565	
1	0	0	0	0	567	
2	0	0	0	0	568	
3	0	0	0	0	568	
4	0	0	0	0	570	
5	0	0	0	0	568	
6	0	0	0	0	565	
7	0	0	0	0	566	
8	0	0	0	0	568	
9	0	0	0	0	569	
10	0	0	0	0	570	
11	0	0	0	0	574	
12	0	0	0	0	578	
13	0	0	0	0	580	
14	0	0	0	0	581	
15	0	0	0	0	579	
0	0	0	0	0	580	
1	0	0	0	0	583	
2	0	0	0	0	585	
3	0	0	0	0	588	
4	0	0	0	0	589	
5	0	0	0	0	590	
6	0	0	0	0	592	
7	0	0	0	0	593	
8	0	0	0	0	593	
9	0	0	0	0	593	
10	0	0	0	0	596	
11	0	0	0	0	596	
12	0	0	0	0	595	
13	0	0	0	0	596	
14	0	0	0	0	600	
15	0	0	0	0	601	
0	0	0	0	0	605	
1	0	0	0	0	605	
2	0	0	0	0	605	
3	0	0	0	0	606	
4	0	0	0	0	607	
5	0	0	0	0	608	
6	0	0	0	0	612	
7	0	0	0	0	615	
8	0	0	0	0	616	
9	0	0	0	0	618	
10	0	0	0	0	622	
11	0	0	0	0	624	
12	0	0	0	0	624	
13	0	0	0	0	624	
14	0	0	0	0	622	
15	0	0	0	0	622	
0	0	0	0	0	621	
1	0	0	0	0	622	
2	0	0	0	0	624	
3	0	0	0	0	628	
4	0	0	0	0	629	
5	0	0	0	0	627	
6	0	0	0	0	626	
7	0	0	0	0	626	
8	0	0	0	0	626	
9	0	0	0	0	628	
10	0	0	0	0	629	
11	0	0	0	0	629	
12	0	0	0	0	632	
13	0	0	0	0	638	
14	0	0	0	0	641	
15	0	0	0	0	642	
0	0	0	0	0	641	
1	0	0	0	0	638	
2	0	0	0	0	637	
3	0	0	0	0	639	
4	0	0	0	0	643	
5	0	0	0	0	646	
6	0	0	0	0	647	
7	0	0	0	0	648	
8	0	0	0	0	647	
9	0	0	0	0	646	
10	0	0	0	0	646	
11	0	0	0	0	646	
12	0	0	0	0	647	
13	0	0	0	0	647	
14	0	0	0	0	646	
15	0	0	0	0	646	
0	0	0	0	0	646	
1	0	0	0	0	647	
2	0	0	0	0	648	
3	0	0	0	0	647	
4	0	0	0	0	646	
5	0	0	0	0	644	
6	0	0	0	0	642	
7	0	0	0	0	641	
8	0	0	0	0	641	
9	0	0	0	0	640	
10	0	0	0	0	638	
11	0	0	0	0	639	
12	0	0	0	0	639	
13	0	0	0	0	638	
14	0	0	0	0	636	
15	0	0	0	0	630	
0	0	0	0	0	627	
1	0	0	0	0	630	
2	0	0	0	0	632	
3	0	0	0	0	631	
4	0	0	0	0	629	
5	0	0	0	0	627	
6	0	0	0	0	625	
7	0	0	0	0	625	
8	0	0	0	0	625	
9	0	0	0	0	624	
10	0	0	0	0	623	
11	0	0	0	0	624	
12	0	0	0	0	624	
13	0	0	0	0	623	
14	0	0	0	0	622	
15	0	0	0	0	618	
0	0	0	0	0	615	
1	0	0	0	0	613	
2	0	0	0	0	611	
3	0	0	0	0	608	
4	0	0	0	0	606	
5	0	0	0	0	606	
6	0	0	0	0	605	
7	0	0	0	0	603	
8	0	0	0	0	603	
9	0	0	0	0	603	
10	0	0	0	0	601	
11	0	0	0	0	600	
12	0	0	0	0	599	
13	0	0	0	0	598	
14	0	0	0	0	596	
15	0	0	0	0	595	
0	0	0	0	0	595	
1	0	0	0	0	595	
2	0	0	0	0	593	
3	0	0	0	0	593	
4	0	0	0	0	593	
5	0	0	0	0	592	
6	0	0	0	0	593	
7	0	0	0	0	592	
8	0	0	0	0	592	
9	0	0	0	0	594	
10	0	0	0	0	593	
11	0	0	0	0	593	
12	0	0	0	0	592	
13	0	0	0	0	592	
14	0	0	0	0	591	
15	0	0	0	0	588	
0	0	0	0	0	592	
1	0	0	0	0	595	
2	0	0	0	0	595	
3	0	0	0	0	594	
4	0	0	0	0	593	
5	0	0	0	0	592	
6	0	0	0	0	590	
7	0	0	0	0	591	
8	0	0	0	0	591	
9	0	0	0	0	593	
10	0	0	0	0	595	
11	0	0	0	0	593	
12	0	0	0	0	591	
13	0	0	0	0	591	
14	0	0	0	0	591	
15	0	0	0	0	591	
0	0	0	0	0	591	
1	0	0	0	0	591	
2	0	0	0	0	589	
3	0	0	0	0	590	
4	0	0	0	0	591	
5	0	0	0	0	591	
6	0	0	0	0	591	
7	0	0	0	0	591	
8	0	0	0	0	591	
9	0	0	0	0	592	
10	0	0	0	0	593	
11	0	0	0	0	594	
12	0	0	0	0	596	
13	0	0	0	0	598	
14	0	0	0	0	599	
15	0	0	0	0	600	
0	0	0	0	0	601	
1	0	0	0	0	602	
2	0	0	0	0	602	
3	0	0	0	0	603	
4	0	0	0	0	605	
5	0	0	0	0	605	
6	0	0	0	0	606	
7	0	0	0	0	606	
8	0	0	0	0	606	
9	0	0	0	0	606	
10	0	0	0	0	606	
11	0	0	0	0	607	
12	0	0	0	0	610	
13	0	0	0	0	612	
14	0	0	0	0	612	
15	0	0	0	0	611	
0	0	0	0	0	612	
1	0	0	0	0	615	
2	0	0	0	0	618	
3	0	0	0	0	621	
4	0	0	0	0	622	
5	0	0	0	0	624	
6	0	0	0	0	625	
7	0	0	0	0	627	
8	0	0	0	0	626	
9	0	0	0	0	627	
10	0	0	0	0	624	
11	0	0	0	0	625	
12	0	0	0	0	630	
13	0	0	0	0	636	
14	0	0	0	0	640	
15	0	0	0	0	643	
0	0	0	0	0	646	
1	0	0	0	0	649	
2	0	0	0	0	652	
3	0	0	0	0	654	
4	0	0	0	0	656	
5	0	0	0	0	660	
6	0	0	0	0	664	
7	0	0	0	0	662	
8	0	0	0	0	662	
9	0	0	0	0	668	
10	0	0	0	0	674	
11	0	0	0	0	678	
12	0	0	0	0	680	
13	0	0	0	0	683	
14	0	0	0	0	686	
15	0	0	0	0	688	
0	0	0	0	0	692	
1	0	0	0	0	698	
2	0	0	0	0	704	
3	0	0	0	0	710	
4	0	0	0	0	712	
5	0	0	0	0	716	
6	0	0	0	0	720	
7	0	0	0	0	723	
8	0	0	0	0	728	
9	0	0	0	0	736	
10	0	0	0	0	742	
11	0	0	0	0	746	
12	0	0	0	0	749	
13	0	0	0	0	754	
14	0	0	0	0	760	
15	0	0	0	0	765	
0	0	0	0	0	773	
1	0	0	0	0	780	
2	0	0	0	0	786	
3	0	0	0	0	792	
4	0	0	0	0	798	
5	0	0	0	0	803	
6	0	0	0	0	808	
7	0	0	0	0	813	
8	0	0	0	0	817	
9	0	0	0	0	822	
10	0	0	0	0	825	
11	0	0	0	0	829	
12	0	0	0	0	833	
13	0	0	0	0	837	
14	0	0	0	0	843	
15	0	0	0	0	847	
0	0	0	0	0	852	
1	0	0	0	0	856	
2	0	0	0	0	857	
3	0	0	0	0	860	
4	0	0	0	0	865	
5	0	0	0	0	870	
6	0	0	0	0	875	
7	0	0	0	0	880	
8	0	0	0	0	884	
9	0	0	0	0	884	
10	0	0	0	0	884	
11	0	0	0	0	883	
12	0	0	0	0	880	
13	0	0	0	0	874	
14	0	0	0	0	864	
15	0	0	0	0	852	
0	0	0	0	0	837	
1	0	0	0	0	823	
2	0	0	0	0	807	
3	0	0	0	0	790	
4	0	0	0	0	775	
5	0	0	0	0	764	
6	0	0	0	0	751	
7	0	0	0	0	738	
8	0	0	0	0	727	
9	0	0	0	0	717	
10	0	0	0	0	710	
11	0	0	0	0	702	
12	0	0	0	0	693	
13	0	0	0	0	687	
14	0	0	0	0	679	
15	0	0	0	0	671	
0	0	0	0	0	663	
1	0	0	0	0	656	
2	0	0	0	0	651	
3	0	0	0	0	644	
4	0	0	0	0	637	
5	0	0	0	0	630	
6	0	0	0	0	623	
7	0	0	0	0	616	
8	0	0	0	0	611	
9	0	0	0	0	610	
10	0	0	0	0	607	
11	0	0	0	0	601	
12	0	0	0	0	595	
13	0	0	0	0	589	
14	0	0	0	0	581	
15	0	0	0	0	575	
0	0	0	0	0	570	
1	0	0	0	0	569	
2	0	0	0	0	568	
3	0	0	0	0	570	
4	0	0	0	0	569	
5	0	0	0	0	564	
6	0	0	0	0	560	
7	0	0	0	0	559	
8	0	0	0	0	556	
9	0	0	0	0	553	
10	0	0	0	0	549	
11	0	0	0	0	545	
12	0	0	0	0	542	
13	0	0	0	0	539	
14	0	0	0	0	536	
15	0	0	0	0	534	
0	0	0	0	0	532	
1	0	0	0	0	531	
2	0	0	0	0	528	
3	0	0	0	0	525	
4	0	0	0	0	520	
5	0	0	0	0	516	
6	0	0	0	0	513	
7	0	0	0	0	511	
8	0	0	0	0	512	
9	0	0	0	0	512	
10	0	0	0	0	510	
11	0	0	0	0	508	
12	0	0	0	0	507	
13	0	0	0	0	504	
14	0	0	0	0	504	
15	0	0	0	0	502	
0	0	0	0	0	499	
1	0	0	0	0	495	
2	0	0	0	0	494	
3	0	0	0	0	492	
4	0	0	0	0	489	
5	0	0	0	0	489	
6	0	0	0	0	489	
7	0	0	0	0	488	
8	0	0	0	0	484	
9	0	0	0	0	480	
10	0	0	0	0	479	
11	0	0	0	0	477	
12	0	0	0	0	475	
13	0	0	0	0	473	
14	0	0	0	0	471	
15	0	0	0	0	469	
0	0	0	0	0	466	
1	0	0	0	0	464	
2	0	0	0	0	463	
3	0	0	0	0	462	
4	0	0	0	0	461	
5	0	0	0	0	460	
6	0	0	0	0	458	
7	0	0	0	0	457	
8	0	0	0	0	456	
9	0	0	0	0	452	
10	0	0	0	0	450	
11	0	0	0	0	447	
12	0	0	0	0	444	
13	0	0	0	0	444	
14	0	0	0	0	443	
15	0	0	0	0	443	
0	0	0	0	0	442	
1	0	0	0	0	441	
2	0	0	0	0	440	
3	0	0	0	0	439	
4	0	0	0	0	437	
5	0	0	0	0	434	
6	0	0	0	0	432	
7	0	0	0	0	433	
8	0	0	0	0	433	
9	0	0	0	0	431	
10	0	0	0	0	429	
11	0	0	0	0	426	
12	0	0	0	0	424	
13	0	0	0	0	423	
14	0	0	0	0	422	
15	0	0	0	0	420	
0	0	0	0	0	419	
1	0	0	0	0	419	
2	0	0	0	0	419	
3	0	0	0	0	419	
4	0	0	0	0	420	
5	0	0	0	0	421	
6	0	0	0	0	416	
7	0	0	0	0	412	
8	0	0	0	0	412	
9	0	0	0	0	415	
10	0	0	0	0	415	
11	0	0	0	0	413	
12	0	0	0	0	411	
13	0	0	0	0	408	
14	0	0	0	0	408	
15	0	0	0	0	405	
0	0	0	0	0	403	
1	0	0	0	0	401	
2	0	0	0	0	401	
3	0	0	0	0	402	
4	0	0	0	0	403	
5	0	0	0	0	403	
6	0	0	0	0	403	
7	0	0	0	0	402	
8	0	0	0	0	401	
9	0	0	0	0	400	
10	0	0	0	0	399	
11	0	0	0	0	397	
12	0	0	0	0	396	
13	0	0	0	0	392	
14	0	0	0	0	391	
15	0	0	0	0	394	
0	0	0	0	0	396	
1	0	0	0	0	394	
2	0	0	0	0	394	
3	0	0	0	0	396	
4	0	0	0	0	396	
5	0	0	0	0	395	
6	0	0	0	0	394	
7	0	0	0	0	396	
8	0	0	0	0	397	
9	0	0	0	0	395	
10	0	0	0	0	393	
11	0	0	0	0	393	
12	0	0	0	0	393	
13	0	0	0	0	394	
14	0	0	0	0	396	
15	0	0	0	0	399	
0	0	0	0	0	399	
1	0	0	0	0	398	
2	0	0	0	0	396	
3	0	0	0	0	393	
4	0	0	0	0	393	
5	0	0	0	0	395	
6	0	0	0	0	396	
7	0	0	0	0	396	
8	0	0	0	0	396	
9	0	0	0	0	396	
10	0	0	0	0	399	
11	0	0	0	0	399	
12	0	0	0	0	399	
13	0	0	0	0	398	
14	0	0	0	0	398	
15	0	0	0	0	399	
0	0	0	0	0	402	
1	0	0	0	0	405	
2	0	0	0	0	407	
3	0	0	0	0	408	
4	0	0	0	0	408	
5	0	0	0	0	408	
6	0	0	0	0	407	
7	0	0	0	0	406	
8	0	0	0	0	406	
9	0	0	0	0	407	
10	0	0	0	0	406	
11	0	0	0	0	406	
12	0	0	0	0	408	
13	0	0	0	0	408	
14	0	0	0	0	407	
15	0	0	0	0	409	
0	0	0	0	0	412	
1	0	0	0	0	411	
2	0	0	0	0	411	
3	0	0	0	0	414	
4	0	0	0	0	417	
5	0	0	0	0	418	
6	0	0	0	0	418	
7	0	0	0	0	418	
8	0	0	0	0	418	
9	0	0	0	0	417	
10	0	0	0	0	416	
11	0	0	0	0	415	
12	0	0	0	0	413	
13	0	0	0	0	413	
14	0	0	0	0	411	
15	0	0	0	0	410	
0	0	0	0	0	412	
1	0	0	0	0	413	
2	0	0	0	0	414	
3	0	0	0	0	415	
4	0	0	0	0	413	
5	0	0	0	0	413	
6	0	0	0	0	415	
7	0	0	0	0	417	
8	0	0	0	0	416	
9	0	0	0	0	411	
10	0	0	0	0	410	
11	0	0	0	0	409	
12	0	0	0	0	408	
13	0	0	0	0	408	
14	0	0	0	0	410	
15	0	0	0	0	409	
0	0	0	0	0	409	
1	0	0	0	0	408	
2	0	0	0	0	406	
3	0	0	0	0	401	
4	0	0	0	0	399	
5	0	0	0	0	400	
6	0	0	0	0	399	
7	0	0	0	0	393	
8	0	0	0	0	389	
9	0	0	0	0	389	
10	0	0	0	0	390	
11	0	0	0	0	386	
12	0	0	0	0	384	
13	0	0	0	0	381	
14	0	0	0	0	377	
15	0	0	0	0	374	
0	0	0	0	0	371	
1	0	0	0	0	368	
2	0	0	0	0	366	
3	0	0	0	0	364	
4	0	0	0	0	362	
5	0	0	0	0	358	
6	0	0	0	0	358	
7	0	0	0	0	356	
8	0	0	0	0	355	
9	0	0	0	0	352	
10	0	0	0	0	350	
11	0	0	0	0	344	
12	0	0	0	0	332	
13	0	0	0	0	319	
14	0	0	0	0	306	
15	0	0	0	0	292	
0	0	0	0	0	277	
1	0	0	0	0	261	
2	0	0	0	0	244	
3	0	0	0	0	228	
4	0	0	0	0	211	
5	0	0	0	0	198	
6	0	0	0	0	189	
7	0	0	0	0	182	
8	0	0	0	0	175	
9	0	0	0	0	166	
10	0	0	0	0	155	
11	0	0	0	0	148	
12	0	0	0	0	143	
13	0	0	0	0	138	
14	0	0	0	0	132	
15	0	0	0	0	125	
0	0	0	0	0	120	
1	0	0	0	0	116	
2	0	0	0	0	111	
3	0	0	0	0	109	
4	0	0	0	0	107	
5	0	0	0	0	108	
6	0	0	0	0	108	
7	0	0	0	0	108	
8	0	0	0	0	105	
9	0	0	0	0	102	
10	0	0	0	0	100	
11	0	0	0	0	100	
12	0	0	0	0	99	
13	0	0	0	0	98	
14	0	0	0	0	100	
15	0	0	0	0	101	
0	0	0	0	0	102	
1	0	0	0	0	105	
2	0	0	0	0	106	
3	0	0	0	0	106	
4	0	0	0	0	106	
5	0	0	0	0	107	
6	0	0	0	0	109	
7	0	0	0	0	110	
8	0	0	0	0	111	
9	0	0	0	0	115	
10	0	0	0	0	117	
11	0	0	0	0	118	
12	0	0	0	0	122	
13	0	0	0	0	124	
14	0	0	0	0	126	
15	0	0	0	0	127	
0	0	0	0	0	127	
1	0	0	0	0	129	
2	0	0	0	0	129	
3	0	0	0	0	131	
4	0	0	0	0	135	
5	0	0	0	0	139	
6	0	0	0	0	142	
7	0	0	0	0	144	
8	0	0	0	0	147	
9	0	0	0	0	148	
10	0	0	0	0	151	
11	0	0	0	0	153	
12	0	0	0	0	156	
13	0	0	0	0	159	
14	0	0	0	0	162	
15	0	0	0	0	163	
0	0	0	0	0	165	
1	0	0	0	0	168	
2	0	0	0	0	172	
3	0	0	0	0	173	
4	0	0	0	0	177	
5	0	0	0	0	180	
6	0	0	0	0	184	
7	0	0	0	0	187	
8	0	0	0	0	190	
9	0	0	0	0	194	
10	0	0	0	0	197	
11	0	0	0	0	199	
12	0	0	0	0	201	
13	0	0	0	0	205	
14	0	0	0	0	211	
15	0	0	0	0	215	
0	0	0	0	0	217	
1	0	0	0	0	219	
2	0	0	0	0	220	
3	0	0	0	0	223	
4	0	0	0	0	227	
5	0	0	0	0	230	
6	0	0	0	0	233	
7	0	0	0	0	234	
8	0	0	0	0	234	
9	0	0	0	0	236	
10	0	0	0	0	239	
11	0	0	0	0	240	
12	0	0	0	0	244	
13	0	0	0	0	247	
14	0	0	0	0	249	
15	0	0	0	0	250	
0	0	0	0	0	254	
1	0	0	0	0	260	
2	0	0	0	0	264	
3	0	0	0	0	267	
4	0	0	0	0	271	
5	0	0	0	0	275	
6	0	0	0	0	278	
7	0	0	0	0	280	
8	0	0	0	0	282	
9	0	0	0	0	285	
10	0	0	0	0	289	
11	0	0	0	0	291	
12	0	0	0	0	294	
13	0	0	0	0	295	
14	0	0	0	0	297	
15	0	0	0	0	299	
0	0	0	0	0	301	
1	0	0	0	0	304	
2	0	0	0	0	306	
3	0	0	0	0	308	
4	0	0	0	0	310	
5	0	0	0	0	313	
6	0	0	0	0	316	
7	0	0	0	0	316	
8	0	0	0	0	317	
9	0	0	0	0	318	
10	0	0	0	0	317	
11	0	0	0	0	319	
12	0	0	0	0	325	
13	0	0	0	0	329	
14	0	0	0	0	332	
15	0	0	0	0	335	
0	0	0	0	0	339	
1	0	0	0	0	341	
2	0	0	0	0	343	
3	0	0	0	0	344	
4	0	0	0	0	345	
5	0	0	0	0	346	
6	0	0	0	0	349	
7	0	0	0	0	352	
8	0	0	0	0	352	
9	0	0	0	0	353	
10	0	0	0	0	357	
11	0	0	0	0	362	
12	0	0	0	0	366	
13	0	0	0	0	367	
14	0	0	0	0	368	
15	0	0	0	0	371	
0	0	0	0	0	376	
1	0	0	0	0	379	
2	0	0	0	0	379	
3	0	0	0	0	382	
4	0	0	0	0	384	
5	0	0	0	0	383	
6	0	0	0	0	384	
7	0	0	0	0	388	
8	0	0	0	0	390	
9	0	0	0	0	391	
10	0	0	0	0	393	
11	0	0	0	0	396	
12	0	0	0	0	396	
13	0	0	0	0	398	
14	0	0	0	0	400	
15	0	0	0	0	399	
0	0	0	0	0	399	
1	0	0	0	0	402	
2	0	0	0	0	408	
3	0	0	0	0	412	
4	0	0	0	0	414	
5	0	0	0	0	416	
6	0	0	0	0	419	
7	0	0	0	0	419	
8	0	0	0	0	420	
9	0	0	0	0	423	
10	0	0	0	0	423	
11	0	0	0	0	423	
12	0	0	0	0	424	
13	0	0	0	0	427	
14	0	0	0	0	432	
15	0	0	0	0	434	
0	0	0	0	0	435	
1	0	0	0	0	439	
2	0	0	0	0	440	
3	0	0	0	0	442	
4	0	0	0	0	444	
5	0	0	0	0	446	
6	0	0	0	0	449	
7	0	0	0	0	452	
8	0	0	0	0	454	
9	0	0	0	0	455	
10	0	0	0	0	455	
11	0	0	0	0	455	
12	0	0	0	0	455	
13	0	0	0	0	457	
14	0	0	0	0	460	
15	0	0	0	0	460	
0	0	0	0	0	462	
1	0	0	0	0	463	
2	0	0	0	0	463	
3	0	0	0	0	463	
4	0	0	0	0	464	
5	0	0	0	0	465	
6	0	0	0	0	467	
7	0	0	0	0	470	
8	0	0	0	0	472	
9	0	0	0	0	472	
10	0	0	0	0	470	
11	0	0	0	0	472	
12	0	0	0	0	477	
13	0	0	0	0	479	
14	0	0	0	0	482	
15	0	0	0	0	483	
0	0	0	0	0	486	
1	0	0	0	0	488	
2	0	0	0	0	489	
3	0	0	0	0	490	
4	0	0	0	0	492	
5	0	0	0	0	494	
6	0	0	0	0	494	
7	0	0	0	0	494	
8	0	0	0	0	495	
9	0	0	0	0	496	
10	0	0	0	0	496	
11	0	0	0	0	495	
12	0	0	0	0	497	
13	0	0	0	0	499	
14	0	0	0	0	502	
15	0	0	0	0	504	
0	0	0	0	0	504	
1	0	0	0	0	503	
2	0	0	0	0	502	
3	0	0	0	0	503	
4	0	0	0	0	504	
5	0	0	0	0	505	
6	0	0	0	0	505	
7	0	0	0	0	504	
8	0	0	0	0	504	
9	0	0	0	0	504	
10	0	0	0	0	506	
11	0	0	0	0	507	
12	0	0	0	0	507	
13	0	0	0	0	507	
14	0	0	0	0	507	
15	0	0	0	0	504	
0	0	0	0	0	503	
1	0	0	0	0	507	
2	0	0	0	0	510	
3	0	0	0	0	511	
4	0	0	0	0	513	
5	0	0	0	0	513	
6	0	0	0	0	513	
7	0	0	0	0	515	
8	0	0	0	0	514	
9	0	0	0	0	515	
10	0	0	0	0	516	
11	0	0	0	0	517	
12	0	0	0	0	518	
13	0	0	0	0	518	
14	0	0	0	0	518	
15	0	0	0	0	518	
0	0	0	0	0	518	
1	0	0	0	0	517	
2	0	0	0	0	516	
3	0	0	0	0	516	
4	0	0	0	0	514	
5	0	0	0	0	515	
6	0	0	0	0	518	
7	0	0	0	0	520	
8	0	0	0	0	521	
9	0	0	0	0	523	
10	0	0	0	0	522	
11	0	0	0	0	520	
12	0	0	0	0	519	
13	0	0	0	0	519	
14	0	0	0	0	520	
15	0	0	0	0	521	
0	0	0	0	0	521	
1	0	0	0	0	522	
2	0	0	0	0	524	
3	0	0	0	0	524	
4	0	0	0	0	525	
5	0	0	0	0	525	
6	0	0	0	0	524	
7	0	0	0	0	523	
8	0	0	0	0	523	
9	0	0	0	0	524	
10	0	0	0	0	526	
11	0	0	0	0	526	
12	0	0	0	0	526	
13	0	0	0	0	527	
14	0	0	0	0	528	
15	0	0	0	0	529	
0	0	0	0	0	527	
1	0	0	0	0	527	
2	0	0	0	0	527	
3	0	0	0	0	529	
4	0	0	0	0	529	
5	0	0	0	0	530	
6	0	0	0	0	531	
7	0	0	0	0	530	
8	0	0	0	0	529	
9	0	0	0	0	530	
10	0	0	0	0	531	
11	0	0	0	0	530	
12	0	0	0	0	527	
13	0	0	0	0	527	
14	0	0	0	0	527	
15	0	0	0	0	527	
0	0	0	0	0	525	
1	0	0	0	0	524	
2	0	0	0	0	521	
3	0	0	0	0	518	
4	0	0	0	0	519	
5	0	0	0	0	522	
6	0	0	0	0	520	
7	0	0	0	0	516	
8	0	0	0	0	513	
9	0	0	0	0	511	
10	0	0	0	0	510	
11	0	0	0	0	510	
12	0	0	0	0	507	
13	0	0	0	0	507	
14	0	0	0	0	508	
15	0	0	0	0	512	
0	0	0	0	0	516	
1	0	0	0	0	519	
2	0	0	0	0	520	
3	0	0	0	0	523	
4	0	0	0	0	527	
5	0	0	0	0	531	
6	0	0	0	0	536	
7	0	0	0	0	544	
8	0	0	0	0	554	
9	0	0	0	0	563	
10	0	0	0	0	570	
11	0	0	0	0	579	
12	0	0	0	0	587	
13	0	0	0	0	595	
14	0	0	0	0	610	
15	0	0	0	0	622	
0	0	0	0	0	628	
1	0	0	0	0	639	
2	0	0	0	0	654	
3	0	0	0	0	668	
4	0	0	0	0	683	
5	0	0	0	0	699	
6	0	0	0	0	715	
7	0	0	0	0	725	
8	0	0	0	0	730	
9	0	0	0	0	734	
10	0	0	0	0	735	
11	0	0	0	0	733	
12	0	0	0	0	727	
13	0	0	0	0	719	
14	0	0	0	0	705	
15	0	0	0	0	691	
0	0	0	0	0	678	
1	0	0	0	0	664	
2	0	0	0	0	648	
3	0	0	0	0	630	
4	0	0	0	0	611	
5	0	0	0	0	592	
6	0	0	0	0	575	
7	0	0	0	0	559	
8	0	0	0	0	545	
9	0	0	0	0	535	
10	0	0	0	0	525	
11	0	0	0	0	515	
12	0	0	0	0	508	
13	0	0	0	0	500	
14	0	0	0	0	497	
15	0	0	0	0	495	
0	0	0	0	0	493	
1	0	0	0	0	494	
2	0	0	0	0	495	
3	0	0	0	0	496	
4	0	0	0	0	499	
5	0	0	0	0	501	
6	0	0	0	0	503	
7	0	0	0	0	504	
8	0	0	0	0	503	
9	0	0	0	0	503	
10	0	0	0	0	505	
11	0	0	0	0	511	
12	0	0	0	0	514	
13	0	0	0	0	515	
14	0	0	0	0	516	
15	0	0	0	0	519	
0	0	0	0	0	521	
1	0	0	0	0	522	
2	0	0	0	0	521	
3	0	0	0	0	521	
4	0	0	0	0	520	
5	0	0	0	0	519	
6	0	0	0	0	519	
7	0	0	0	0	519	
8	0	0	0	0	519	
9	0	0	0	0	519	
10	0	0	0	0	519	
11	0	0	0	0	518	
12	0	0	0	0	519	
13	0	0	0	0	518	
14	0	0	0	0	519	
15	0	0	0	0	519	
0	0	0	0	0	519	
1	0	0	0	0	519	
2	0	0	0	0	518	
3	0	0	0	0	519	
4	0	0	0	0	519	
5	0	0	0	0	519	
6	0	0	0	0	519	
7	0	0	0	0	520	
8	0	0	0	0	523	
9	0	0	0	0	524	
10	0	0	0	0	522	
11	0	0	0	0	519	
12	0	0	0	0	518	
13	0	0	0	0	519	
14	0	0	0	0	525	
15	0	0	0	0	528	
0	0	0	0	0	529	
1	0	0	0	0	528	
2	0	0	0	0	527	
3	0	0	0	0	528	
4	0	0	0	0	530	
5	0	0	0	0	531	
6	0	0	0	0	530	
7	0	0	0	0	530	
8	0	0	0	0	532	
9	0	0	0	0	532	
10	0	0	0	0	529	
11	0	0	0	0	527	
12	0	0	0	0	527	
13	0	0	0	0	531	
14	0	0	0	0	533	
15	0	0	0	0	533	
0	0	0	0	0	532	
1	0	0	0	0	532	
2	0	0	0	0	535	
3	0	0	0	0	536	
4	0	0	0	0	539	
5	0	0	0	0	539	
6	0	0	0	0	537	
7	0	0	0	0	535	
8	0	0	0	0	534	
9	0	0	0	0	536	
10	0	0	0	0	537	
11	0	0	0	0	538	
12	0	0	0	0	537	
13	0	0	0	0	536	
14	0	0	0	0	536	
15	0	0	0	0	536	
0	0	0	0	0	538	
1	0	0	0	0	541	
2	0	0	0	0	542	
3	0	0	0	0	540	
4	0	0	0	0	537	
5	0	0	0	0	535	
6	0	0	0	0	536	
7	0	0	0	0	537	
8	0	0	0	0	540	
9	0	0	0	0	541	
10	0	0	0	0	543	
11	0	0	0	0	542	
12	0	0	0	0	542	
13	0	0	0	0	540	
14	0	0	0	0	540	
15	0	0	0	0	540	
0	0	0	0	0	540	
1	0	0	0	0	541	
2	0	0	0	0	540	
3	0	0	0	0	542	
4	0	0	0	0	544	
5	0	0	0	0	544	
6	0	0	0	0	544	
7	0	0	0	0	543	
8	0	0	0	0	543	
9	0	0	0	0	543	
10	0	0	0	0	541	
11	0	0	0	0	542	
12	0	0	0	0	543	
13	0	0	0	0	544	
14	0	0	0	0	546	
15	0	0	0	0	546	
0	0	0	0	0	545	
1	0	0	0	0	545	
2	0	0	0	0	545	
3	0	0	0	0	546	
4	0	0	0	0	546	
5	0	0	0	0	546	
6	0	0	0	0	544	
7	0	0	0	0	543	
8	0	0	0	0	541	
9	0	0	0	0	540	
10	0	0	0	0	540	
11	0	0	0	0	540	
12	0	0	0	0	542	
13	0	0	0	0	544	
14	0	0	0	0	545	
15	0	0	0	0	545	
0	0	0	0	0	545	
1	0	0	0	0	546	
2	0	0	0	0	548	
3	0	0	0	0	548	
4	0	0	0	0	547	
5	0	0	0	0	547	
6	0	0	0	0	545	
7	0	0	0	0	543	
8	0	0	0	0	545	
9	0	0	0	0	547	
10	0	0	0	0	547	
11	0	0	0	0	547	
12	0	0	0	0	547	
13	0	0	0	0	549	
14	0	0	0	0	549	
15	0	0	0	0	550	
0	0	0	0	0	552	
1	0	0	0	0	553	
2	0	0	0	0	553	
3	0	0	0	0	553	
4	0	0	0	0	552	
5	0	0	0	0	553	
6	0	0	0	0	556	
7	0	0	0	0	554	
8	0	0	0	0	552	
9	0	0	0	0	552	
10	0	0	0	0	551	
11	0	0	0	0	551	
12	0	0	0	0	551	
13	0	0	0	0	552	
14	0	0	0	0	553	
15	0	0	0	0	554	
0	0	0	0	0	555	
1	0	0	0	0	555	
2	0	0	0	0	554	
3	0	0	0	0	552	
4	0	0	0	0	551	
5	0	0	0	0	552	
6	0	0	0	0	555	
7	0	0	0	0	556	
8	0	0	0	0	557	
9	0	0	0	0	553	
10	0	0	0	0	552	
11	0	0	0	0	553	
12	0	0	0	0	557	
13	0	0	0	0	560	
14	0	0	0	0	561	
15	0	0	0	0	561	
0	0	0	0	0	560	
1	0	0	0	0	560	
2	0	0	0	0	558	
3	0	0	0	0	560	
4	0	0	0	0	560	
5	0	0	0	0	559	
6	0	0	0	0	560	
7	0	0	0	0	562	
8	0	0	0	0	563	
9	0	0	0	0	563	
10	0	0	0	0	563	
11	0	0	0	0	561	
12	0	0	0	0	561	
13	0	0	0	0	561	
14	0	0	0	0	560	
15	0	0	0	0	560	
0	0	0	0	0	560	
1	0	0	0	0	560	
2	0	0	0	0	559	
3	0	0	0	0	560	
4	0	0	0	0	560	
5	0	0	0	0	557	
6	0	0	0	0	554	
7	0	0	0	0	552	
8	0	0	0	0	554	
9	0	0	0	0	556	
10	0	0	0	0	559	
11	0	0	0	0	560	
12	0	0	0	0	560	
13	0	0	0	0	559	
14	0	0	0	0	559	
15	0	0	0	0	558	
0	0	0	0	0	556	
1	0	0	0	0	556	
2	0	0	0	0	556	
3	0	0	0	0	557	
4	0	0	0	0	555	
5	0	0	0	0	556	
6	0	0	0	0	559	
7	0	0	0	0	559	
8	0	0	0	0	558	
9	0	0	0	0	558	
10	0	0	0	0	558	
11	0	0	0	0	559	
12	0	0	0	0	560	
13	0	0	0	0	560	
14	0	0	0	0	558	
15	0	0	0	0	558	
0	0	0	0	0	560	
1	0	0	0	0	561	
2	0	0	0	0	561	
3	0	0	0	0	562	
4	0	0	0	0	563	
5	0	0	0	0	562	
6	0	0	0	0	562	
7	0	0	0	0	561	
8	0	0	0	0	561	
9	0	0	0	0	559	
10	0	0	0	0	560	
11	0	0	0	0	561	
12	0	0	0	0	561	
13	0	0	0	0	560	
14	0	0	0	0	559	
15	0	0	0	0	558	
0	0	0	0	0	558	
1	0	0	0	0	559	
2	0	0	0	0	558	
3	0	0	0	0	556	
4	0	0	0	0	553	
5	0	0	0	0	551	
6	0	0	0	0	549	
7	0	0	0	0	547	
8	0	0	0	0	543	
9	0	0	0	0	540	
10	0	0	0	0	542	
11	0	0	0	0	544	
12	0	0	0	0	545	
13	0	0	0	0	545	
14	0	0	0	0	541	
15	0	0	0	0	536	
0	0	0	0	0	536	
1	0	0	0	0	535	
2	0	0	0	0	534	
3	0	0	0	0	533	
4	0	0	0	0	531	
5	0	0	0	0	531	
6	0	0	0	0	530	
7	0	0	0	0	526	
8	0	0	0	0	520	
9	0	0	0	0	518	
10	0	0	0	0	519	
11	0	0	0	0	520	
12	0	0	0	0	520	
13	0	0	0	0	519	
14	0	0	0	0	517	
15	0	0	0	0	515	
0	0	0	0	0	512	
1	0	0	0	0	510	
2	0	0	0	0	508	
3	0	0	0	0	506	
4	0	0	0	0	504	
5	0	0	0	0	502	
6	0	0	0	0	501	
7	0	0	0	0	500	
8	0	0	0	0	503	
9	0	0	0	0	504	
10	0	0	0	0	500	
11	0	0	0	0	499	
12	0	0	0	0	500	
13	0	0	0	0	500	
14	0	0	0	0	500	
15	0	0	0	0	501	
0	0	0	0	0	500	
1	0	0	0	0	499	
2	0	0	0	0	499	
3	0	0	0	0	498	
4	0	0	0	0	496	
5	0	0	0	0	493	
6	0	0	0	0	493	
7	0	0	0	0	493	
8	0	0	0	0	492	
9	0	0	0	0	492	
10	0	0	0	0	492	
11	0	0	0	0	492	
12	0	0	0	0	492	
13	0	0	0	0	493	
14	0	0	0	0	493	
15	0	0	0	0	489	
0	0	0	0	0	486	
1	0	0	0	0	483	
2	0	0	0	0	483	
3	0	0	0	0	486	
4	0	0	0	0	487	
5	0	0	0	0	489	
6	0	0	0	0	491	
7	0	0	0	0	489	
8	0	0	0	0	488	
9	0	0	0	0	488	
10	0	0	0	0	489	
11	0	0	0	0	490	
12	0	0	0	0	489	
13	0	0	0	0	490	
14	0	0	0	0	489	
15	0	0	0	0	487	
0	0	0	0	0	488	
1	0	0	0	0	490	
2	0	0	0	0	491	
3	0	0	0	0	492	
4	0	0	0	0	494	
5	0	0	0	0	493	
6	0	0	0	0	493	
7	0	0	0	0	492	
8	0	0	0	0	492	
9	0	0	0	0	493	
10	0	0	0	0	490	
11	0	0	0	0	488	
12	0	0	0	0	488	
13	0	0	0	0	488	
14	0	0	0	0	488	
15	0	0	0	0	487	
0	0	0	0	0	489	
1	0	0	0	0	490	
2	0	0	0	0	491	
3	0	0	0	0	492	
4	0	0	0	0	491	
5	0	0	0	0	489	
6	0	0	0	0	489	
7	0	0	0	0	487	
8	0	0	0	0	485	
9	0	0	0	0	487	
10	0	0	0	0	490	
11	0	0	0	0	490	
12	0	0	0	0	489	
13	0	0	0	0	489	
14	0	0	0	0	488	
15	0	0	0	0	488	
0	0	0	0	0	491	
1	0	0	0	0	494	
2	0	0	0	0	492	
3	0	0	0	0	490	
4	0	0	0	0	491	
5	0	0	0	0	491	
6	0	0	0	0	489	
7	0	0	0	0	489	
8	0	0	0	0	490	
9	0	0	0	0	489	
10	0	0	0	0	490	
11	0	0	0	0	493	
12	0	0	0	0	494	
13	0	0	0	0	492	
14	0	0	0	0	493	
15	0	0	0	0	493	
0	0	0	0	0	492	
1	0	0	0	0	496	
2	0	0	0	0	497	
3	0	0	0	0	498	
4	0	0	0	0	496	
5	0	0	0	0	495	
6	0	0	0	0	493	
7	0	0	0	0	494	
8	0	0	0	0	494	
9	0	0	0	0	488	
10	0	0	0	0	487	
11	0	0	0	0	491	
12	0	0	0	0	492	
13	0	0	0	0	494	
14	0	0	0	0	494	
15	0	0	0	0	493	
0	0	0	0	0	492	
1	0	0	0	0	490	
2	0	0	0	0	489	
3	0	0	0	0	490	
4	0	0	0	0	492	
5	0	0	0	0	496	
6	0	0	0	0	497	
7	0	0	0	0	496	
8	0	0	0	0	495	
9	0	0	0	0	494	
10	0	0	0	0	492	
11	0	0	0	0	490	
12	0	0	0	0	493	
13	0	0	0	0	495	
14	0	0	0	0	497	
15	0	0	0	0	497	
0	0	0	0	0	497	
1	0	0	0	0	497	
2	0	0	0	0	498	
3	0	0	0	0	499	
4	0	0	0	0	499	
5	0	0	0	0	499	
6	0	0	0	0	500	
7	0	0	0	0	502	
8	0	0	0	0	505	
9	0	0	0	0	507	
10	0	0	0	0	508	
11	0	0	0	0	507	
12	0	0	0	0	505	
13	0	0	0	0	505	
14	0	0	0	0	505	
15	0	0	0	0	508	
0	0	0	0	0	511	
1	0	0	0	0	511	
2	0	0	0	0	510	
3	0	0	0	0	512	
4	0	0	0	0	514	
5	0	0	0	0	515	
6	0	0	0	0	517	
7	0	0	0	0	519	
8	0	0	0	0	520	
9	0	0	0	0	521	
10	0	0	0	0	523	
11	0	0	0	0	524	
12	0	0	0	0	524	
13	0	0	0	0	523	
14	0	0	0	0	522	
15	0	0	0	0	521	
0	0	0	0	0	522	
1	0	0	0	0	522	
2	0	0	0	0	521	
3	0	0	0	0	521	
4	0	0	0	0	523	
5	0	0	0	0	524	
6	0	0	0	0	525	
7	0	0	0	0	525	
8	0	0	0	0	524	
9	0	0	0	0	525	
10	0	0	0	0	526	
11	0	0	0	0	526	
12	0	0	0	0	525	
13	0	0	0	0	525	
14	0	0	0	0	524	
15	0	0	0	0	524	
0	0	0	0	0	527	
1	0	0	0	0	528	
2	0	0	0	0	529	
3	0	0	0	0	531	
4	0	0	0	0	530	
5	0	0	0	0	527	
6	0	0	0	0	527	
7	0	0	0	0	526	
8	0	0	0	0	524	
9	0	0	0	0	526	
10	0	0	0	0	531	
11	0	0	0	0	531	
12	0	0	0	0	532	
13	0	0	0	0	532	
14	0	0	0	0	531	
15	0	0	0	0	529	
0	0	0	0	0	530	
1	0	0	0	0	529	
2	0	0	0	0	531	
3	0	0	0	0	531	
4	0	0	0	0	531	
5	0	0	0	0	528	
6	0	0	0	0	528	
7	0	0	0	0	531	
8	0	0	0	0	531	
9	0	0	0	0	528	
10	0	0	0	0	527	
11	0	0	0	0	527	
12	0	0	0	0	525	
13	0	0	0	0	526	
14	0	0	0	0	529	
15	0	0	0	0	529	
0	0	0	0	0	528	
1	0	0	0	0	530	
2	0	0	0	0	531	
3	0	0	0	0	531	
4	0	0	0	0	529	
5	0	0	0	0	526	
6	0	0	0	0	527	
7	0	0	0	0	530	
8	0	0	0	0	531	
9	0	0	0	0	528	
10	0	0	0	0	527	
11	0	0	0	0	526	
12	0	0	0	0	525	
13	0	0	0	0	526	
14	0	0	0	0	527	
15	0	0	0	0	527	
0	0	0	0	0	527	
1	0	0	0	0	527	
2	0	0	0	0	527	
3	0	0	0	0	527	
4	0	0	0	0	526	
5	0	0	0	0	523	
6	0	0	0	0	520	
7	0	0	0	0	520	
8	0	0	0	0	522	
9	0	0	0	0	524	
10	0	0	0	0	527	
11	0	0	0	0	524	
12	0	0	0	0	523	
13	0	0	0	0	522	
14	0	0	0	0	524	
15	0	0	0	0	525	
0	0	0	0	0	526	
1	0	0	0	0	527	
2	0	0	0	0	527	
3	0	0	0	0	527	
4	0	0	0	0	526	
5	0	0	0	0	526	
6	0	0	0	0	525	
7	0	0	0	0	525	
8	0	0	0	0	525	
9	0	0	0	0	527	
10	0	0	0	0	529	
11	0	0	0	0	529	
12	0	0	0	0	527	
13	0	0	0	0	527	
14	0	0	0	0	529	
15	0	0	0	0	528	
0	0	0	0	0	526	
1	0	0	0	0	524	
2	0	0	0	0	524	
3	0	0	0	0	524	
4	0	0	0	0	523	
5	0	0	0	0	525	
6	0	0	0	0	529	
7	0	0	0	0	528	
8	0	0	0	0	525	
9	0	0	0	0	524	
10	0	0	0	0	524	
11	0	0	0	0	522	
12	0	0	0	0	522	
13	0	0	0	0	526	
14	0	0	0	0	527	
15	0	0	0	0	524	
0	0	0	0	0	523	
1	0	0	0	0	523	
2	0	0	0	0	525	
3	0	0	0	0	524	
4	0	0	0	0	524	
5	0	0	0	0	527	
6	0	0	0	0	526	
7	0	0	0	0	521	
8	0	0	0	0	518	
9	0	0	0	0	518	
10	0	0	0	0	521	
11	0	0	0	0	524	
12	0	0	0	0	527	
13	0	0	0	0	528	
14	0	0	0	0	528	
15	0	0	0	0	527	
0	0	0	0	0	524	
1	0	0	0	0	522	
2	0	0	0	0	523	
3	0	0	0	0	523	
4	0	0	0	0	523	
5	0	0	0	0	521	
6	0	0	0	0	523	
7	0	0	0	0	522	
8	0	0	0	0	520	
9	0	0	0	0	520	
10	0	0	0	0	521	
11	0	0	0	0	520	
12	0	0	0	0	518	
13	0	0	0	0	519	
14	0	0	0	0	517	
15	0	0	0	0	518	
0	0	0	0	0	521	
1	0	0	0	0	521	
2	0	0	0	0	521	
3	0	0	0	0	523	
4	0	0	0	0	524	
5	0	0	0	0	521	
6	0	0	0	0	521	
7	0	0	0	0	520	
8	0	0	0	0	520	
9	0	0	0	0	519	
10	0	0	0	0	519	
11	0	0	0	0	520	
12	0	0	0	0	521	
13	0	0	0	0	521	
14	0	0	0	0	518	
15	0	0	0	0	515	
0	0	0	0	0	515	
1	0	0	0	0	515	
2	0	0	0	0	515	
3	0	0	0	0	516	
4	0	0	0	0	516	
5	0	0	0	0	515	
6	0	0	0	0	516	
7	0	0	0	0	515	
8	0	0	0	0	513	
9	0	0	0	0	513	
10	0	0	0	0	515	
11	0	0	0	0	517	
12	0	0	0	0	518	
13	0	0	0	0	517	
14	0	0	0	0	516	
15	0	0	0	0	519	
0	0	0	0	0	519	
1	0	0	0	0	519	
2	0	0	0	0	520	
3	0	0	0	0	520	
4	0	0	0	0	519	
5	0	0	0	0	519	
6	0	0	0	0	519	
7	0	0	0	0	519	
8	0	0	0	0	519	
9	0	0	0	0	519	
10	0	0	0	0	519	
11	0	0	0	0	518	
12	0	0	0	0	517	
13	0	0	0	0	516	
14	0	0	0	0	515	
15	0	0	0	0	515	
0	0	0	0	0	513	
1	0	0	0	0	512	
2	0	0	0	0	510	
3	0	0	0	0	510	
4	0	0	0	0	511	
5	0	0	0	0	511	
6	0	0	0	0	511	
7	0	0	0	0	510	
8	0	0	0	0	509	
9	0	0	0	0	507	
10	0	0	0	0	506	
11	0	0	0	0	508	
12	0	0	0	0	508	
13	0	0	0	0	507	
14	0	0	0	0	505	
15	0	0	0	0	505	
0	0	0	0	0	505	
1	0	0	0	0	505	
2	0	0	0	0	504	
3	0	0	0	0	503	
4	0	0	0	0	503	
5	0	0	0	0	503	
6	0	0	0	0	504	
7	0	0	0	0	503	
8	0	0	0	0	502	
9	0	0	0	0	501	
10	0	0	0	0	500	
11	0	0	0	0	499	
12	0	0	0	0	497	
13	0	0	0	0	497	
14	0	0	0	0	497	
15	0	0	0	0	497	
0	0	0	0	0	497	
1	0	0	0	0	497	
2	0	0	0	0	497	
3	0	0	0	0	496	
4	0	0	0	0	495	
5	0	0	0	0	492	
6	0	0	0	0	492	
7	0	0	0	0	493	
8	0	0	0	0	495	
9	0	0	0	0	497	
10	0	0	0	0	498	
11	0	0	0	0	497	
12	0	0	0	0	498	
13	0	0	0	0	499	
14	0	0	0	0	499	
15	0	0	0	0	498	
0	0	0	0	0	494	
1	0	0	0	0	494	
2	0	0	0	0	496	
3	0	0	0	0	499	
4	0	0	0	0	502	
5	0	0	0	0	505	
6	0	0	0	0	507	
7	0	0	0	0	505	
8	0	0	0	0	504	
9	0	0	0	0	507	
10	0	0	0	0	508	
11	0	0	0	0	508	
12	0	0	0	0	505	
13	0	0	0	0	502	
14	0	0	0	0	501	
15	0	0	0	0	504	
0	0	0	0	0	509	
1	0	0	0	0	512	
2	0	0	0	0	513	
3	0	0	0	0	513	
4	0	0	0	0	513	
5	0	0	0	0	512	
6	0	0	0	0	512	
7	0	0	0	0	513	
8	0	0	0	0	513	
9	0	0	0	0	512	
10	0	0	0	0	512	
11	0	0	0	0	513	
12	0	0	0	0	517	
13	0	0	0	0	518	
14	0	0	0	0	517	
15	0	0	0	0	517	
0	0	0	0	0	517	
1	0	0	0	0	516	
2	0	0	0	0	518	
3	0	0	0	0	519	
4	0	0	0	0	520	
5	0	0	0	0	521	
6	0	0	0	0	523	
7	0	0	0	0	522	
8	0	0	0	0	524	
9	0	0	0	0	525	
10	0	0	0	0	526	
11	0	0	0	0	526	
12	0	0	0	0	526	
13	0	0	0	0	525	
14	0	0	0	0	526	
15	0	0	0	0	526	
0	0	0	0	0	527	
1	0	0	0	0	529	
2	0	0	0	0	528	
3	0	0	0	0	527	
4	0	0	0	0	526	
5	0	0	0	0	525	
6	0	0	0	0	524	
7	0	0	0	0	526	
8	0	0	0	0	527	
9	0	0	0	0	529	
10	0	0	0	0	530	
11	0	0	0	0	531	
12	0	0	0	0	531	
13	0	0	0	0	531	
14	0	0	0	0	530	
15	0	0	0	0	529	
0	0	0	0	0	529	
1	0	0	0	0	529	
2	0	0	0	0	528	
3	0	0	0	0	527	
4	0	0	0	0	525	
5	0	0	0	0	525	
6	0	0	0	0	527	
7	0	0	0	0	526	
8	0	0	0	0	525	
9	0	0	0	0	527	
10	0	0	0	0	527	
11	0	0	0	0	527	
12	0	0	0	0	527	
13	0	0	0	0	528	
14	0	0	0	0	529	
15	0	0	0	0	528	
0	0	0	0	0	527	
1	0	0	0	0	527	
2	0	0	0	0	528	
3	0	0	0	0	531	
4	0	0	0	0	531	
5	0	0	0	0	530	
6	0	0	0	0	531	
7	0	0	0	0	533	
8	0	0	0	0	533	
9	0	0	0	0	531	
10	0	0	0	0	530	
11	0	0	0	0	528	
12	0	0	0	0	527	
13	0	0	0	0	528	
14	0	0	0	0	529	
15	0	0	0	0	531	
0	0	0	0	0	534	
1	0	0	0	0	536	
2	0	0	0	0	536	
3	0	0	0	0	534	
4	0	0	0	0	532	
5	0	0	0	0	533	
6	0	0	0	0	532	
7	0	0	0	0	531	
8	0	0	0	0	531	
9	0	0	0	0	531	
10	0	0	0	0	533	
11	0	0	0	0	534	
12	0	0	0	0	533	
13	0	0	0	0	535	
14	0	0	0	0	536	
15	0	0	0	0	534	
0	0	0	0	0	535	
1	0	0	0	0	537	
2	0	0	0	0	537	
3	0	0	0	0	533	
4	0	0	0	0	529	
5	0	0	0	0	529	
6	0	0	0	0	532	
7	0	0	0	0	535	
8	0	0	0	0	538	
9	0	0	0	0	538	
10	0	0	0	0	538	
11	0	0	0	0	540	
12	0	0	0	0	541	
13	0	0	0	0	542	
14	0	0	0	0	542	
15	0	0	0	0	541	
0	0	0	0	0	540	
1	0	0	0	0	541	
2	0	0	0	0	541	
3	0	0	0	0	540	
4	0	0	0	0	539	
5	0	0	0	0	538	
6	0	0	0	0	539	
7	0	0	0	0	539	
8	0	0	0	0	537	
9	0	0	0	0	533	
10	0	0	0	0	536	
11	0	0	0	0	540	
12	0	0	0	0	543	
13	0	0	0	0	545	
14	0	0	0	0	548	
15	0	0	0	0	547	
0	0	0	0	0	547	
1	0	0	0	0	548	
2	0	0	0	0	548	
3	0	0	0	0	548	
4	0	0	0	0	550	
5	0	0	0	0	551	
6	0	0	0	0	552	
7	0	0	0	0	549	
8	0	0	0	0	547	
9	0	0	0	0	549	
10	0	0	0	0	551	
11	0	0	0	0	552	
12	0	0	0	0	552	
13	0	0	0	0	551	
14	0	0	0	0	552	
15	0	0	0	0	554	
0	0	0	0	0	554	
1	0	0	0	0	553	
2	0	0	0	0	552	
3	0	0	0	0	553	
4	0	0	0	0	557	
5	0	0	0	0	559	
6	0	0	0	0	562	
7	0	0	0	0	563	
8	0	0	0	0	564	
9	0	0	0	0	566	
10	0	0	0	0	567	
11	0	0	0	0	566	
12	0	0	0	0	566	
13	0	0	0	0	566	
14	0	0	0	0	567	
15	0	0	0	0	566	
0	0	0	0	0	568	
1	0	0	0	0	571	
2	0	0	0	0	572	
3	0	0	0	0	573	
4	0	0	0	0	575	
5	0	0	0	0	577	
6	0	0	0	0	577	
7	0	0	0	0	576	
8	0	0	0	0	576	
9	0	0	0	0	576	
10	0	0	0	0	575	
11	0	0	0	0	575	
12	0	0	0	0	576	
13	0	0	0	0	578	
14	0	0	0	0	579	
15	0	0	0	0	580	
0	0	0	0	0	581	
1	0	0	0	0	580	
2	0	0	0	0	581	
3	0	0	0	0	580	
4	0	0	0	0	580	
5	0	0	0	0	581	
6	0	0	0	0	582	
7	0	0	0	0	583	
8	0	0	0	0	582	
9	0	0	0	0	582	
10	0	0	0	0	582	
11	0	0	0	0	582	
12	0	0	0	0	582	
13	0	0	0	0	583	
14	0	0	0	0	583	
15	0	0	0	0	583	
0	0	0	0	0	584	
1	0	0	0	0	585	
2	0	0	0	0	584	
3	0	0	0	0	584	
4	0	0	0	0	585	
5	0	0	0	0	584	
6	0	0	0	0	585	
7	0	0	0	0	585	
8	0	0	0	0	586	
9	0	0	0	0	586	
10	0	0	0	0	585	
11	0	0	0	0	585	
12	0	0	0	0	585	
13	0	0	0	0	585	
14	0	0	0	0	586	
15	0	0	0	0	587	
0	0	0	0	0	589	
1	0	0	0	0	590	
2	0	0	0	0	590	
3	0	0	0	0	591	
4	0	0	0	0	591	
5	0	0	0	0	590	
6	0	0	0	0	590	
7	0	0	0	0	590	
8	0	0	0	0	588	
9	0	0	0	0	591	
10	0	0	0	0	592	
11	0	0	0	0	592	
12	0	0	0	0	593	
13	0	0	0	0	592	
14	0	0	0	0	593	
15	0	0	0	0	593	
0	0	0	0	0	592	
1	0	0	0	0	591	
2	0	0	0	0	591	
3	0	0	0	0	591	
4	0	0	0	0	592	
5	0	0	0	0	591	
6	0	0	0	0	589	
7	0	0	0	0	587	
8	0	0	0	0	584	
9	0	0	0	0	585	
10	0	0	0	0	584	
11	0	0	0	0	582	
12	0	0	0	0	579	
13	0	0	0	0	581	
14	0	0	0	0	585	
15	0	0	0	0	586	
0	0	0	0	0	583	
1	0	0	0	0	579	
2	0	0	0	0	580	
3	0	0	0	0	583	
4	0	0	0	0	585	
5	0	0	0	0	584	
6	0	0	0	0	583	
7	0	0	0	0	580	
8	0	0	0	0	578	
9	0	0	0	0	576	
10	0	0	0	0	577	
11	0	0	0	0	580	
12	0	0	0	0	582	
13	0	0	0	0	583	
14	0	0	0	0	582	
15	0	0	0	0	580	
0	0	0	0	0	581	
1	0	0	0	0	580	
2	0	0	0	0	578	
3	0	0	0	0	575	
4	0	0	0	0	575	
5	0	0	0	0	574	
6	0	0	0	0	574	
7	0	0	0	0	574	
8	0	0	0	0	573	
9	0	0	0	0	572	
10	0	0	0	0	569	
11	0	0	0	0	567	
12	0	0	0	0	568	
13	0	0	0	0	571	
14	0	0	0	0	573	
15	0	0	0	0	572	
0	0	0	0	0	572	
1	0	0	0	0	572	
2	0	0	0	0	570	
3	0	0	0	0	568	
4	0	0	0	0	567	
5	0	0	0	0	567	
6	0	0	0	0	568	
7	0	0	0	0	568	
8	0	0	0	0	569	
9	0	0	0	0	568	
10	0	0	0	0	567	
11	0	0	0	0	567	
12	0	0	0	0	568	
13	0	0	0	0	568	
14	0	0	0	0	568	
15	0	0	0	0	567	
0	0	0	0	0	567	
1	0	0	0	0	566	
2	0	0	0	0	563	
3	0	0	0	0	559	
4	0	0	0	0	559	
5	0	0	0	0	561	
6	0	0	0	0	561	
7	0	0	0	0	559	
8	0	0	0	0	556	
9	0	0	0	0	556	
10	0	0	0	0	555	
11	0	0	0	0	554	
12	0	0	0	0	553	
13	0	0	0	0	553	
14	0	0	0	0	552	
15	0	0	0	0	552	
0	0	0	0	0	550	
1	0	0	0	0	548	
2	0	0	0	0	548	
3	0	0	0	0	547	
4	0	0	0	0	547	
5	0	0	0	0	545	
6	0	0	0	0	544	
7	0	0	0	0	542	
8	0	0	0	0	540	
9	0	0	0	0	536	
10	0	0	0	0	531	
11	0	0	0	0	528	
12	0	0	0	0	524	
13	0	0	0	0	520	
14	0	0	0	0	516	
15	0	0	0	0	513	
0	0	0	0	0	511	
1	0	0	0	0	508	
2	0	0	0	0	505	
3	0	0	0	0	502	
4	0	0	0	0	499	
5	0	0	0	0	499	
6	0	0	0	0	499	
7	0	0	0	0	499	
8	0	0	0	0	500	
9	0	0	0	0	500	
10	0	0	0	0	500	
11	0	0	0	0	501	
12	0	0	0	0	504	
13	0	0	0	0	506	
14	0	0	0	0	509	
15	0	0	0	0	510	
0	0	0	0	0	510	
1	0	0	0	0	513	
2	0	0	0	0	520	
3	0	0	0	0	525	
4	0	0	0	0	527	
5	0	0	0	0	533	
6	0	0	0	0	542	
7	0	0	0	0	549	
8	0	0	0	0	556	
9	0	0	0	0	564	
10	0	0	0	0	570	
11	0	0	0	0	573	
12	0	0	0	0	577	
13	0	0	0	0	580	
14	0	0	0	0	580	
15	0	0	0	0	575	
0	0	0	0	0	567	
1	0	0	0	0	556	
2	0	0	0	0	541	
3	0	0	0	0	526	
4	0	0	0	0	510	
5	0	0	0	0	496	
6	0	0	0	0	481	
7	0	0	0	0	461	
8	0	0	0	0	440	
9	0	0	0	0	418	
10	0	0	0	0	397	
11	0	0	0	0	378	
12	0	0	0	0	361	
13	0	0	0	0	348	
14	0	0	0	0	335	
15	0	0	0	0	325	
0	0	0	0	0	316	
1	0	0	0	0	307	
2	0	0	0	0	299	
3	0	0	0	0	293	
4	0	0	0	0	289	
5	0	0	0	0	294	
6	0	0	0	0	297	
7	0	0	0	0	295	
8	0	0	0	0	293	
9	0	0	0	0	294	
10	0	0	0	0	296	
11	0	0	0	0	300	
12	0	0	0	0	305	
13	0	0	0	0	310	
14	0	0	0	0	313	
15	0	0	0	0	315	
0	0	0	0	0	317	
1	0	0	0	0	321	
2	0	0	0	0	324	
3	0	0	0	0	323	
4	0	0	0	0	322	
5	0	0	0	0	324	
6	0	0	0	0	328	
7	0	0	0	0	327	
8	0	0	0	0	326	
9	0	0	0	0	325	
10	0	0	0	0	325	
11	0	0	0	0	323	
12	0	0	0	0	323	
13	0	0	0	0	323	
14	0	0	0	0	328	
15	0	0	0	0	332	
0	0	0	0	0	335	
1	0	0	0	0	336	
2	0	0	0	0	337	
3	0	0	0	0	338	
4	0	0	0	0	339	
5	0	0	0	0	339	
6	0	0	0	0	340	
7	0	0	0	0	342	
8	0	0	0	0	345	
9	0	0	0	0	348	
10	0	0	0	0	351	
11	0	0	0	0	354	
12	0	0	0	0	357	
13	0	0	0	0	359	
14	0	0	0	0	362	
15	0	0	0	0	363	
0	0	0	0	0	362	
1	0	0	0	0	363	
2	0	0	0	0	366	
3	0	0	0	0	369	
4	0	0	0	0	371	
5	0	0	0	0	371	
6	0	0	0	0	375	
7	0	0	0	0	378	
8	0	0	0	0	380	
9	0	0	0	0	383	
10	0	0	0	0	386	
11	0	0	0	0	387	
12	0	0	0	0	387	
13	0	0	0	0	387	
14	0	0	0	0	389	
15	0	0	0	0	395	
0	0	0	0	0	400	
1	0	0	0	0	404	
2	0	0	0	0	405	
3	0	0	0	0	406	
4	0	0	0	0	407	
5	0	0	0	0	410	
6	0	0	0	0	414	
7	0	0	0	0	417	
8	0	0	0	0	422	
9	0	0	0	0	426	
10	0	0	0	0	430	
11	0	0	0	0	435	
12	0	0	0	0	438	
13	0	0	0	0	440	
14	0	0	0	0	443	
15	0	0	0	0	447	
0	0	0	0	0	451	
1	0	0	0	0	453	
2	0	0	0	0	456	
3	0	0	0	0	460	
4	0	0	0	0	463	
5	0	0	0	0	467	
6	0	0	0	0	471	
7	0	0	0	0	473	
8	0	0	0	0	475	
9	0	0	0	0	478	
10	0	0	0	0	479	
11	0	0	0	0	480	
12	0	0	0	0	484	
13	0	0	0	0	487	
14	0	0	0	0	489	
15	0	0	0	0	492	
0	0	0	0	0	497	
1	0	0	0	0	505	
2	0	0	0	0	510	
3	0	0	0	0	513	
4	0	0	0	0	516	
5	0	0	0	0	520	
6	0	0	0	0	526	
7	0	0	0	0	528	
8	0	0	0	0	532	
9	0	0	0	0	536	
10	0	0	0	0	540	
11	0	0	0	0	545	
12	0	0	0	0	548	
13	0	0	0	0	550	
14	0	0	0	0	554	
15	0	0	0	0	558	
0	0	0	0	0	562	
1	0	0	0	0	564	
2	0	0	0	0	568	
3	0	0	0	0	573	
4	0	0	0	0	576	
5	0	0	0	0	579	
6	0	0	0	0	582	
7	0	0	0	0	583	
8	0	0	0	0	588	
9	0	0	0	0	594	
10	0	0	0	0	596	
11	0	0	0	0	598	
12	0	0	0	0	601	
13	0	0	0	0	604	
14	0	0	0	0	608	
15	0	0	0	0	612	
0	0	0	0	0	616	
1	0	0	0	0	621	
2	0	0	0	0	627	
3	0	0	0	0	629	
4	0	0	0	0	632	
5	0	0	0	0	635	
6	0	0	0	0	638	
7	0	0	0	0	638	
8	0	0	0	0	640	
9	0	0	0	0	643	
10	0	0	0	0	647	
11	0	0	0	0	651	
12	0	0	0	0	655	
13	0	0	0	0	659	
14	0	0	0	0	661	
15	0	0	0	0	663	
0	0	0	0	0	665	
1	0	0	0	0	667	
2	0	0	0	0	668	
3	0	0	0	0	668	
4	0	0	0	0	670	
5	0	0	0	0	672	
6	0	0	0	0	675	
7	0	0	0	0	675	
8	0	0	0	0	676	
9	0	0	0	0	678	
10	0	0	0	0	680	
11	0	0	0	0	681	
12	0	0	0	0	681	
13	0	0	0	0	683	
14	0	0	0	0	683	
15	0	0	0	0	686	
0	0	0	0	0	688	
1	0	0	0	0	689	
2	0	0	0	0	690	
3	0	0	0	0	693	
4	0	0	0	0	696	
5	0	0	0	0	701	
6	0	0	0	0	704	
7	0	0	0	0	703	
8	0	0	0	0	703	
9	0	0	0	0	704	
10	0	0	0	0	706	
11	0	0	0	0	706	
12	0	0	0	0	708	
13	0	0	0	0	710	
14	0	0	0	0	712	
15	0	0	0	0	713	
0	0	0	0	0	714	
1	0	0	0	0	716	
2	0	0	0	0	717	
3	0	0	0	0	716	
4	0	0	0	0	715	
5	0	0	0	0	716	
6	0	0	0	0	719	
7	0	0	0	0	719	
8	0	0	0	0	719	
9	0	0	0	0	718	
10	0	0	0	0	719	
11	0	0	0	0	720	
12	0	0	0	0	719	
13	0	0	0	0	718	
14	0	0	0	0	719	
15	0	0	0	0	719	
0	0	0	0	0	716	
1	0	0	0	0	717	
2	0	0	0	0	721	
3	0	0	0	0	724	
4	0	0	0	0	724	
5	0	0	0	0	727	
6	0	0	0	0	730	
7	0	0	0	0	731	
8	0	0	0	0	733	
9	0	0	0	0	735	
10	0	0	0	0	736	
11	0	0	0	0	735	
12	0	0	0	0	733	
13	0	0	0	0	734	
14	0	0	0	0	732	
15	0	0	0	0	732	
0	0	0	0	0	732	
1	0	0	0	0	731	
2	0	0	0	0	731	
3	0	0	0	0	731	
4	0	0	0	0	729	
5	0	0	0	0	728	
6	0	0	0	0	728	
7	0	0	0	0	728	
8	0	0	0	0	729	
9	0	0	0	0	728	
10	0	0	0	0	728	
11	0	0	0	0	728	
12	0	0	0	0	726	
13	0	0	0	0	723	
14	0	0	0	0	721	
15	0	0	0	0	721	
0	0	0	0	0	721	
1	0	0	0	0	722	
2	0	0	0	0	722	
3	0	0	0	0	722	
4	0	0	0	0	722	
5	0	0	0	0	723	
6	0	0	0	0	723	
7	0	0	0	0	720	
8	0	0	0	0	719	
9	0	0	0	0	718	
10	0	0	0	0	718	
11	0	0	0	0	718	
12	0	0	0	0	716	
13	0	0	0	0	716	
14	0	0	0	0	715	
15	0	0	0	0	713	
0	0	0	0	0	712	
1	0	0	0	0	708	
2	0	0	0	0	707	
3	0	0	0	0	705	
4	0	0	0	0	704	
5	0	0	0	0	702	
6	0	0	0	0	701	
7	0	0	0	0	700	
8	0	0	0	0	696	
9	0	0	0	0	695	
10	0	0	0	0	694	
11	0	0	0	0	689	
12	0	0	0	0	688	
13	0	0	0	0	687	
14	0	0	0	0	684	
15	0	0	0	0	681	
0	0	0	0	0	676	
1	0	0	0	0	673	
2	0	0	0	0	669	
3	0	0	0	0	667	
4	0	0	0	0	663	
5	0	0	0	0	659	
6	0	0	0	0	659	
7	0	0	0	0	657	
8	0	0	0	0	655	
9	0	0	0	0	650	
10	0	0	0	0	646	
11	0	0	0	0	643	
12	0	0	0	0	639	
13	0	0	0	0	637	
14	0	0	0	0	635	
15	0	0	0	0	632	
0	0	0	0	0	628	
1	0	0	0	0	625	
2	0	0	0	0	621	
3	0	0	0	0	619	
4	0	0	0	0	614	
5	0	0	0	0	613	
6	0	0	0	0	611	
7	0	0	0	0	607	
8	0	0	0	0	606	
9	0	0	0	0	604	
10	0	0	0	0	600	
11	0	0	0	0	595	
12	0	0	0	0	588	
13	0	0	0	0	585	
14	0	0	0	0	585	
15	0	0	0	0	583	
0	0	0	0	0	581	
1	0	0	0	0	580	
2	0	0	0	0	578	
3	0	0	0	0	574	
4	0	0	0	0	572	
5	0	0	0	0	571	
6	0	0	0	0	570	
7	0	0	0	0	568	
8	0	0	0	0	564	
9	0	0	0	0	563	
10	0	0	0	0	563	
11	0	0	0	0	562	
12	0	0	0	0	560	
13	0	0	0	0	557	
14	0	0	0	0	554	
15	0	0	0	0	551	
0	0	0	0	0	551	
1	0	0	0	0	551	
2	0	0	0	0	551	
3	0	0	0	0	550	
4	0	0	0	0	547	
5	0	0	0	0	546	
6	0	0	0	0	545	
7	0	0	0	0	543	
8	0	0	0	0	540	
9	0	0	0	0	539	
10	0	0	0	0	538	
11	0	0	0	0	535	
12	0	0	0	0	534	
13	0	0	0	0	534	
14	0	0	0	0	538	
15	0	0	0	0	537	
0	0	0	0	0	533	
1	0	0	0	0	533	
2	0	0	0	0	535	
3	0	0	0	0	535	
4	0	0	0	0	532	
5	0	0	0	0	529	
6	0	0	0	0	528	
7	0	0	0	0	530	
8	0	0	0	0	530	
9	0	0	0	0	528	
10	0	0	0	0	527	
11	0	0	0	0	526	
12	0	0	0	0	524	
13	0	0	0	0	524	
14	0	0	0	0	523	
15	0	0	0	0	520	
0	0	0	0	0	517	
1	0	0	0	0	519	
2	0	0	0	0	518	
3	0	0	0	0	515	
4	0	0	0	0	515	
5	0	0	0	0	515	
6	0	0	0	0	516	
7	0	0	0	0	515	
8	0	0	0	0	513	
9	0	0	0	0	511	
10	0	0	0	0	511	
11	0	0	0	0	511	
12	0	0	0	0	512	
13	0	0	0	0	513	
14	0	0	0	0	514	
15	0	0	0	0	513	
0	0	0	0	0	511	
1	0	0	0	0	510	
2	0	0	0	0	511	
3	0	0	0	0	511	
4	0	0	0	0	507	
5	0	0	0	0	507	
6	0	0	0	0	508	
7	0	0	0	0	509	
8	0	0	0	0	509	
9	0	0	0	0	507	
10	0	0	0	0	506	
11	0	0	0	0	503	
12	0	0	0	0	499	
13	0	0	0	0	501	
14	0	0	0	0	503	
15	0	0	0	0	504	
0	0	0	0	0	505	
1	0	0	0	0	505	
2	0	0	0	0	504	
3	0	0	0	0	502	
4	0	0	0	0	502	
5	0	0	0	0	501	
6	0	0	0	0	499	
7	0	0	0	0	499	
8	0	0	0	0	498	
9	0	0	0	0	497	
10	0	0	0	0	499	
11	0	0	0	0	497	
12	0	0	0	0	496	
13	0	0	0	0	495	
14	0	0	0	0	495	
15	0	0	0	0	496	
0	0	0	0	0	494	
1	0	0	0	0	492	
2	0	0	0	0	490	
3	0	0	0	0	490	
4	0	0	0	0	489	
5	0	0	0	0	490	
6	0	0	0	0	492	
7	0	0	0	0	491	
8	0	0	0	0	489	
9	0	0	0	0	489	
10	0	0	0	0	487	
11	0	0	0	0	485	
12	0	0	0	0	486	
13	0	0	0	0	485	
14	0	0	0	0	486	
15	0	0	0	0	486	
0	0	0	0	0	487	
1	0	0	0	0	486	
2	0	0	0	0	486	
3	0	0	0	0	485	
4	0	0	0	0	486	
5	0	0	0	0	486	
6	0	0	0	0	487	
7	0	0	0	0	487	
8	0	0	0	0	485	
9	0	0	0	0	485	
10	0	0	0	0	486	
11	0	0	0	0	486	
12	0	0	0	0	484	
13	0	0	0	0	482	
14	0	0	0	0	481	
15	0	0	0	0	479	
0	0	0	0	0	478	
1	0	0	0	0	480	
2	0	0	0	0	480	
3	0	0	0	0	480	
4	0	0	0	0	481	
5	0	0	0	0	482	
6	0	0	0	0	481	
7	0	0	0	0	477	
8	0	0	0	0	473	
9	0	0	0	0	472	
10	0	0	0	0	470	
11	0	0	0	0	472	
12	0	0	0	0	475	
13	0	0	0	0	475	
14	0	0	0	0	473	
15	0	0	0	0	470	
0	0	0	0	0	469	
1	0	0	0	0	472	
2	0	0	0	0	472	
3	0	0	0	0	472	
4	0	0	0	0	472	
5	0	0	0	0	471	
6	0	0	0	0	469	
7	0	0	0	0	470	
8	0	0	0	0	471	
9	0	0	0	0	468	
10	0	0	0	0	465	
11	0	0	0	0	463	
12	0	0	0	0	463	
13	0	0	0	0	465	
14	0	0	0	0	465	
15	0	0	0	0	465	
0	0	0	0	0	467	
1	0	0	0	0	468	
2	0	0	0	0	469	
3	0	0	0	0	469	
4	0	0	0	0	469	
5	0	0	0	0	470	
6	0	0	0	0	470	
7	0	0	0	0	468	
8	0	0	0	0	466	
9	0	0	0	0	465	
10	0	0	0	0	467	
11	0	0	0	0	467	
12	0	0	0	0	467	
13	0	0	0	0	467	
14	0	0	0	0	468	
15	0	0	0	0	467	
0	0	0	0	0	463	
1	0	0	0	0	463	
2	0	0	0	0	462	
3	0	0	0	0	462	
4	0	0	0	0	461	
5	0	0	0	0	461	
6	0	0	0	0	462	
7	0	0	0	0	465	
8	0	0	0	0	467	
9	0	0	0	0	467	
10	0	0	0	0	466	
11	0	0	0	0	464	
12	0	0	0	0	464	
13	0	0	0	0	465	
14	0	0	0	0	465	
15	0	0	0	0	464	
0	0	0	0	0	461	
1	0	0	0	0	458	
2	0	0	0	0	458	
3	0	0	0	0	459	
4	0	0	0	0	460	
5	0	0	0	0	460	
6	0	0	0	0	462	
7	0	0	0	0	462	
8	0	0	0	0	461	
9	0	0	0	0	460	
10	0	0	0	0	455	
11	0	0	0	0	452	
12	0	0	0	0	452	
13	0	0	0	0	455	
14	0	0	0	0	459	
15	0	0	0	0	460	
0	0	0	0	0	460	
1	0	0	0	0	460	
2	0	0	0	0	459	
3	0	0	0	0	456	
4	0	0	0	0	455	
5	0	0	0	0	454	
6	0	0	0	0	455	
7	0	0	0	0	456	
8	0	0	0	0	457	
9	0	0	0	0	458	
10	0	0	0	0	459	
11	0	0	0	0	459	
12	0	0	0	0	458	
13	0	0	0	0	457	
14	0	0	0	0	457	
15	0	0	0	0	457	
0	0	0	0	0	457	
1	0	0	0	0	456	
2	0	0	0	0	455	
3	0	0	0	0	456	
4	0	0	0	0	455	
5	0	0	0	0	454	
6	0	0	0	0	454	
7	0	0	0	0	453	
8	0	0	0	0	453	
9	0	0	0	0	452	
10	0	0	0	0	449	
11	0	0	0	0	448	
12	0	0	0	0	448	
13	0	0	0	0	450	
14	0	0	0	0	450	
15	0	0	0	0	448	
0	0	0	0	0	450	
1	0	0	0	0	455	
2	0	0	0	0	455	
3	0	0	0	0	453	
4	0	0	0	0	454	
5	0	0	0	0	454	
6	0	0	0	0	452	
7	0	0	0	0	452	
8	0	0	0	0	455	
9	0	0	0	0	457	
10	0	0	0	0	456	
11	0	0	0	0	455	
12	0	0	0	0	455	
13	0	0	0	0	456	
14	0	0	0	0	456	
15	0	0	0	0	454	
0	0	0	0	0	451	
1	0	0	0	0	453	
2	0	0	0	0	455	
3	0	0	0	0	454	
4	0	0	0	0	454	
5	0	0	0	0	455	
6	0	0	0	0	455	
7	0	0	0	0	455	
8	0	0	0	0	455	
9	0	0	0	0	456	
10	0	0	0	0	458	
11	0	0	0	0	460	
12	0	0	0	0	459	
13	0	0	0	0	457	
14	0	0	0	0	457	
15	0	0	0	0	455	
0	0	0	0	0	453	
1	0	0	0	0	452	
2	0	0	0	0	455	
3	0	0	0	0	455	
4	0	0	0	0	457	
5	0	0	0	0	457	
6	0	0	0	0	455	
7	0	0	0	0	455	
8	0	0	0	0	455	
9	0	0	0	0	455	
10	0	0	0	0	456	
11	0	0	0	0	456	
12	0	0	0	0	455	
13	0	0	0	0	455	
14	0	0	0	0	455	
15	0	0	0	0	455	
0	0	0	0	0	455	
1	0	0	0	0	456	
2	0	0	0	0	458	
3	0	0	0	0	457	
4	0	0	0	0	456	
5	0	0	0	0	453	
6	0	0	0	0	451	
7	0	0	0	0	449	
8	0	0	0	0	449	
9	0	0	0	0	452	
10	0	0	0	0	455	
11	0	0	0	0	457	
12	0	0	0	0	459	
13	0	0	0	0	458	
14	0	0	0	0	458	
15	0	0	0	0	457	
0	0	0	0	0	456	
1	0	0	0	0	457	
2	0	0	0	0	457	
3	0	0	0	0	457	
4	0	0	0	0	459	
5	0	0	0	0	460	
6	0	0	0	0	460	
7	0	0	0	0	460	
8	0	0	0	0	457	
9	0	0	0	0	455	
10	0	0	0	0	456	
11	0	0	0	0	458	
12	0	0	0	0	458	
13	0	0	0	0	456	
14	0	0	0	0	458	
15	0	0	0	0	461	
0	0	0	0	0	463	
1	0	0	0	0	463	
2	0	0	0	0	463	
3	0	0	0	0	465	
4	0	0	0	0	467	
5	0	0	0	0	467	
6	0	0	0	0	465	
7	0	0	0	0	463	
8	0	0	0	0	459	
9	0	0	0	0	458	
10	0	0	0	0	463	
11	0	0	0	0	465	
12	0	0	0	0	465	
13	0	0	0	0	466	
14	0	0	0	0	467	
15	0	0	0	0	466	
0	0	0	0	0	467	
1	0	0	0	0	468	
2	0	0	0	0	469	
3	0	0	0	0	470	
4	0	0	0	0	470	
5	0	0	0	0	467	
6	0	0	0	0	465	
7	0	0	0	0	463	
8	0	0	0	0	463	
9	0	0	0	0	466	
10	0	0	0	0	469	
11	0	0	0	0	470	
12	0	0	0	0	469	
13	0	0	0	0	470	
14	0	0	0	0	469	
15	0	0	0	0	466	
0	0	0	0	0	465	
1	0	0	0	0	464	
2	0	0	0	0	464	
3	0	0	0	0	463	
4	0	0	0	0	462	
5	0	0	0	0	463	
6	0	0	0	0	466	
7	0	0	0	0	467	
8	0	0	0	0	467	
9	0	0	0	0	468	
10	0	0	0	0	469	
11	0	0	0	0	469	
12	0	0	0	0	467	
13	0	0	0	0	465	
14	0	0	0	0	463	
15	0	0	0	0	465	
0	0	0	0	0	468	
1	0	0	0	0	470	
2	0	0	0	0	470	
3	0	0	0	0	470	
4	0	0	0	0	469	
5	0	0	0	0	470	
6	0	0	0	0	464	
7	0	0	0	0	460	
8	0	0	0	0	463	
9	0	0	0	0	463	
10	0	0	0	0	464	
11	0	0	0	0	465	
12	0	0	0	0	466	
13	0	0	0	0	467	
14	0	0	0	0	468	
15	0	0	0	0	469	
0	0	0	0	0	469	
1	0	0	0	0	469	
2	0	0	0	0	470	
3	0	0	0	0	470	
4	0	0	0	0	467	
5	0	0	0	0	467	
6	0	0	0	0	467	
7	0	0	0	0	467	
8	0	0	0	0	467	
9	0	0	0	0	468	
10	0	0	0	0	469	
11	0	0	0	0	468	
12	0	0	0	0	468	
13	0	0	0	0	469	
14	0	0	0	0	468	
15	0	0	0	0	469	
0	0	0	0	0	468	
1	0	0	0	0	467	
2	0	0	0	0	467	
3	0	0	0	0	467	
4	0	0	0	0	468	
5	0	0	0	0	469	
6	0	0	0	0	470	
7	0	0	0	0	469	
8	0	0	0	0	468	
9	0	0	0	0	467	
10	0	0	0	0	464	
11	0	0	0	0	464	
12	0	0	0	0	466	
13	0	0	0	0	462	
14	0	0	0	0	460	
15	0	0	0	0	460	
0	0	0	0	0	462	
1	0	0	0	0	466	
2	0	0	0	0	467	
3	0	0	0	0	470	
4	0	0	0	0	470	
5	0	0	0	0	468	
6	0	0	0	0	467	
7	0	0	0	0	468	
8	0	0	0	0	470	
9	0	0	0	0	472	
10	0	0	0	0	472	
11	0	0	0	0	472	
12	0	0	0	0	470	
13	0	0	0	0	469	
14	0	0	0	0	469	
15	0	0	0	0	467	
0	0	0	0	0	466	
1	0	0	0	0	468	
2	0	0	0	0	470	
3	0	0	0	0	471	
4	0	0	0	0	469	
5	0	0	0	0	468	
6	0	0	0	0	470	
7	0	0	0	0	472	
8	0	0	0	0	473	
9	0	0	0	0	473	
10	0	0	0	0	472	
11	0	0	0	0	471	
12	0	0	0	0	470	
13	0	0	0	0	470	
14	0	0	0	0	469	
15	0	0	0	0	471	
0	0	0	0	0	469	
1	0	0	0	0	465	
2	0	0	0	0	466	
3	0	0	0	0	469	
4	0	0	0	0	470	
5	0	0	0	0	468	
6	0	0	0	0	467	
7	0	0	0	0	468	
8	0	0	0	0	467	
9	0	0	0	0	465	
10	0	0	0	0	464	
11	0	0	0	0	465	
12	0	0	0	0	467	
13	0	0	0	0	468	
14	0	0	0	0	470	
15	0	0	0	0	472	
0	0	0	0	0	474	
1	0	0	0	0	472	
2	0	0	0	0	471	
3	0	0	0	0	471	
4	0	0	0	0	472	
5	0	0	0	0	474	
6	0	0	0	0	475	
7	0	0	0	0	475	
8	0	0	0	0	473	
9	0	0	0	0	469	
10	0	0	0	0	467	
11	0	0	0	0	469	
12	0	0	0	0	472	
13	0	0	0	0	473	
14	0	0	0	0	475	
15	0	0	0	0	474	
0	0	0	0	0	473	
1	0	0	0	0	472	
2	0	0	0	0	472	
3	0	0	0	0	472	
4	0	0	0	0	473	
5	0	0	0	0	472	
6	0	0	0	0	471	
7	0	0	0	0	472	
8	0	0	0	0	475	
9	0	0	0	0	475	
10	0	0	0	0	472	
11	0	0	0	0	471	
12	0	0	0	0	471	
13	0	0	0	0	472	
14	0	0	0	0	474	
15	0	0	0	0	474	
0	0	0	0	0	475	
1	0	0	0	0	475	
2	0	0	0	0	477	
3	0	0	0	0	479	
4	0	0	0	0	479	
5	0	0	0	0	478	
6	0	0	0	0	478	
7	0	0	0	0	476	
8	0	0	0	0	476	
9	0	0	0	0	475	
10	0	0	0	0	473	
11	0	0	0	0	472	
12	0	0	0	0	472	
13	0	0	0	0	479	
14	0	0	0	0	480	
15	0	0	0	0	481	
0	0	0	0	0	482	
1	0	0	0	0	482	
2	0	0	0	0	482	
3	0	0	0	0	480	
4	0	0	0	0	480	
5	0	0	0	0	481	
6	0	0	0	0	482	
7	0	0	0	0	482	
8	0	0	0	0	481	
9	0	0	0	0	481	
10	0	0	0	0	481	
11	0	0	0	0	481	
12	0	0	0	0	482	
13	0	0	0	0	482	
14	0	0	0	0	483	
15	0	0	0	0	482	
0	0	0	0	0	483	
1	0	0	0	0	481	
2	0	0	0	0	480	
3	0	0	0	0	480	
4	0	0	0	0	480	
5	0	0	0	0	479	
6	0	0	0	0	479	
7	0	0	0	0	480	
8	0	0	0	0	480	
9	0	0	0	0	480	
10	0	0	0	0	480	
11	0	0	0	0	479	
12	0	0	0	0	480	
13	0	0	0	0	480	
14	0	0	0	0	480	
15	0	0	0	0	478	
0	0	0	0	0	477	
1	0	0	0	0	476	
2	0	0	0	0	475	
3	0	0	0	0	476	
4	0	0	0	0	478	
5	0	0	0	0	479	
6	0	0	0	0	479	
7	0	0	0	0	478	
8	0	0	0	0	478	
9	0	0	0	0	478	
10	0	0	0	0	479	
11	0	0	0	0	478	
12	0	0	0	0	477	
13	0	0	0	0	476	
14	0	0	0	0	475	
15	0	0	0	0	477	
0	0	0	0	0	480	
1	0	0	0	0	480	
2	0	0	0	0	477	
3	0	0	0	0	474	
4	0	0	0	0	476	
5	0	0	0	0	481	
6	0	0	0	0	483	
7	0	0	0	0	481	
8	0	0	0	0	482	
9	0	0	0	0	482	
10	0	0	0	0	484	
11	0	0	0	0	485	
12	0	0	0	0	485	
13	0	0	0	0	485	
14	0	0	0	0	485	
15	0	0	0	0	483	
0	0	0	0	0	482	
1	0	0	0	0	482	
2	0	0	0	0	483	
3	0	0	0	0	482	
4	0	0	0	0	481	
5	0	0	0	0	481	
6	0	0	0	0	480	
7	0	0	0	0	480	
8	0	0	0	0	481	
9	0	0	0	0	483	
10	0	0	0	0	483	
11	0	0	0	0	487	
12	0	0	0	0	487	
13	0	0	0	0	486	
14	0	0	0	0	486	
15	0	0	0	0	487	
0	0	0	0	0	490	
1	0	0	0	0	492	
2	0	0	0	0	493	
3	0	0	0	0	492	
4	0	0	0	0	491	
5	0	0	0	0	491	
6	0	0	0	0	494	
7	0	0	0	0	493	
8	0	0	0	0	490	
9	0	0	0	0	491	
10	0	0	0	0	491	
11	0	0	0	0	491	
12	0	0	0	0	492	
13	0	0	0	0	494	
14	0	0	0	0	494	
15	0	0	0	0	493	
0	0	0	0	0	493	
1	0	0	0	0	493	
2	0	0	0	0	492	
3	0	0	0	0	492	
4	0	0	0	0	495	
5	0	0	0	0	495	
6	0	0	0	0	495	
7	0	0	0	0	498	
8	0	0	0	0	501	
9	0	0	0	0	500	
10	0	0	0	0	497	
11	0	0	0	0	495	
12	0	0	0	0	495	
13	0	0	0	0	495	
14	0	0	0	0	497	
15	0	0	0	0	498	
0	0	0	0	0	498	
1	0	0	0	0	497	
2	0	0	0	0	498	
3	0	0	0	0	498	
4	0	0	0	0	497	
5	0	0	0	0	496	
6	0	0	0	0	498	
7	0	0	0	0	499	
8	0	0	0	0	498	
9	0	0	0	0	497	
10	0	0	0	0	496	
11	0	0	0	0	497	
12	0	0	0	0	497	
13	0	0	0	0	497	
14	0	0	0	0	496	
15	0	0	0	0	496	
0	0	0	0	0	496	
1	0	0	0	0	494	
2	0	0	0	0	493	
3	0	0	0	0	494	
4	0	0	0	0	495	
5	0	0	0	0	496	
6	0	0	0	0	497	
7	0	0	0	0	498	
8	0	0	0	0	496	
9	0	0	0	0	495	
10	0	0	0	0	495	
11	0	0	0	0	493	
12	0	0	0	0	489	
13	0	0	0	0	487	
14	0	0	0	0	487	
15	0	0	0	0	489	
0	0	0	0	0	489	
1	0	0	0	0	486	
2	0	0	0	0	482	
3	0	0	0	0	484	
4	0	0	0	0	487	
5	0	0	0	0	487	
6	0	0	0	0	487	
7	0	0	0	0	487	
8	0	0	0	0	489	
9	0	0	0	0	493	
10	0	0	0	0	494	
11	0	0	0	0	494	
12	0	0	0	0	493	
13	0	0	0	0	492	
14	0	0	0	0	492	
15	0	0	0	0	490	
0	0	0	0	0	488	
1	0	0	0	0	486	
2	0	0	0	0	485	
3	0	0	0	0	486	
4	0	0	0	0	487	
5	0	0	0	0	487	
6	0	0	0	0	488	
7	0	0	0	0	487	
8	0	0	0	0	486	
9	0	0	0	0	483	
10	0	0	0	0	481	
11	0	0	0	0	481	
12	0	0	0	0	483	
13	0	0	0	0	485	
14	0	0	0	0	486	
15	0	0	0	0	487	
0	0	0	0	0	487	
1	0	0	0	0	486	
2	0	0	0	0	486	
3	0	0	0	0	485	
4	0	0	0	0	484	
5	0	0	0	0	482	
6	0	0	0	0	482	
7	0	0	0	0	485	
8	0	0	0	0	486	
9	0	0	0	0	485	
10	0	0	0	0	484	
11	0	0	0	0	483	
12	0	0	0	0	483	
13	0	0	0	0	481	
14	0	0	0	0	482	
15	0	0	0	0	483	
0	0	0	0	0	484	
1	0	0	0	0	484	
2	0	0	0	0	483	
3	0	0	0	0	480	
4	0	0	0	0	477	
5	0	0	0	0	473	
6	0	0	0	0	468	
7	0	0	0	0	463	
8	0	0	0	0	463	
9	0	0	0	0	464	
10	0	0	0	0	463	
11	0	0	0	0	463	
12	0	0	0	0	462	
13	0	0	0	0	462	
14	0	0	0	0	461	
15	0	0	0	0	458	
0	0	0	0	0	459	
1	0	0	0	0	461	
2	0	0	0	0	465	
3	0	0	0	0	469	
4	0	0	0	0	472	
5	0	0	0	0	478	
6	0	0	0	0	487	
7	0	0	0	0	496	
8	0	0	0	0	503	
9	0	0	0	0	511	
10	0	0	0	0	518	
11	0	0	0	0	527	
12	0	0	0	0	536	
13	0	0	0	0	546	
14	0	0	0	0	556	
15	0	0	0	0	568	
0	0	0	0	0	579	
1	0	0	0	0	593	
2	0	0	0	0	608	
3	0	0	0	0	621	
4	0	0	0	0	634	
5	0	0	0	0	646	
6	0	0	0	0	659	
7	0	0	0	0	671	
8	0	0	0	0	679	
9	0	0	0	0	687	
10	0	0	0	0	688	
11	0	0	0	0	683	
12	0	0	0	0	677	
13	0	0	0	0	665	
14	0	0	0	0	652	
15	0	0	0	0	639	
0	0	0	0	0	627	
1	0	0	0	0	612	
2	0	0	0	0	598	
3	0	0	0	0	585	
4	0	0	0	0	571	
5	0	0	0	0	553	
6	0	0	0	0	535	
7	0	0	0	0	517	
8	0	0	0	0	503	
9	0	0	0	0	494	
10	0	0	0	0	483	
11	0	0	0	0	473	
12	0	0	0	0	462	
13	0	0	0	0	455	
14	0	0	0	0	453	
15	0	0	0	0	449	
0	0	0	0	0	447	
1	0	0	0	0	448	
2	0	0	0	0	452	
3	0	0	0	0	454	
4	0	0	0	0	454	
5	0	0	0	0	455	
6	0	0	0	0	456	
7	0	0	0	0	454	
8	0	0	0	0	456	
9	0	0	0	0	462	
10	0	0	0	0	467	
11	0	0	0	0	468	
12	0	0	0	0	470	
13	0	0	0	0	472	
14	0	0	0	0	476	
15	0	0	0	0	476	
0	0	0	0	0	475	
1	0	0	0	0	476	
2	0	0	0	0	477	
3	0	0	0	0	476	
4	0	0	0	0	476	
5	0	0	0	0	475	
6	0	0	0	0	473	
7	0	0	0	0	471	
8	0	0	0	0	470	
9	0	0	0	0	470	
10	0	0	0	0	472	
11	0	0	0	0	472	
12	0	0	0	0	472	
13	0	0	0	0	469	
14	0	0	0	0	467	
15	0	0	0	0	470	
0	0	0	0	0	472	
1	0	0	0	0	475	
2	0	0	0	0	475	
3	0	0	0	0	472	
4	0	0	0	0	470	
5	0	0	0	0	467	
6	0	0	0	0	467	
7	0	0	0	0	469	
8	0	0	0	0	472	
9	0	0	0	0	474	
10	0	0	0	0	473	
11	0	0	0	0	473	
12	0	0	0	0	474	
13	0	0	0	0	474	
14	0	0	0	0	476	
15	0	0	0	0	477	
0	0	0	0	0	478	
1	0	0	0	0	477	
2	0	0	0	0	478	
3	0	0	0	0	475	
4	0	0	0	0	476	
5	0	0	0	0	478	
6	0	0	0	0	481	
7	0	0	0	0	483	
8	0	0	0	0	484	
9	0	0	0	0	484	
10	0	0	0	0	483	
11	0	0	0	0	485	
12	0	0	0	0	485	
13	0	0	0	0	485	
14	0	0	0	0	486	
15	0	0	0	0	487	
0	0	0	0	0	488	
1	0	0	0	0	488	
2	0	0	0	0	488	
3	0	0	0	0	488	
4	0	0	0	0	488	
5	0	0	0	0	491	
6	0	0	0	0	492	
7	0	0	0	0	492	
8	0	0	0	0	492	
9	0	0	0	0	492	
10	0	0	0	0	494	
11	0	0	0	0	494	
12	0	0	0	0	494	
13	0	0	0	0	495	
14	0	0	0	0	493	
15	0	0	0	0	491	
0	0	0	0	0	491	
1	0	0	0	0	494	
2	0	0	0	0	496	
3	0	0	0	0	495	
4	0	0	0	0	495	
5	0	0	0	0	496	
6	0	0	0	0	497	
7	0	0	0	0	498	
8	0	0	0	0	496	
9	0	0	0	0	497	
10	0	0	0	0	497	
11	0	0	0	0	495	
12	0	0	0	0	491	
13	0	0	0	0	491	
14	0	0	0	0	496	
15	0	0	0	0	500	
0	0	0	0	0	502	
1	0	0	0	0	502	
2	0	0	0	0	500	
3	0	0	0	0	497	
4	0	0	0	0	498	
5	0	0	0	0	499	
6	0	0	0	0	504	
7	0	0	0	0	505	
8	0	0	0	0	503	
9	0	0	0	0	501	
10	0	0	0	0	501	
11	0	0	0	0	501	
12	0	0	0	0	500	
13	0	0	0	0	501	
14	0	0	0	0	502	
15	0	0	0	0	501	
0	0	0	0	0	501	
1	0	0	0	0	503	
2	0	0	0	0	504	
3	0	0	0	0	505	
4	0	0	0	0	504	
5	0	0	0	0	503	
6	0	0	0	0	502	
7	0	0	0	0	501	
8	0	0	0	0	501	
9	0	0	0	0	500	
10	0	0	0	0	500	
11	0	0	0	0	500	
12	0	0	0	0	499	
13	0	0	0	0	498	
14	0	0	0	0	499	
15	0	0	0	0	499	
0	0	0	0	0	498	
1	0	0	0	0	498	
2	0	0	0	0	499	
3	0	0	0	0	502	
4	0	0	0	0	502	
5	0	0	0	0	501	
6	0	0	0	0	502	
7	0	0	0	0	500	
8	0	0	0	0	499	
9	0	0	0	0	498	
10	0	0	0	0	499	
11	0	0	0	0	500	
12	0	0	0	0	500	
13	0	0	0	0	500	
14	0	0	0	0	501	
15	0	0	0	0	502	
0	0	0	0	0	501	
1	0	0	0	0	500	
2	0	0	0	0	501	
3	0	0	0	0	502	
4	0	0	0	0	503	
5	0	0	0	0	504	
6	0	0	0	0	504	
7	0	0	0	0	504	
8	0	0	0	0	506	
9	0	0	0	0	506	
10	0	0	0	0	507	
11	0	0	0	0	505	
12	0	0	0	0	504	
13	0	0	0	0	503	
14	0	0	0	0	504	
15	0	0	0	0	504	
0	0	0	0	0	504	
1	0	0	0	0	502	
2	0	0	0	0	500	
3	0	0	0	0	501	
4	0	0	0	0	504	
5	0	0	0	0	504	
6	0	0	0	0	505	
7	0	0	0	0	505	
8	0	0	0	0	507	
9	0	0	0	0	509	
10	0	0	0	0	509	
11	0	0	0	0	510	
12	0	0	0	0	511	
13	0	0	0	0	511	
14	0	0	0	0	508	
15	0	0	0	0	503	
0	0	0	0	0	503	
1	0	0	0	0	507	
2	0	0	0	0	511	
3	0	0	0	0	513	
4	0	0	0	0	515	
5	0	0	0	0	515	
6	0	0	0	0	516	
7	0	0	0	0	516	
8	0	0	0	0	515	
9	0	0	0	0	512	
10	0	0	0	0	511	
11	0	0	0	0	513	
12	0	0	0	0	512	
13	0	0	0	0	512	
14	0	0	0	0	512	
15	0	0	0	0	513	
0	0	0	0	0	515	
1	0	0	0	0	516	
2	0	0	0	0	515	
3	0	0	0	0	513	
4	0	0	0	0	513	
5	0	0	0	0	511	
6	0	0	0	0	512	
7	0	0	0	0	516	
8	0	0	0	0	517	
9	0	0	0	0	516	
10	0	0	0	0	516	
11	0	0	0	0	516	
12	0	0	0	0	516	
13	0	0	0	0	516	
14	0	0	0	0	519	
15	0	0	0	0	519	
0	0	0	0	0	518	
1	0	0	0	0	519	
2	0	0	0	0	519	
3	0	0	0	0	518	
4	0	0	0	0	517	
5	0	0	0	0	517	
6	0	0	0	0	518	
7	0	0	0	0	516	
8	0	0	0	0	515	
9	0	0	0	0	513	
10	0	0	0	0	512	
11	0	0	0	0	512	
12	0	0	0	0	512	
13	0	0	0	0	511	
14	0	0	0	0	511	
15	0	0	0	0	512	
0	0	0	0	0	515	
1	0	0	0	0	516	
2	0	0	0	0	514	
3	0	0	0	0	513	
4	0	0	0	0	512	
5	0	0	0	0	513	
6	0	0	0	0	514	
7	0	0	0	0	516	
8	0	0	0	0	518	
9	0	0	0	0	519	
10	0	0	0	0	518	
11	0	0	0	0	515	
12	0	0	0	0	515	
13	0	0	0	0	515	
14	0	0	0	0	514	
15	0	0	0	0	514	
0	0	0	0	0	514	
1	0	0	0	0	513	
2	0	0	0	0	510	
3	0	0	0	0	511	
4	0	0	0	0	512	
5	0	0	0	0	512	
6	0	0	0	0	512	
7	0	0	0	0	510	
8	0	0	0	0	509	
9	0	0	0	0	509	
10	0	0	0	0	507	
11	0	0	0	0	504	
12	0	0	0	0	503	
13	0	0	0	0	500	
14	0	0	0	0	500	
15	0	0	0	0	499	
0	0	0	0	0	496	
1	0	0	0	0	493	
2	0	0	0	0	490	
3	0	0	0	0	490	
4	0	0	0	0	491	
5	0	0	0	0	491	
6	0	0	0	0	488	
7	0	0	0	0	485	
8	0	0	0	0	485	
9	0	0	0	0	483	
10	0	0	0	0	481	
11	0	0	0	0	478	
12	0	0	0	0	479	
13	0	0	0	0	480	
14	0	0	0	0	480	
15	0	0	0	0	479	
0	0	0	0	0	476	
1	0	0	0	0	475	
2	0	0	0	0	475	
3	0	0	0	0	476	
4	0	0	0	0	476	
5	0	0	0	0	474	
6	0	0	0	0	471	
7	0	0	0	0	468	
8	0	0	0	0	468	
9	0	0	0	0	467	
10	0	0	0	0	464	
11	0	0	0	0	458	
12	0	0	0	0	456	
13	0	0	0	0	457	
14	0	0	0	0	459	
15	0	0	0	0	460	
0	0	0	0	0	463	
1	0	0	0	0	464	
2	0	0	0	0	462	
3	0	0	0	0	459	
4	0	0	0	0	457	
5	0	0	0	0	458	
6	0	0	0	0	459	
7	0	0	0	0	457	
8	0	0	0	0	456	
9	0	0	0	0	456	
10	0	0	0	0	459	
11	0	0	0	0	462	
12	0	0	0	0	462	
13	0	0	0	0	462	
14	0	0	0	0	460	
15	0	0	0	0	457	
0	0	0	0	0	457	
1	0	0	0	0	453	
2	0	0	0	0	451	
3	0	0	0	0	454	
4	0	0	0	0	455	
5	0	0	0	0	458	
6	0	0	0	0	458	
7	0	0	0	0	457	
8	0	0	0	0	457	
9	0	0	0	0	457	
10	0	0	0	0	457	
11	0	0	0	0	456	
12	0	0	0	0	455	
13	0	0	0	0	452	
14	0	0	0	0	451	
15	0	0	0	0	451	
0	0	0	0	0	453	
1	0	0	0	0	455	
2	0	0	0	0	455	
3	0	0	0	0	455	
4	0	0	0	0	455	
5	0	0	0	0	456	
6	0	0	0	0	458	
7	0	0	0	0	459	
8	0	0	0	0	459	
9	0	0	0	0	460	
10	0	0	0	0	459	
11	0	0	0	0	459	
12	0	0	0	0	462	
13	0	0	0	0	463	
14	0	0	0	0	463	
15	0	0	0	0	461	
0	0	0	0	0	463	
1	0	0	0	0	467	
2	0	0	0	0	467	
3	0	0	0	0	469	
4	0	0	0	0	470	
5	0	0	0	0	469	
6	0	0	0	0	470	
7	0	0	0	0	470	
8	0	0	0	0	470	
9	0	0	0	0	471	
10	0	0	0	0	471	
11	0	0	0	0	472	
12	0	0	0	0	472	
13	0	0	0	0	471	
14	0	0	0	0	470	
15	0	0	0	0	469	
0	0	0	0	0	468	
1	0	0	0	0	469	
2	0	0	0	0	468	
3	0	0	0	0	467	
4	0	0	0	0	467	
5	0	0	0	0	467	
6	0	0	0	0	467	
7	0	0	0	0	469	
8	0	0	0	0	469	
9	0	0	0	0	470	
10	0	0	0	0	470	
11	0	0	0	0	471	
12	0	0	0	0	470	
13	0	0	0	0	469	
14	0	0	0	0	470	
15	0	0	0	0	470	
0	0	0	0	0	471	
1	0	0	0	0	473	
2	0	0	0	0	474	
3	0	0	0	0	473	
4	0	0	0	0	471	
5	0	0	0	0	471	
6	0	0	0	0	477	
7	0	0	0	0	478	
8	0	0	0	0	478	
9	0	0	0	0	478	
10	0	0	0	0	478	
11	0	0	0	0	479	
12	0	0	0	0	479	
13	0	0	0	0	478	
14	0	0	0	0	476	
15	0	0	0	0	476	
0	0	0	0	0	479	
1	0	0	0	0	478	
2	0	0	0	0	473	
3	0	0	0	0	471	
4	0	0	0	0	470	
5	0	0	0	0	475	
6	0	0	0	0	480	
7	0	0	0	0	483	
8	0	0	0	0	484	
9	0	0	0	0	484	
10	0	0	0	0	483	
11	0	0	0	0	483	
12	0	0	0	0	483	
13	0	0	0	0	483	
14	0	0	0	0	483	
15	0	0	0	0	482	
0	0	0	0	0	482	
1	0	0	0	0	483	
2	0	0	0	0	483	
3	0	0	0	0	482	
4	0	0	0	0	482	
5	0	0	0	0	482	
6	0	0	0	0	483	
7	0	0	0	0	483	
8	0	0	0	0	484	
9	0	0	0	0	484	
10	0	0	0	0	485	
11	0	0	0	0	483	
12	0	0	0	0	482	
13	0	0	0	0	482	
14	0	0	0	0	482	
15	0	0	0	0	482	
0	0	0	0	0	482	
1	0	0	0	0	482	
2	0	0	0	0	482	
3	0	0	0	0	482	
4	0	0	0	0	482	
5	0	0	0	0	484	
6	0	0	0	0	486	
7	0	0	0	0	483	
8	0	0	0	0	478	
9	0	0	0	0	475	
10	0	0	0	0	477	
11	0	0	0	0	481	
12	0	0	0	0	483	
13	0	0	0	0	486	
14	0	0	0	0	487	
15	0	0	0	0	487	
0	0	0	0	0	486	
1	0	0	0	0	486	
2	0	0	0	0	486	
3	0	0	0	0	486	
4	0	0	0	0	485	
5	0	0	0	0	487	
6	0	0	0	0	487	
7	0	0	0	0	486	
8	0	0	0	0	484	
9	0	0	0	0	486	
10	0	0	0	0	485	
11	0	0	0	0	486	
12	0	0	0	0	486	
13	0	0	0	0	484	
14	0	0	0	0	484	
15	0	0	0	0	487	
0	0	0	0	0	489	
1	0	0	0	0	489	
2	0	0	0	0	491	
3	0	0	0	0	492	
4	0	0	0	0	492	
5	0	0	0	0	491	
6	0	0	0	0	494	
7	0	0	0	0	492	
8	0	0	0	0	492	
9	0	0	0	0	493	
10	0	0	0	0	494	
11	0	0	0	0	492	
12	0	0	0	0	491	
13	0	0	0	0	492	
14	0	0	0	0	493	
15	0	0	0	0	491	
0	0	0	0	0	486	
1	0	0	0	0	482	
2	0	0	0	0	487	
3	0	0	0	0	492	
4	0	0	0	0	495	
5	0	0	0	0	499	
6	0	0	0	0	501	
7	0	0	0	0	502	
8	0	0	0	0	502	
9	0	0	0	0	503	
10	0	0	0	0	500	
11	0	0	0	0	499	
12	0	0	0	0	499	
13	0	0	0	0	501	
14	0	0	0	0	502	
15	0	0	0	0	502	
0	0	0	0	0	502	
1	0	0	0	0	502	
2	0	0	0	0	502	
3	0	0	0	0	502	
4	0	0	0	0	504	
5	0	0	0	0	505	
6	0	0	0	0	503	
7	0	0	0	0	503	
8	0	0	0	0	502	
9	0	0	0	0	501	
10	0	0	0	0	501	
11	0	0	0	0	503	
12	0	0	0	0	505	
13	0	0	0	0	508	
14	0	0	0	0	510	
15	0	0	0	0	508	
0	0	0	0	0	507	
1	0	0	0	0	507	
2	0	0	0	0	506	
3	0	0	0	0	505	
4	0	0	0	0	505	
5	0	0	0	0	504	
6	0	0	0	0	504	
7	0	0	0	0	504	
8	0	0	0	0	505	
9	0	0	0	0	508	
10	0	0	0	0	507	
11	0	0	0	0	507	
12	0	0	0	0	506	
13	0	0	0	0	506	
14	0	0	0	0	507	
15	0	0	0	0	506	
0	0	0	0	0	507	
1	0	0	0	0	506	
2	0	0	0	0	507	
3	0	0	0	0	508	
4	0	0	0	0	508	
5	0	0	0	0	508	
6	0	0	0	0	507	
7	0	0	0	0	508	
8	0	0	0	0	508	
9	0	0	0	0	507	
10	0	0	0	0	507	
11	0	0	0	0	507	
12	0	0	0	0	506	
13	0	0	0	0	506	
14	0	0	0	0	506	
15	0	0	0	0	506	
0	0	0	0	0	507	
1	0	0	0	0	510	
2	0	0	0	0	511	
3	0	0	0	0	510	
4	0	0	0	0	511	
5	0	0	0	0	512	
6	0	0	0	0	514	
7	0	0	0	0	514	
8	0	0	0	0	514	
9	0	0	0	0	513	
10	0	0	0	0	511	
11	0	0	0	0	511	
12	0	0	0	0	511	
13	0	0	0	0	510	
14	0	0	0	0	511	
15	0	0	0	0	510	
0	0	0	0	0	509	
1	0	0	0	0	511	
2	0	0	0	0	511	
3	0	0	0	0	509	
4	0	0	0	0	506	
5	0	0	0	0	505	
6	0	0	0	0	507	
7	0	0	0	0	509	
8	0	0	0	0	511	
9	0	0	0	0	513	
10	0	0	0	0	515	
11	0	0	0	0	513	
12	0	0	0	0	512	
13	0	0	0	0	511	
14	0	0	0	0	510	
15	0	0	0	0	508	
0	0	0	0	0	508	
1	0	0	0	0	507	
2	0	0	0	0	507	
3	0	0	0	0	507	
4	0	0	0	0	505	
5	0	0	0	0	504	
6	0	0	0	0	502	
7	0	0	0	0	499	
8	0	0	0	0	499	
9	0	0	0	0	503	
10	0	0	0	0	503	
11	0	0	0	0	503	
12	0	0	0	0	505	
13	0	0	0	0	507	
14	0	0	0	0	504	
15	0	0	0	0	501	
0	0	0	0	0	500	
1	0	0	0	0	500	
2	0	0	0	0	499	
3	0	0	0	0	501	
4	0	0	0	0	503	
5	0	0	0	0	503	
6	0	0	0	0	503	
7	0	0	0	0	502	
8	0	0	0	0	504	
9	0	0	0	0	505	
10	0	0	0	0	505	
11	0	0	0	0	504	
12	0	0	0	0	504	
13	0	0	0	0	504	
14	0	0	0	0	504	
15	0	0	0	0	503	
0	0	0	0	0	502	
1	0	0	0	0	503	
2	0	0	0	0	503	
3	0	0	0	0	503	
4	0	0	0	0	502	
5	0	0	0	0	502	
6	0	0	0	0	503	
7	0	0	0	0	503	
8	0	0	0	0	502	
9	0	0	0	0	502	
10	0	0	0	0	501	
11	0	0	0	0	500	
12	0	0	0	0	500	
13	0	0	0	0	500	
14	0	0	0	0	499	
15	0	0	0	0	500	
0	0	0	0	0	500	
1	0	0	0	0	501	
2	0	0	0	0	498	
3	0	0	0	0	496	
4	0	0	0	0	497	
5	0	0	0	0	499	
6	0	0	0	0	500	
7	0	0	0	0	501	
8	0	0	0	0	501	
9	0	0	0	0	501	
10	0	0	0	0	500	
11	0	0	0	0	500	
12	0	0	0	0	500	
13	0	0	0	0	501	
14	0	0	0	0	501	
15	0	0	0	0	501	
0	0	0	0	0	502	
1	0	0	0	0	501	
2	0	0	0	0	502	
3	0	0	0	0	502	
4	0	0	0	0	503	
5	0	0	0	0	504	
6	0	0	0	0	505	
7	0	0	0	0	506	
8	0	0	0	0	508	
9	0	0	0	0	510	
10	0	0	0	0	511	
11	0	0	0	0	512	
12	0	0	0	0	513	
13	0	0	0	0	512	
14	0	0	0	0	512	
15	0	0	0	0	512	
0	0	0	0	0	512	
1	0	0	0	0	512	
2	0	0	0	0	516	
3	0	0	0	0	519	
4	0	0	0	0	520	
5	0	0	0	0	521	
6	0	0	0	0	521	
7	0	0	0	0	522	
8	0	0	0	0	522	
9	0	0	0	0	524	
10	0	0	0	0	524	
11	0	0	0	0	521	
12	0	0	0	0	521	
13	0	0	0	0	524	
14	0	0	0	0	527	
15	0	0	0	0	525	
0	0	0	0	0	526	
1	0	0	0	0	529	
2	0	0	0	0	535	
3	0	0	0	0	532	
4	0	0	0	0	529	
5	0	0	0	0	529	
6	0	0	0	0	529	
7	0	0	0	0	527	
8	0	0	0	0	527	
9	0	0	0	0	529	
10	0	0	0	0	532	
11	0	0	0	0	533	
12	0	0	0	0	531	
13	0	0	0	0	530	
14	0	0	0	0	528	
15	0	0	0	0	527	
0	0	0	0	0	524	
1	0	0	0	0	522	
2	0	0	0	0	518	
3	0	0	0	0	518	
4	0	0	0	0	520	
5	0	0	0	0	519	
6	0	0	0	0	518	
7	0	0	0	0	520	
8	0	0	0	0	522	
9	0	0	0	0	523	
10	0	0	0	0	523	
11	0	0	0	0	521	
12	0	0	0	0	520	
13	0	0	0	0	519	
14	0	0	0	0	516	
15	0	0	0	0	517	
0	0	0	0	0	519	
1	0	0	0	0	518	
2	0	0	0	0	516	
3	0	0	0	0	516	
4	0	0	0	0	517	
5	0	0	0	0	518	
6	0	0	0	0	517	
7	0	0	0	0	518	
8	0	0	0	0	518	
9	0	0	0	0	517	
10	0	0	0	0	518	
11	0	0	0	0	519	
12	0	0	0	0	519	
13	0	0	0	0	515	
14	0	0	0	0	516	
15	0	0	0	0	520	
0	0	0	0	0	523	
1	0	0	0	0	523	
2	0	0	0	0	521	
3	0	0	0	0	520	
4	0	0	0	0	521	
5	0	0	0	0	520	
6	0	0	0	0	520	
7	0	0	0	0	521	
8	0	0	0	0	523	
9	0	0	0	0	526	
10	0	0	0	0	527	
11	0	0	0	0	527	
12	0	0	0	0	525	
13	0	0	0	0	525	
14	0	0	0	0	525	
15	0	0	0	0	526	
0	0	0	0	0	526	
1	0	0	0	0	527	
2	0	0	0	0	523	
3	0	0	0	0	521	
4	0	0	0	0	524	
5	0	0	0	0	523	
6	0	0	0	0	522	
7	0	0	0	0	523	
8	0	0	0	0	523	
9	0	0	0	0	524	
10	0	0	0	0	526	
11	0	0	0	0	527	
12	0	0	0	0	527	
13	0	0	0	0	527	
14	0	0	0	0	525	
15	0	0	0	0	520	
0	0	0	0	0	521	
1	0	0	0	0	524	
2	0	0	0	0	524	
3	0	0	0	0	524	
4	0	0	0	0	524	
5	0	0	0	0	525	
6	0	0	0	0	527	
7	0	0	0	0	527	
8	0	0	0	0	530	
9	0	0	0	0	530	
10	0	0	0	0	528	
11	0	0	0	0	528	
12	0	0	0	0	529	
13	0	0	0	0	529	
14	0	0	0	0	528	
15	0	0	0	0	527	
0	0	0	0	0	526	
1	0	0	0	0	523	
2	0	0	0	0	520	
3	0	0	0	0	517	
4	0	0	0	0	517	
5	0	0	0	0	522	
6	0	0	0	0	524	
7	0	0	0	0	525	
8	0	0	0	0	527	
9	0	0	0	0	528	
10	0	0	0	0	524	
11	0	0	0	0	520	
12	0	0	0	0	517	
13	0	0	0	0	517	
14	0	0	0	0	524	
15	0	0	0	0	529	
0	0	0	0	0	531	
1	0	0	0	0	531	
2	0	0	0	0	531	
3	0	0	0	0	531	
4	0	0	0	0	531	
5	0	0	0	0	527	
6	0	0	0	0	527	
7	0	0	0	0	528	
8	0	0	0	0	530	
9	0	0	0	0	530	
10	0	0	0	0	529	
11	0	0	0	0	530	
12	0	0	0	0	530	
13	0	0	0	0	528	
14	0	0	0	0	527	
15	0	0	0	0	527	
0	0	0	0	0	527	
1	0	0	0	0	526	
2	0	0	0	0	526	
3	0	0	0	0	525	
4	0	0	0	0	525	
5	0	0	0	0	526	
6	0	0	0	0	527	
7	0	0	0	0	526	
8	0	0	0	0	524	
9	0	0	0	0	525	
10	0	0	0	0	523	
11	0	0	0	0	521	
12	0	0	0	0	525	
13	0	0	0	0	527	
14	0	0	0	0	526	
15	0	0	0	0	526	
0	0	0	0	0	527	
1	0	0	0	0	527	
2	0	0	0	0	527	
3	0	0	0	0	524	
4	0	0	0	0	519	
5	0	0	0	0	518	
6	0	0	0	0	519	
7	0	0	0	0	522	
8	0	0	0	0	524	
9	0	0	0	0	524	
10	0	0	0	0	523	
11	0	0	0	0	521	
12	0	0	0	0	522	
13	0	0	0	0	524	
14	0	0	0	0	526	
15	0	0	0	0	524	
0	0	0	0	0	525	
1	0	0	0	0	527	
2	0	0	0	0	529	
3	0	0	0	0	529	
4	0	0	0	0	528	
5	0	0	0	0	525	
6	0	0	0	0	524	
7	0	0	0	0	521	
8	0	0	0	0	519	
9	0	0	0	0	519	
10	0	0	0	0	520	
11	0	0	0	0	522	
12	0	0	0	0	521	
13	0	0	0	0	523	
14	0	0	0	0	527	
15	0	0	0	0	527	
0	0	0	0	0	523	
1	0	0	0	0	521	
2	0	0	0	0	523	
3	0	0	0	0	524	
4	0	0	0	0	524	
5	0	0	0	0	523	
6	0	0	0	0	524	
7	0	0	0	0	524	
8	0	0	0	0	524	
9	0	0	0	0	525	
10	0	0	0	0	526	
11	0	0	0	0	525	
12	0	0	0	0	523	
13	0	0	0	0	523	
14	0	0	0	0	521	
15	0	0	0	0	521	
0	0	0	0	0	523	
1	0	0	0	0	521	
2	0	0	0	0	521	
3	0	0	0	0	520	
4	0	0	0	0	519	
5	0	0	0	0	518	
6	0	0	0	0	516	
7	0	0	0	0	515	
8	0	0	0	0	518	
9	0	0	0	0	522	
10	0	0	0	0	525	
11	0	0	0	0	525	
12	0	0	0	0	524	
13	0	0	0	0	522	
14	0	0	0	0	519	
15	0	0	0	0	518	
0	0	0	0	0	519	
1	0	0	0	0	519	
2	0	0	0	0	520	
3	0	0	0	0	521	
4	0	0	0	0	519	
5	0	0	0	0	518	
6	0	0	0	0	522	
7	0	0	0	0	523	
8	0	0	0	0	522	
9	0	0	0	0	519	
10	0	0	0	0	518	
11	0	0	0	0	521	
12	0	0	0	0	527	
13	0	0	0	0	528	
14	0	0	0	0	527	
15	0	0	0	0	528	
0	0	0	0	0	531	
1	0	0	0	0	532	
2	0	0	0	0	535	
3	0	0	0	0	534	
4	0	0	0	0	533	
5	0	0	0	0	532	
6	0	0	0	0	533	
7	0	0	0	0	534	
8	0	0	0	0	540	
9	0	0	0	0	543	
10	0	0	0	0	543	
11	0	0	0	0	545	
12	0	0	0	0	547	
13	0	0	0	0	548	
14	0	0	0	0	549	
15	0	0	0	0	548	
0	0	0	0	0	545	
1	0	0	0	0	544	
2	0	0	0	0	543	
3	0	0	0	0	542	
4	0	0	0	0	537	
5	0	0	0	0	537	
6	0	0	0	0	538	
7	0	0	0	0	537	
8	0	0	0	0	537	
9	0	0	0	0	539	
10	0	0	0	0	539	
11	0	0	0	0	538	
12	0	0	0	0	539	
13	0	0	0	0	536	
14	0	0	0	0	534	
15	0	0	0	0	533	
0	0	0	0	0	534	
1	0	0	0	0	536	
2	0	0	0	0	536	
3	0	0	0	0	535	
4	0	0	0	0	533	
5	0	0	0	0	531	
6	0	0	0	0	530	
7	0	0	0	0	530	
8	0	0	0	0	528	
9	0	0	0	0	526	
10	0	0	0	0	525	
11	0	0	0	0	526	
12	0	0	0	0	527	
13	0	0	0	0	525	
14	0	0	0	0	523	
15	0	0	0	0	523	
0	0	0	0	0	524	
1	0	0	0	0	523	
2	0	0	0	0	522	
3	0	0	0	0	523	
4	0	0	0	0	523	
5	0	0	0	0	521	
6	0	0	0	0	521	
7	0	0	0	0	521	
8	0	0	0	0	519	
9	0	0	0	0	519	
10	0	0	0	0	520	
11	0	0	0	0	519	
12	0	0	0	0	518	
13	0	0	0	0	519	
14	0	0	0	0	519	
15	0	0	0	0	519	
0	0	0	0	0	518	
1	0	0	0	0	516	
2	0	0	0	0	513	
3	0	0	0	0	512	
4	0	0	0	0	511	
5	0	0	0	0	509	
6	0	0	0	0	507	
7	0	0	0	0	506	
8	0	0	0	0	508	
9	0	0	0	0	507	
10	0	0	0	0	506	
11	0	0	0	0	504	
12	0	0	0	0	503	
13	0	0	0	0	503	
14	0	0	0	0	505	
15	0	0	0	0	508	
0	0	0	0	0	505	
1	0	0	0	0	503	
2	0	0	0	0	506	
3	0	0	0	0	510	
4	0	0	0	0	510	
5	0	0	0	0	508	
6	0	0	0	0	508	
7	0	0	0	0	507	
8	0	0	0	0	504	
9	0	0	0	0	503	
10	0	0	0	0	503	
11	0	0	0	0	503	
12	0	0	0	0	504	
13	0	0	0	0	505	
14	0	0	0	0	508	
15	0	0	0	0	508	
0	0	0	0	0	506	
1	0	0	0	0	504	
2	0	0	0	0	505	
3	0	0	0	0	505	
4	0	0	0	0	504	
5	0	0	0	0	504	
6	0	0	0	0	504	
7	0	0	0	0	500	
8	0	0	0	0	496	
9	0	0	0	0	493	
10	0	0	0	0	491	
11	0	0	0	0	489	
12	0	0	0	0	487	
13	0	0	0	0	488	
14	0	0	0	0	488	
15	0	0	0	0	489	
0	0	0	0	0	490	
1	0	0	0	0	493	
2	0	0	0	0	495	
3	0	0	0	0	496	
4	0	0	0	0	501	
5	0	0	0	0	511	
6	0	0	0	0	521	
7	0	0	0	0	526	
8	0	0	0	0	532	
9	0	0	0	0	540	
10	0	0	0	0	546	
11	0	0	0	0	554	
12	0	0	0	0	563	
13	0	0	0	0	574	
14	0	0	0	0	585	
15	0	0	0	0	596	
0	0	0	0	0	610	
1	0	0	0	0	623	
2	0	0	0	0	635	
3	0	0	0	0	649	
4	0	0	0	0	664	
5	0	0	0	0	677	
6	0	0	0	0	689	
7	0	0	0	0	701	
8	0	0	0	0	710	
9	0	0	0	0	717	
10	0	0	0	0	719	
11	0	0	0	0	717	
12	0	0	0	0	711	
13	0	0	0	0	702	
14	0	0	0	0	690	
15	0	0	0	0	680	
0	0	0	0	0	669	
1	0	0	0	0	656	
2	0	0	0	0	643	
3	0	0	0	0	628	
4	0	0	0	0	608	
5	0	0	0	0	590	
6	0	0	0	0	575	
7	0	0	0	0	562	
8	0	0	0	0	551	
9	0	0	0	0	539	
10	0	0	0	0	529	
11	0	0	0	0	519	
12	0	0	0	0	511	
13	0	0	0	0	505	
14	0	0	0	0	503	
15	0	0	0	0	503	
0	0	0	0	0	504	
1	0	0	0	0	504	
2	0	0	0	0	501	
3	0	0	0	0	498	
4	0	0	0	0	505	
5	0	0	0	0	515	
6	0	0	0	0	519	
7	0	0	0	0	517	
8	0	0	0	0	516	
9	0	0	0	0	519	
10	0	0	0	0	525	
11	0	0	0	0	534	
12	0	0	0	0	540	
13	0	0	0	0	543	
14	0	0	0	0	545	
15	0	0	0	0	548	
0	0	0	0	0	551	
1	0	0	0	0	552	
2	0	0	0	0	551	
3	0	0	0	0	551	
4	0	0	0	0	551	
5	0	0	0	0	550	
6	0	0	0	0	552	
7	0	0	0	0	556	
8	0	0	0	0	560	
9	0	0	0	0	563	
10	0	0	0	0	567	
11	0	0	0	0	568	
12	0	0	0	0	569	
13	0	0	0	0	572	
14	0	0	0	0	574	
15	0	0	0	0	575	
0	0	0	0	0	575	
1	0	0	0	0	575	
2	0	0	0	0	574	
3	0	0	0	0	572	
4	0	0	0	0	572	
5	0	0	0	0	579	
6	0	0	0	0	588	
7	0	0	0	0	594	
8	0	0	0	0	596	
9	0	0	0	0	600	
10	0	0	0	0	603	
11	0	0	0	0	605	
12	0	0	0	0	607	
13	0	0	0	0	609	
14	0	0	0	0	612	
15	0	0	0	0	616	
0	0	0	0	0	621	
1	0	0	0	0	625	
2	0	0	0	0	627	
3	0	0	0	0	628	
4	0	0	0	0	630	
5	0	0	0	0	632	
6	0	0	0	0	635	
7	0	0	0	0	638	
8	0	0	0	0	641	
9	0	0	0	0	644	
10	0	0	0	0	646	
11	0	0	0	0	651	
12	0	0	0	0	652	
13	0	0	0	0	655	
14	0	0	0	0	659	
15	0	0	0	0	664	
0	0	0	0	0	669	
1	0	0	0	0	673	
2	0	0	0	0	679	
3	0	0	0	0	684	
4	0	0	0	0	691	
5	0	0	0	0	698	
6	0	0	0	0	707	
7	0	0	0	0	716	
8	0	0	0	0	724	
9	0	0	0	0	732	
10	0	0	0	0	742	
11	0	0	0	0	750	
12	0	0	0	0	761	
13	0	0	0	0	776	
14	0	0	0	0	790	
15	0	0	0	0	800	
0	0	0	0	0	810	
1	0	0	0	0	824	
2	0	0	0	0	839	
3	0	0	0	0	853	
4	0	0	0	0	866	
5	0	0	0	0	882	
6	0	0	0	0	899	
7	0	0	0	0	915	
8	0	0	0	0	928	
9	0	0	0	0	944	
10	0	0	0	0	960	
11	0	0	0	0	976	
12	0	0	0	0	992	
13	0	0	0	0	1010	
14	0	0	0	0	1022	
15	0	0	0	0	1022	
0	0	0	0	0	1022	
1	0	0	0	0	1022	
2	0	0	0	0	1022	
3	0	0	0	0	1022	
4	0	0	0	0	1022	
5	0	0	0	0	1022	
6	0	0	0	0	1022	
7	0	0	0	0	1022	
8	0	0	0	0	1022	
9	0	0	0	0	1022	
10	0	0	0	0	1022	
11	0	0	0	0	1022	
12	0	0	0	0	1022	
13	0	0	0	0	1022	
14	0	0	0	0	1022	
15	0	0	0	0	1022	
0	0	0	0	0	1022	
1	0	0	0	0	1022	
2	0	0	0	0	1022	
3	0	0	0	0	1022	
4	0	0	0	0	1022	
5	0	0	0	0	1022	
6	0	0	0	0	1022	
7	0	0	0	0	1022	
8	0	0	0	0	1022	
9	0	0	0	0	1022	
10	0	0	0	0	1022	
11	0	0	0	0	1022	
12	0	0	0	0	1022	
13	0	0	0	0	1022	
14	0	0	0	0	1022	
15	0	0	0	0	1022	
0	0	0	0	0	1022	
1	0	0	0	0	1022	
2	0	0	0	0	1022	
3	0	0	0	0	1022	
4	0	0	0	0	1022	
5	0	0	0	0	1022	
6	0	0	0	0	1022	
7	0	0	0	0	1022	
8	0	0	0	0	1022	
9	0	0	0	0	1022	
10	0	0	0	0	1022	
11	0	0	0	0	1022	
12	0	0	0	0	1022	
13	0	0	0	0	1022	
14	0	0	0	0	1022	
15	0	0	0	0	1022	
0	0	0	0	0	1022	
1	0	0	0	0	1022	
2	0	0	0	0	1022	
3	0	0	0	0	1022	
4	0	0	0	0	1022	
5	0	0	0	0	1022	
6	0	0	0	0	1022	
7	0	0	0	0	1022	
8	0	0	0	0	1022	
9	0	0	0	0	1022	
10	0	0	0	0	1022	
11	0	0	0	0	1022	
12	0	0	0	0	1022	
13	0	0	0	0	1022	
14	0	0	0	0	1022	
15	0	0	0	0	1022	
0	0	0	0	0	1022	
1	0	0	0	0	1022	
2	0	0	0	0	1022	
3	0	0	0	0	1022	
4	0	0	0	0	1021	
5	0	0	0	0	1013	
6	0	0	0	0	1006	
7	0	0	0	0	999	
8	0	0	0	0	991	
9	0	0	0	0	985	
10	0	0	0	0	977	
11	0	0	0	0	966	
12	0	0	0	0	956	
13	0	0	0	0	949	
14	0	0	0	0	945	
15	0	0	0	0	937	
0	0	0	0	0	930	
1	0	0	0	0	921	
2	0	0	0	0	913	
3	0	0	0	0	905	
4	0	0	0	0	900	
5	0	0	0	0	891	
6	0	0	0	0	882	
7	0	0	0	0	876	
8	0	0	0	0	870	
9	0	0	0	0	867	
10	0	0	0	0	862	
11	0	0	0	0	853	
12	0	0	0	0	844	
13	0	0	0	0	837	
14	0	0	0	0	832	
15	0	0	0	0	827	
0	0	0	0	0	819	
1	0	0	0	0	814	
2	0	0	0	0	807	
3	0	0	0	0	799	
4	0	0	0	0	793	
5	0	0	0	0	786	
6	0	0	0	0	779	
7	0	0	0	0	776	
8	0	0	0	0	771	
9	0	0	0	0	765	
10	0	0	0	0	759	
11	0	0	0	0	755	
12	0	0	0	0	750	
13	0	0	0	0	744	
14	0	0	0	0	739	
15	0	0	0	0	732	
0	0	0	0	0	726	
1	0	0	0	0	721	
2	0	0	0	0	718	
3	0	0	0	0	714	
4	0	0	0	0	710	
5	0	0	0	0	706	
6	0	0	0	0	700	
7	0	0	0	0	696	
8	0	0	0	0	691	
9	0	0	0	0	685	
10	0	0	0	0	678	
11	0	0	0	0	673	
12	0	0	0	0	668	
13	0	0	0	0	665	
14	0	0	0	0	660	
15	0	0	0	0	656	
0	0	0	0	0	650	
1	0	0	0	0	643	
2	0	0	0	0	636	
3	0	0	0	0	627	
4	0	0	0	0	623	
5	0	0	0	0	622	
6	0	0	0	0	618	
7	0	0	0	0	611	
8	0	0	0	0	604	
9	0	0	0	0	598	
10	0	0	0	0	595	
11	0	0	0	0	591	
12	0	0	0	0	585	
13	0	0	0	0	581	
14	0	0	0	0	580	
15	0	0	0	0	579	
0	0	0	0	0	575	
1	0	0	0	0	570	
2	0	0	0	0	567	
3	0	0	0	0	562	
4	0	0	0	0	558	
5	0	0	0	0	555	
6	0	0	0	0	550	
7	0	0	0	0	546	
8	0	0	0	0	540	
9	0	0	0	0	534	
10	0	0	0	0	528	
11	0	0	0	0	521	
12	0	0	0	0	515	
13	0	0	0	0	511	
14	0	0	0	0	506	
15	0	0	0	0	500	
0	0	0	0	0	492	
1	0	0	0	0	485	
2	0	0	0	0	482	
3	0	0	0	0	479	
4	0	0	0	0	475	
5	0	0	0	0	471	
6	0	0	0	0	466	
7	0	0	0	0	463	
8	0	0	0	0	459	
9	0	0	0	0	454	
10	0	0	0	0	449	
11	0	0	0	0	444	
12	0	0	0	0	440	
13	0	0	0	0	434	
14	0	0	0	0	429	
15	0	0	0	0	426	
0	0	0	0	0	423	
1	0	0	0	0	420	
2	0	0	0	0	414	
3	0	0	0	0	408	
4	0	0	0	0	402	
5	0	0	0	0	398	
6	0	0	0	0	392	
7	0	0	0	0	387	
8	0	0	0	0	382	
9	0	0	0	0	376	
10	0	0	0	0	371	
11	0	0	0	0	368	
12	0	0	0	0	366	
13	0	0	0	0	361	
14	0	0	0	0	355	
15	0	0	0	0	350	
0	0	0	0	0	345	
1	0	0	0	0	340	
2	0	0	0	0	331	
3	0	0	0	0	319	
4	0	0	0	0	305	
5	0	0	0	0	295	
6	0	0	0	0	286	
7	0	0	0	0	272	
8	0	0	0	0	261	
9	0	0	0	0	250	
10	0	0	0	0	239	
11	0	0	0	0	230	
12	0	0	0	0	220	
13	0	0	0	0	211	
14	0	0	0	0	205	
15	0	0	0	0	200	
0	0	0	0	0	195	
1	0	0	0	0	192	
2	0	0	0	0	186	
3	0	0	0	0	179	
4	0	0	0	0	172	
5	0	0	0	0	170	
6	0	0	0	0	170	
7	0	0	0	0	168	
8	0	0	0	0	166	
9	0	0	0	0	162	
10	0	0	0	0	157	
11	0	0	0	0	150	
12	0	0	0	0	144	
13	0	0	0	0	143	
14	0	0	0	0	143	
15	0	0	0	0	144	
0	0	0	0	0	143	
1	0	0	0	0	143	
2	0	0	0	0	141	
3	0	0	0	0	140	
4	0	0	0	0	140	
5	0	0	0	0	140	
6	0	0	0	0	140	
7	0	0	0	0	139	
8	0	0	0	0	141	
9	0	0	0	0	145	
10	0	0	0	0	145	
11	0	0	0	0	142	
12	0	0	0	0	143	
13	0	0	0	0	143	
14	0	0	0	0	144	
15	0	0	0	0	145	
0	0	0	0	0	144	
1	0	0	0	0	145	
2	0	0	0	0	144	
3	0	0	0	0	144	
4	0	0	0	0	147	
5	0	0	0	0	147	
6	0	0	0	0	147	
7	0	0	0	0	146	
8	0	0	0	0	147	
9	0	0	0	0	149	
10	0	0	0	0	147	
11	0	0	0	0	146	
12	0	0	0	0	147	
13	0	0	0	0	147	
14	0	0	0	0	147	
15	0	0	0	0	146	
0	0	0	0	0	148	
1	0	0	0	0	153	
2	0	0	0	0	159	
3	0	0	0	0	163	
4	0	0	0	0	166	
5	0	0	0	0	168	
6	0	0	0	0	165	
7	0	0	0	0	167	
8	0	0	0	0	168	
9	0	0	0	0	169	
10	0	0	0	0	171	
11	0	0	0	0	172	
12	0	0	0	0	173	
13	0	0	0	0	172	
14	0	0	0	0	174	
15	0	0	0	0	176	
0	0	0	0	0	179	
1	0	0	0	0	182	
2	0	0	0	0	183	
3	0	0	0	0	182	
4	0	0	0	0	182	
5	0	0	0	0	184	
6	0	0	0	0	184	
7	0	0	0	0	185	
8	0	0	0	0	188	
9	0	0	0	0	190	
10	0	0	0	0	189	
11	0	0	0	0	189	
12	0	0	0	0	190	
13	0	0	0	0	192	
14	0	0	0	0	198	
15	0	0	0	0	199	
0	0	0	0	0	198	
1	0	0	0	0	200	
2	0	0	0	0	199	
3	0	0	0	0	199	
4	0	0	0	0	201	
5	0	0	0	0	204	
6	0	0	0	0	205	
7	0	0	0	0	206	
8	0	0	0	0	206	
9	0	0	0	0	206	
10	0	0	0	0	208	
11	0	0	0	0	211	
12	0	0	0	0	213	
13	0	0	0	0	216	
14	0	0	0	0	216	
15	0	0	0	0	212	
0	0	0	0	0	212	
1	0	0	0	0	216	
2	0	0	0	0	215	
3	0	0	0	0	210	
4	0	0	0	0	209	
5	0	0	0	0	211	
6	0	0	0	0	221	
7	0	0	0	0	225	
8	0	0	0	0	225	
9	0	0	0	0	227	
10	0	0	0	0	227	
11	0	0	0	0	223	
12	0	0	0	0	220	
13	0	0	0	0	222	
14	0	0	0	0	228	
15	0	0	0	0	231	
0	0	0	0	0	230	
1	0	0	0	0	230	
2	0	0	0	0	230	
3	0	0	0	0	230	
4	0	0	0	0	230	
5	0	0	0	0	232	
6	0	0	0	0	232	
7	0	0	0	0	231	
8	0	0	0	0	234	
9	0	0	0	0	235	
10	0	0	0	0	234	
11	0	0	0	0	231	
12	0	0	0	0	232	
13	0	0	0	0	236	
14	0	0	0	0	236	
15	0	0	0	0	233	
0	0	0	0	0	234	
1	0	0	0	0	237	
2	0	0	0	0	238	
3	0	0	0	0	237	
4	0	0	0	0	237	
5	0	0	0	0	238	
6	0	0	0	0	238	
7	0	0	0	0	238	
8	0	0	0	0	237	
9	0	0	0	0	237	
10	0	0	0	0	236	
11	0	0	0	0	233	
12	0	0	0	0	233	
13	0	0	0	0	233	
14	0	0	0	0	232	
15	0	0	0	0	233	
0	0	0	0	0	232	
1	0	0	0	0	232	
2	0	0	0	0	231	
3	0	0	0	0	231	
4	0	0	0	0	232	
5	0	0	0	0	232	
6	0	0	0	0	235	
7	0	0	0	0	236	
8	0	0	0	0	237	
9	0	0	0	0	238	
10	0	0	0	0	239	
11	0	0	0	0	239	
12	0	0	0	0	237	
13	0	0	0	0	238	
14	0	0	0	0	241	
15	0	0	0	0	243	
0	0	0	0	0	245	
1	0	0	0	0	246	
2	0	0	0	0	248	
3	0	0	0	0	248	
4	0	0	0	0	248	
5	0	0	0	0	248	
6	0	0	0	0	250	
7	0	0	0	0	251	
8	0	0	0	0	251	
9	0	0	0	0	251	
10	0	0	0	0	253	
11	0	0	0	0	252	
12	0	0	0	0	252	
13	0	0	0	0	255	
14	0	0	0	0	255	
15	0	0	0	0	254	
0	0	0	0	0	255	
1	0	0	0	0	256	
2	0	0	0	0	259	
3	0	0	0	0	259	
4	0	0	0	0	259	
5	0	0	0	0	261	
6	0	0	0	0	263	
7	0	0	0	0	261	
8	0	0	0	0	261	
9	0	0	0	0	262	
10	0	0	0	0	260	
11	0	0	0	0	259	
12	0	0	0	0	259	
13	0	0	0	0	255	
14	0	0	0	0	249	
15	0	0	0	0	248	
0	0	0	0	0	252	
1	0	0	0	0	257	
2	0	0	0	0	260	
3	0	0	0	0	263	
4	0	0	0	0	263	
5	0	0	0	0	259	
6	0	0	0	0	260	
7	0	0	0	0	262	
8	0	0	0	0	263	
9	0	0	0	0	264	
10	0	0	0	0	264	
11	0	0	0	0	264	
12	0	0	0	0	263	
13	0	0	0	0	262	
14	0	0	0	0	263	
15	0	0	0	0	266	
0	0	0	0	0	267	
1	0	0	0	0	263	
2	0	0	0	0	262	
3	0	0	0	0	264	
4	0	0	0	0	265	
5	0	0	0	0	267	
6	0	0	0	0	270	
7	0	0	0	0	271	
8	0	0	0	0	271	
9	0	0	0	0	272	
10	0	0	0	0	272	
11	0	0	0	0	274	
12	0	0	0	0	277	
13	0	0	0	0	280	
14	0	0	0	0	283	
15	0	0	0	0	282	
0	0	0	0	0	281	
1	0	0	0	0	281	
2	0	0	0	0	280	
3	0	0	0	0	280	
4	0	0	0	0	283	
5	0	0	0	0	287	
6	0	0	0	0	287	
7	0	0	0	0	289	
8	0	0	0	0	292	
9	0	0	0	0	294	
10	0	0	0	0	295	
11	0	0	0	0	296	
12	0	0	0	0	299	
13	0	0	0	0	301	
14	0	0	0	0	302	
15	0	0	0	0	305	
0	0	0	0	0	310	
1	0	0	0	0	314	
2	0	0	0	0	316	
3	0	0	0	0	317	
4	0	0	0	0	319	
5	0	0	0	0	320	
6	0	0	0	0	321	
7	0	0	0	0	321	
8	0	0	0	0	324	
9	0	0	0	0	327	
10	0	0	0	0	330	
11	0	0	0	0	331	
12	0	0	0	0	332	
13	0	0	0	0	334	
14	0	0	0	0	336	
15	0	0	0	0	337	
0	0	0	0	0	339	
1	0	0	0	0	343	
2	0	0	0	0	345	
3	0	0	0	0	347	
4	0	0	0	0	350	
5	0	0	0	0	351	
6	0	0	0	0	351	
7	0	0	0	0	350	
8	0	0	0	0	349	
9	0	0	0	0	352	
10	0	0	0	0	358	
11	0	0	0	0	361	
12	0	0	0	0	362	
13	0	0	0	0	363	
14	0	0	0	0	366	
15	0	0	0	0	367	
0	0	0	0	0	368	
1	0	0	0	0	367	
2	0	0	0	0	368	
3	0	0	0	0	366	
4	0	0	0	0	365	
5	0	0	0	0	361	
6	0	0	0	0	353	
7	0	0	0	0	344	
8	0	0	0	0	335	
9	0	0	0	0	327	
10	0	0	0	0	319	
11	0	0	0	0	316	
12	0	0	0	0	311	
13	0	0	0	0	304	
14	0	0	0	0	298	
15	0	0	0	0	293	
0	0	0	0	0	289	
1	0	0	0	0	284	
2	0	0	0	0	281	
3	0	0	0	0	279	
4	0	0	0	0	274	
5	0	0	0	0	268	
6	0	0	0	0	265	
7	0	0	0	0	265	
8	0	0	0	0	264	
9	0	0	0	0	260	
10	0	0	0	0	259	
11	0	0	0	0	258	
12	0	0	0	0	260	
13	0	0	0	0	261	
14	0	0	0	0	261	
15	0	0	0	0	259	
0	0	0	0	0	258	
1	0	0	0	0	260	
2	0	0	0	0	261	
3	0	0	0	0	262	
4	0	0	0	0	261	
5	0	0	0	0	259	
6	0	0	0	0	259	
7	0	0	0	0	260	
8	0	0	0	0	263	
9	0	0	0	0	268	
10	0	0	0	0	271	
11	0	0	0	0	272	
12	0	0	0	0	274	
13	0	0	0	0	276	
14	0	0	0	0	278	
15	0	0	0	0	277	
0	0	0	0	0	278	
1	0	0	0	0	283	
2	0	0	0	0	287	
3	0	0	0	0	289	
4	0	0	0	0	289	
5	0	0	0	0	290	
6	0	0	0	0	292	
7	0	0	0	0	294	
8	0	0	0	0	294	
9	0	0	0	0	294	
10	0	0	0	0	294	
11	0	0	0	0	297	
12	0	0	0	0	303	
13	0	0	0	0	309	
14	0	0	0	0	314	
15	0	0	0	0	319	
0	0	0	0	0	321	
1	0	0	0	0	324	
2	0	0	0	0	327	
3	0	0	0	0	327	
4	0	0	0	0	329	
5	0	0	0	0	335	
6	0	0	0	0	339	
7	0	0	0	0	339	
8	0	0	0	0	340	
9	0	0	0	0	344	
10	0	0	0	0	346	
11	0	0	0	0	349	
12	0	0	0	0	351	
13	0	0	0	0	352	
14	0	0	0	0	356	
15	0	0	0	0	359	
0	0	0	0	0	361	
1	0	0	0	0	362	
2	0	0	0	0	364	
3	0	0	0	0	367	
4	0	0	0	0	369	
5	0	0	0	0	373	
6	0	0	0	0	374	
7	0	0	0	0	375	
8	0	0	0	0	375	
9	0	0	0	0	375	
10	0	0	0	0	375	
11	0	0	0	0	380	
12	0	0	0	0	385	
13	0	0	0	0	391	
14	0	0	0	0	393	
15	0	0	0	0	396	
0	0	0	0	0	399	
1	0	0	0	0	402	
2	0	0	0	0	401	
3	0	0	0	0	401	
4	0	0	0	0	404	
5	0	0	0	0	407	
6	0	0	0	0	410	
7	0	0	0	0	411	
8	0	0	0	0	412	
9	0	0	0	0	416	
10	0	0	0	0	417	
11	0	0	0	0	418	
12	0	0	0	0	422	
13	0	0	0	0	427	
14	0	0	0	0	432	
15	0	0	0	0	432	
0	0	0	0	0	431	
1	0	0	0	0	429	
2	0	0	0	0	431	
3	0	0	0	0	437	
4	0	0	0	0	444	
5	0	0	0	0	447	
6	0	0	0	0	449	
7	0	0	0	0	450	
8	0	0	0	0	451	
9	0	0	0	0	454	
10	0	0	0	0	455	
11	0	0	0	0	457	
12	0	0	0	0	458	
13	0	0	0	0	459	
14	0	0	0	0	460	
15	0	0	0	0	461	
0	0	0	0	0	464	
1	0	0	0	0	468	
2	0	0	0	0	471	
3	0	0	0	0	471	
4	0	0	0	0	469	
5	0	0	0	0	471	
6	0	0	0	0	473	
7	0	0	0	0	473	
8	0	0	0	0	472	
9	0	0	0	0	471	
10	0	0	0	0	473	
11	0	0	0	0	475	
12	0	0	0	0	479	
13	0	0	0	0	483	
14	0	0	0	0	486	
15	0	0	0	0	488	
0	0	0	0	0	487	
1	0	0	0	0	487	
2	0	0	0	0	488	
3	0	0	0	0	491	
4	0	0	0	0	494	
5	0	0	0	0	496	
6	0	0	0	0	495	
7	0	0	0	0	493	
8	0	0	0	0	493	
9	0	0	0	0	494	
10	0	0	0	0	495	
11	0	0	0	0	498	
12	0	0	0	0	501	
13	0	0	0	0	502	
14	0	0	0	0	503	
15	0	0	0	0	506	
0	0	0	0	0	509	
1	0	0	0	0	510	
2	0	0	0	0	513	
3	0	0	0	0	515	
4	0	0	0	0	517	
5	0	0	0	0	518	
6	0	0	0	0	517	
7	0	0	0	0	518	
8	0	0	0	0	519	
9	0	0	0	0	519	
10	0	0	0	0	519	
11	0	0	0	0	521	
12	0	0	0	0	521	
13	0	0	0	0	522	
14	0	0	0	0	525	
15	0	0	0	0	529	
0	0	0	0	0	529	
1	0	0	0	0	529	
2	0	0	0	0	532	
3	0	0	0	0	531	
4	0	0	0	0	531	
5	0	0	0	0	532	
6	0	0	0	0	532	
7	0	0	0	0	535	
8	0	0	0	0	536	
9	0	0	0	0	538	
10	0	0	0	0	542	
11	0	0	0	0	544	
12	0	0	0	0	546	
13	0	0	0	0	545	
14	0	0	0	0	543	
15	0	0	0	0	543	
0	0	0	0	0	546	
1	0	0	0	0	549	
2	0	0	0	0	549	
3	0	0	0	0	551	
4	0	0	0	0	551	
5	0	0	0	0	551	
6	0	0	0	0	551	
7	0	0	0	0	551	
8	0	0	0	0	551	
9	0	0	0	0	551	
10	0	0	0	0	551	
11	0	0	0	0	551	
12	0	0	0	0	555	
13	0	0	0	0	560	
14	0	0	0	0	560	
15	0	0	0	0	561	
0	0	0	0	0	562	
1	0	0	0	0	563	
2	0	0	0	0	563	
3	0	0	0	0	562	
4	0	0	0	0	560	
5	0	0	0	0	558	
6	0	0	0	0	561	
7	0	0	0	0	564	
8	0	0	0	0	566	
9	0	0	0	0	567	
10	0	0	0	0	567	
11	0	0	0	0	566	
12	0	0	0	0	566	
13	0	0	0	0	566	
14	0	0	0	0	566	
15	0	0	0	0	566	
0	0	0	0	0	567	
1	0	0	0	0	566	
2	0	0	0	0	566	
3	0	0	0	0	568	
4	0	0	0	0	569	
5	0	0	0	0	569	
6	0	0	0	0	571	
7	0	0	0	0	571	
8	0	0	0	0	571	
9	0	0	0	0	572	
10	0	0	0	0	572	
11	0	0	0	0	572	
12	0	0	0	0	572	
13	0	0	0	0	574	
14	0	0	0	0	575	
15	0	0	0	0	574	
0	0	0	0	0	573	
1	0	0	0	0	574	
2	0	0	0	0	575	
3	0	0	0	0	576	
4	0	0	0	0	577	
5	0	0	0	0	574	
6	0	0	0	0	572	
7	0	0	0	0	571	
8	0	0	0	0	574	
9	0	0	0	0	577	
10	0	0	0	0	579	
11	0	0	0	0	581	
12	0	0	0	0	580	
13	0	0	0	0	581	
14	0	0	0	0	581	
15	0	0	0	0	581	
0	0	0	0	0	580	
1	0	0	0	0	581	
2	0	0	0	0	583	
3	0	0	0	0	585	
4	0	0	0	0	585	
5	0	0	0	0	585	
6	0	0	0	0	584	
7	0	0	0	0	581	
8	0	0	0	0	581	
9	0	0	0	0	581	
10	0	0	0	0	579	
11	0	0	0	0	579	
12	0	0	0	0	577	
13	0	0	0	0	572	
14	0	0	0	0	576	
15	0	0	0	0	584	
0	0	0	0	0	587	
1	0	0	0	0	588	
2	0	0	0	0	589	
3	0	0	0	0	590	
4	0	0	0	0	591	
5	0	0	0	0	587	
6	0	0	0	0	585	
7	0	0	0	0	586	
8	0	0	0	0	587	
9	0	0	0	0	586	
10	0	0	0	0	583	
11	0	0	0	0	582	
12	0	0	0	0	583	
13	0	0	0	0	585	
14	0	0	0	0	588	
15	0	0	0	0	588	
0	0	0	0	0	587	
1	0	0	0	0	585	
2	0	0	0	0	584	
3	0	0	0	0	583	
4	0	0	0	0	583	
5	0	0	0	0	585	
6	0	0	0	0	586	
7	0	0	0	0	585	
8	0	0	0	0	585	
9	0	0	0	0	585	
10	0	0	0	0	585	
11	0	0	0	0	585	
12	0	0	0	0	585	
13	0	0	0	0	585	
14	0	0	0	0	583	
15	0	0	0	0	583	
0	0	0	0	0	586	
1	0	0	0	0	587	
2	0	0	0	0	587	
3	0	0	0	0	589	
4	0	0	0	0	588	
5	0	0	0	0	587	
6	0	0	0	0	584	
7	0	0	0	0	580	
8	0	0	0	0	580	
9	0	0	0	0	582	
10	0	0	0	0	585	
11	0	0	0	0	588	
12	0	0	0	0	591	
13	0	0	0	0	589	
14	0	0	0	0	588	
15	0	0	0	0	589	
0	0	0	0	0	590	
1	0	0	0	0	589	
2	0	0	0	0	588	
3	0	0	0	0	588	
4	0	0	0	0	585	
5	0	0	0	0	585	
6	0	0	0	0	587	
7	0	0	0	0	587	
8	0	0	0	0	586	
9	0	0	0	0	585	
10	0	0	0	0	583	
11	0	0	0	0	581	
12	0	0	0	0	580	
13	0	0	0	0	579	
14	0	0	0	0	579	
15	0	0	0	0	579	
0	0	0	0	0	579	
1	0	0	0	0	580	
2	0	0	0	0	581	
3	0	0	0	0	580	
4	0	0	0	0	578	
5	0	0	0	0	578	
6	0	0	0	0	577	
7	0	0	0	0	575	
8	0	0	0	0	572	
9	0	0	0	0	574	
10	0	0	0	0	576	
11	0	0	0	0	579	
12	0	0	0	0	579	
13	0	0	0	0	579	
14	0	0	0	0	579	
15	0	0	0	0	576	
0	0	0	0	0	574	
1	0	0	0	0	573	
2	0	0	0	0	574	
3	0	0	0	0	574	
4	0	0	0	0	571	
5	0	0	0	0	570	
6	0	0	0	0	572	
7	0	0	0	0	572	
8	0	0	0	0	573	
9	0	0	0	0	574	
10	0	0	0	0	574	
11	0	0	0	0	575	
12	0	0	0	0	576	
13	0	0	0	0	575	
14	0	0	0	0	573	
15	0	0	0	0	574	
0	0	0	0	0	579	
1	0	0	0	0	580	
2	0	0	0	0	579	
3	0	0	0	0	577	
4	0	0	0	0	577	
5	0	0	0	0	579	
6	0	0	0	0	578	
7	0	0	0	0	578	
8	0	0	0	0	577	
9	0	0	0	0	577	
10	0	0	0	0	578	
11	0	0	0	0	578	
12	0	0	0	0	579	
13	0	0	0	0	577	
14	0	0	0	0	575	
15	0	0	0	0	576	
0	0	0	0	0	575	
1	0	0	0	0	573	
2	0	0	0	0	573	
3	0	0	0	0	574	
4	0	0	0	0	578	
5	0	0	0	0	578	
6	0	0	0	0	577	
7	0	0	0	0	575	
8	0	0	0	0	575	
9	0	0	0	0	576	
10	0	0	0	0	575	
11	0	0	0	0	575	
12	0	0	0	0	573	
13	0	0	0	0	573	
14	0	0	0	0	572	
15	0	0	0	0	572	
0	0	0	0	0	570	
1	0	0	0	0	568	
2	0	0	0	0	568	
3	0	0	0	0	566	
4	0	0	0	0	561	
5	0	0	0	0	558	
6	0	0	0	0	556	
7	0	0	0	0	555	
8	0	0	0	0	551	
9	0	0	0	0	549	
10	0	0	0	0	549	
11	0	0	0	0	549	
12	0	0	0	0	548	
13	0	0	0	0	549	
14	0	0	0	0	547	
15	0	0	0	0	543	
0	0	0	0	0	539	
1	0	0	0	0	542	
2	0	0	0	0	548	
3	0	0	0	0	552	
4	0	0	0	0	559	
5	0	0	0	0	564	
6	0	0	0	0	570	
7	0	0	0	0	576	
8	0	0	0	0	583	
9	0	0	0	0	587	
10	0	0	0	0	592	
11	0	0	0	0	601	
12	0	0	0	0	611	
13	0	0	0	0	622	
14	0	0	0	0	633	
15	0	0	0	0	643	
0	0	0	0	0	653	
1	0	0	0	0	664	
2	0	0	0	0	677	
3	0	0	0	0	691	
4	0	0	0	0	703	
5	0	0	0	0	715	
6	0	0	0	0	726	
7	0	0	0	0	738	
8	0	0	0	0	748	
9	0	0	0	0	752	
10	0	0	0	0	752	
11	0	0	0	0	748	
12	0	0	0	0	740	
13	0	0	0	0	735	
14	0	0	0	0	728	
15	0	0	0	0	716	
0	0	0	0	0	704	
1	0	0	0	0	691	
2	0	0	0	0	679	
3	0	0	0	0	663	
4	0	0	0	0	643	
5	0	0	0	0	623	
6	0	0	0	0	604	
7	0	0	0	0	587	
8	0	0	0	0	573	
9	0	0	0	0	559	
10	0	0	0	0	547	
11	0	0	0	0	539	
12	0	0	0	0	530	
13	0	0	0	0	523	
14	0	0	0	0	516	
15	0	0	0	0	512	
0	0	0	0	0	512	
1	0	0	0	0	513	
2	0	0	0	0	513	
3	0	0	0	0	513	
4	0	0	0	0	515	
5	0	0	0	0	517	
6	0	0	0	0	518	
7	0	0	0	0	520	
8	0	0	0	0	523	
9	0	0	0	0	524	
10	0	0	0	0	526	
11	0	0	0	0	529	
12	0	0	0	0	527	
13	0	0	0	0	527	
14	0	0	0	0	529	
15	0	0	0	0	531	
0	0	0	0	0	531	
1	0	0	0	0	530	
2	0	0	0	0	528	
3	0	0	0	0	528	
4	0	0	0	0	527	
5	0	0	0	0	527	
6	0	0	0	0	527	
7	0	0	0	0	526	
8	0	0	0	0	526	
9	0	0	0	0	526	
10	0	0	0	0	524	
11	0	0	0	0	524	
12	0	0	0	0	524	
13	0	0	0	0	523	
14	0	0	0	0	522	
15	0	0	0	0	522	
0	0	0	0	0	523	
1	0	0	0	0	525	
2	0	0	0	0	529	
3	0	0	0	0	530	
4	0	0	0	0	528	
5	0	0	0	0	530	
6	0	0	0	0	529	
7	0	0	0	0	527	
8	0	0	0	0	527	
9	0	0	0	0	526	
10	0	0	0	0	526	
11	0	0	0	0	522	
12	0	0	0	0	523	
13	0	0	0	0	523	
14	0	0	0	0	525	
15	0	0	0	0	526	
0	0	0	0	0	524	
1	0	0	0	0	524	
2	0	0	0	0	524	
3	0	0	0	0	523	
4	0	0	0	0	524	
5	0	0	0	0	524	
6	0	0	0	0	522	
7	0	0	0	0	521	
8	0	0	0	0	520	
9	0	0	0	0	523	
10	0	0	0	0	524	
11	0	0	0	0	524	
12	0	0	0	0	523	
13	0	0	0	0	526	
14	0	0	0	0	527	
15	0	0	0	0	525	
0	0	0	0	0	525	
1	0	0	0	0	525	
2	0	0	0	0	526	
3	0	0	0	0	525	
4	0	0	0	0	525	
5	0	0	0	0	525	
6	0	0	0	0	524	
7	0	0	0	0	525	
8	0	0	0	0	526	
9	0	0	0	0	525	
10	0	0	0	0	524	
11	0	0	0	0	524	
12	0	0	0	0	522	
13	0	0	0	0	523	
14	0	0	0	0	524	
15	0	0	0	0	523	
0	0	0	0	0	519	
1	0	0	0	0	519	
2	0	0	0	0	520	
3	0	0	0	0	521	
4	0	0	0	0	521	
5	0	0	0	0	522	
6	0	0	0	0	521	
7	0	0	0	0	519	
8	0	0	0	0	520	
9	0	0	0	0	520	
10	0	0	0	0	520	
11	0	0	0	0	519	
12	0	0	0	0	519	
13	0	0	0	0	519	
14	0	0	0	0	519	
15	0	0	0	0	520	
0	0	0	0	0	518	
1	0	0	0	0	517	
2	0	0	0	0	516	
3	0	0	0	0	517	
4	0	0	0	0	517	
5	0	0	0	0	516	
6	0	0	0	0	516	
7	0	0	0	0	515	
8	0	0	0	0	515	
9	0	0	0	0	514	
10	0	0	0	0	513	
11	0	0	0	0	512	
12	0	0	0	0	509	
13	0	0	0	0	511	
14	0	0	0	0	514	
15	0	0	0	0	515	
0	0	0	0	0	515	
1	0	0	0	0	515	
2	0	0	0	0	514	
3	0	0	0	0	515	
4	0	0	0	0	516	
5	0	0	0	0	518	
6	0	0	0	0	518	
7	0	0	0	0	516	
8	0	0	0	0	515	
9	0	0	0	0	515	
10	0	0	0	0	515	
11	0	0	0	0	514	
12	0	0	0	0	517	
13	0	0	0	0	517	
14	0	0	0	0	513	
15	0	0	0	0	513	
0	0	0	0	0	514	
1	0	0	0	0	514	
2	0	0	0	0	513	
3	0	0	0	0	512	
4	0	0	0	0	509	
5	0	0	0	0	509	
6	0	0	0	0	511	
7	0	0	0	0	512	
8	0	0	0	0	512	
9	0	0	0	0	512	
10	0	0	0	0	512	
11	0	0	0	0	513	
12	0	0	0	0	512	
13	0	0	0	0	510	
14	0	0	0	0	508	
15	0	0	0	0	508	
0	0	0	0	0	508	
1	0	0	0	0	507	
2	0	0	0	0	508	
3	0	0	0	0	509	
4	0	0	0	0	507	
5	0	0	0	0	506	
6	0	0	0	0	505	
7	0	0	0	0	508	
8	0	0	0	0	508	
9	0	0	0	0	504	
10	0	0	0	0	507	
11	0	0	0	0	504	
12	0	0	0	0	500	
13	0	0	0	0	499	
14	0	0	0	0	499	
15	0	0	0	0	503	
0	0	0	0	0	505	
1	0	0	0	0	505	
2	0	0	0	0	503	
3	0	0	0	0	502	
4	0	0	0	0	503	
5	0	0	0	0	503	
6	0	0	0	0	504	
7	0	0	0	0	501	
8	0	0	0	0	497	
9	0	0	0	0	496	
10	0	0	0	0	497	
11	0	0	0	0	499	
12	0	0	0	0	496	
13	0	0	0	0	496	
14	0	0	0	0	496	
15	0	0	0	0	496	
0	0	0	0	0	497	
1	0	0	0	0	499	
2	0	0	0	0	497	
3	0	0	0	0	497	
4	0	0	0	0	496	
5	0	0	0	0	495	
6	0	0	0	0	494	
7	0	0	0	0	493	
8	0	0	0	0	493	
9	0	0	0	0	493	
10	0	0	0	0	494	
11	0	0	0	0	494	
12	0	0	0	0	494	
13	0	0	0	0	493	
14	0	0	0	0	492	
15	0	0	0	0	491	
0	0	0	0	0	489	
1	0	0	0	0	489	
2	0	0	0	0	490	
3	0	0	0	0	489	
4	0	0	0	0	491	
5	0	0	0	0	492	
6	0	0	0	0	492	
7	0	0	0	0	491	
8	0	0	0	0	491	
9	0	0	0	0	489	
10	0	0	0	0	486	
11	0	0	0	0	485	
12	0	0	0	0	489	
13	0	0	0	0	492	
14	0	0	0	0	492	
15	0	0	0	0	491	
0	0	0	0	0	490	
1	0	0	0	0	491	
2	0	0	0	0	492	
3	0	0	0	0	492	
4	0	0	0	0	491	
5	0	0	0	0	489	
6	0	0	0	0	488	
7	0	0	0	0	487	
8	0	0	0	0	489	
9	0	0	0	0	491	
10	0	0	0	0	489	
11	0	0	0	0	488	
12	0	0	0	0	491	
13	0	0	0	0	495	
14	0	0	0	0	494	
15	0	0	0	0	491	
0	0	0	0	0	491	
1	0	0	0	0	492	
2	0	0	0	0	492	
3	0	0	0	0	489	
4	0	0	0	0	485	
5	0	0	0	0	486	
6	0	0	0	0	488	
7	0	0	0	0	488	
8	0	0	0	0	486	
9	0	0	0	0	484	
10	0	0	0	0	485	
11	0	0	0	0	485	
12	0	0	0	0	485	
13	0	0	0	0	486	
14	0	0	0	0	487	
15	0	0	0	0	486	
0	0	0	0	0	487	
1	0	0	0	0	487	
2	0	0	0	0	489	
3	0	0	0	0	489	
4	0	0	0	0	489	
5	0	0	0	0	490	
6	0	0	0	0	492	
7	0	0	0	0	493	
8	0	0	0	0	491	
9	0	0	0	0	491	
10	0	0	0	0	490	
11	0	0	0	0	488	
12	0	0	0	0	487	
13	0	0	0	0	487	
14	0	0	0	0	489	
15	0	0	0	0	491	
0	0	0	0	0	491	
1	0	0	0	0	489	
2	0	0	0	0	488	
3	0	0	0	0	486	
4	0	0	0	0	484	
5	0	0	0	0	484	
6	0	0	0	0	483	
7	0	0	0	0	483	
8	0	0	0	0	480	
9	0	0	0	0	478	
10	0	0	0	0	478	
11	0	0	0	0	479	
12	0	0	0	0	478	
13	0	0	0	0	475	
14	0	0	0	0	471	
15	0	0	0	0	470	
0	0	0	0	0	473	
1	0	0	0	0	477	
2	0	0	0	0	477	
3	0	0	0	0	476	
4	0	0	0	0	474	
5	0	0	0	0	476	
6	0	0	0	0	478	
7	0	0	0	0	478	
8	0	0	0	0	478	
9	0	0	0	0	477	
10	0	0	0	0	476	
11	0	0	0	0	478	
12	0	0	0	0	479	
13	0	0	0	0	476	
14	0	0	0	0	475	
15	0	0	0	0	475	
0	0	0	0	0	476	
1	0	0	0	0	475	
2	0	0	0	0	475	
3	0	0	0	0	476	
4	0	0	0	0	477	
5	0	0	0	0	477	
6	0	0	0	0	477	
7	0	0	0	0	476	
8	0	0	0	0	477	
9	0	0	0	0	477	
10	0	0	0	0	477	
11	0	0	0	0	477	
12	0	0	0	0	479	
13	0	0	0	0	482	
14	0	0	0	0	483	
15	0	0	0	0	484	
0	0	0	0	0	486	
1	0	0	0	0	486	
2	0	0	0	0	487	
3	0	0	0	0	486	
4	0	0	0	0	485	
5	0	0	0	0	486	
6	0	0	0	0	487	
7	0	0	0	0	488	
8	0	0	0	0	487	
9	0	0	0	0	487	
10	0	0	0	0	487	
11	0	0	0	0	487	
12	0	0	0	0	492	
13	0	0	0	0	492	
14	0	0	0	0	492	
15	0	0	0	0	495	
0	0	0	0	0	500	
1	0	0	0	0	502	
2	0	0	0	0	501	
3	0	0	0	0	501	
4	0	0	0	0	501	
5	0	0	0	0	501	
6	0	0	0	0	503	
7	0	0	0	0	503	
8	0	0	0	0	504	
9	0	0	0	0	505	
10	0	0	0	0	506	
11	0	0	0	0	504	
12	0	0	0	0	502	
13	0	0	0	0	504	
14	0	0	0	0	508	
15	0	0	0	0	510	
0	0	0	0	0	513	
1	0	0	0	0	512	
2	0	0	0	0	511	
3	0	0	0	0	509	
4	0	0	0	0	507	
5	0	0	0	0	509	
6	0	0	0	0	514	
7	0	0	0	0	518	
8	0	0	0	0	518	
9	0	0	0	0	516	
10	0	0	0	0	520	
11	0	0	0	0	523	
12	0	0	0	0	524	
13	0	0	0	0	526	
14	0	0	0	0	526	
15	0	0	0	0	527	
0	0	0	0	0	528	
1	0	0	0	0	528	
2	0	0	0	0	527	
3	0	0	0	0	525	
4	0	0	0	0	525	
5	0	0	0	0	526	
6	0	0	0	0	528	
7	0	0	0	0	529	
8	0	0	0	0	531	
9	0	0	0	0	534	
10	0	0	0	0	534	
11	0	0	0	0	533	
12	0	0	0	0	534	
13	0	0	0	0	535	
14	0	0	0	0	536	
15	0	0	0	0	537	
0	0	0	0	0	539	
1	0	0	0	0	539	
2	0	0	0	0	539	
3	0	0	0	0	540	
4	0	0	0	0	541	
5	0	0	0	0	540	
6	0	0	0	0	538	
7	0	0	0	0	538	
8	0	0	0	0	540	
9	0	0	0	0	539	
10	0	0	0	0	537	
11	0	0	0	0	538	
12	0	0	0	0	542	
13	0	0	0	0	545	
14	0	0	0	0	546	
15	0	0	0	0	544	
0	0	0	0	0	542	
1	0	0	0	0	542	
2	0	0	0	0	543	
3	0	0	0	0	543	
4	0	0	0	0	542	
5	0	0	0	0	544	
6	0	0	0	0	543	
7	0	0	0	0	543	
8	0	0	0	0	544	
9	0	0	0	0	545	
10	0	0	0	0	548	
11	0	0	0	0	548	
12	0	0	0	0	548	
13	0	0	0	0	548	
14	0	0	0	0	550	
15	0	0	0	0	552	
0	0	0	0	0	553	
1	0	0	0	0	554	
2	0	0	0	0	554	
3	0	0	0	0	555	
4	0	0	0	0	554	
5	0	0	0	0	552	
6	0	0	0	0	555	
7	0	0	0	0	558	
8	0	0	0	0	557	
9	0	0	0	0	555	
10	0	0	0	0	554	
11	0	0	0	0	555	
12	0	0	0	0	555	
13	0	0	0	0	554	
14	0	0	0	0	555	
15	0	0	0	0	556	
0	0	0	0	0	558	
1	0	0	0	0	560	
2	0	0	0	0	562	
3	0	0	0	0	562	
4	0	0	0	0	560	
5	0	0	0	0	558	
6	0	0	0	0	557	
7	0	0	0	0	557	
8	0	0	0	0	559	
9	0	0	0	0	560	
10	0	0	0	0	561	
11	0	0	0	0	563	
12	0	0	0	0	564	
13	0	0	0	0	564	
14	0	0	0	0	566	
15	0	0	0	0	568	
0	0	0	0	0	568	
1	0	0	0	0	568	
2	0	0	0	0	567	
3	0	0	0	0	565	
4	0	0	0	0	566	
5	0	0	0	0	567	
6	0	0	0	0	564	
7	0	0	0	0	565	
8	0	0	0	0	568	
9	0	0	0	0	570	
10	0	0	0	0	566	
11	0	0	0	0	563	
12	0	0	0	0	566	
13	0	0	0	0	569	
14	0	0	0	0	571	
15	0	0	0	0	571	
0	0	0	0	0	572	
1	0	0	0	0	573	
2	0	0	0	0	573	
3	0	0	0	0	572	
4	0	0	0	0	571	
5	0	0	0	0	571	
6	0	0	0	0	572	
7	0	0	0	0	572	
8	0	0	0	0	575	
9	0	0	0	0	572	
10	0	0	0	0	571	
11	0	0	0	0	572	
12	0	0	0	0	572	
13	0	0	0	0	572	
14	0	0	0	0	571	
15	0	0	0	0	570	
0	0	0	0	0	569	
1	0	0	0	0	570	
2	0	0	0	0	573	
3	0	0	0	0	571	
4	0	0	0	0	567	
5	0	0	0	0	566	
6	0	0	0	0	570	
7	0	0	0	0	572	
8	0	0	0	0	571	
9	0	0	0	0	570	
10	0	0	0	0	571	
11	0	0	0	0	571	
12	0	0	0	0	571	
13	0	0	0	0	570	
14	0	0	0	0	570	
15	0	0	0	0	570	
0	0	0	0	0	568	
1	0	0	0	0	568	
2	0	0	0	0	570	
3	0	0	0	0	569	
4	0	0	0	0	568	
5	0	0	0	0	568	
6	0	0	0	0	568	
7	0	0	0	0	567	
8	0	0	0	0	566	
9	0	0	0	0	568	
10	0	0	0	0	568	
11	0	0	0	0	568	
12	0	0	0	0	568	
13	0	0	0	0	567	
14	0	0	0	0	566	
15	0	0	0	0	566	
0	0	0	0	0	566	
1	0	0	0	0	564	
2	0	0	0	0	564	
3	0	0	0	0	566	
4	0	0	0	0	565	
5	0	0	0	0	565	
6	0	0	0	0	565	
7	0	0	0	0	562	
8	0	0	0	0	560	
9	0	0	0	0	561	
10	0	0	0	0	563	
11	0	0	0	0	562	
12	0	0	0	0	562	
13	0	0	0	0	561	
14	0	0	0	0	562	
15	0	0	0	0	563	
0	0	0	0	0	567	
1	0	0	0	0	567	
2	0	0	0	0	567	
3	0	0	0	0	566	
4	0	0	0	0	564	
5	0	0	0	0	563	
6	0	0	0	0	566	
7	0	0	0	0	567	
8	0	0	0	0	566	
9	0	0	0	0	566	
10	0	0	0	0	564	
11	0	0	0	0	563	
12	0	0	0	0	564	
13	0	0	0	0	566	
14	0	0	0	0	564	
15	0	0	0	0	562	
0	0	0	0	0	564	
1	0	0	0	0	567	
2	0	0	0	0	565	
3	0	0	0	0	562	
4	0	0	0	0	562	
5	0	0	0	0	561	
6	0	0	0	0	558	
7	0	0	0	0	560	
8	0	0	0	0	562	
9	0	0	0	0	562	
10	0	0	0	0	562	
11	0	0	0	0	558	
12	0	0	0	0	555	
13	0	0	0	0	557	
14	0	0	0	0	560	
15	0	0	0	0	565	
0	0	0	0	0	569	
1	0	0	0	0	571	
2	0	0	0	0	569	
3	0	0	0	0	568	
4	0	0	0	0	568	
5	0	0	0	0	571	
6	0	0	0	0	572	
7	0	0	0	0	573	
8	0	0	0	0	573	
9	0	0	0	0	571	
10	0	0	0	0	572	
11	0	0	0	0	571	
12	0	0	0	0	569	
13	0	0	0	0	569	
14	0	0	0	0	571	
15	0	0	0	0	571	
0	0	0	0	0	565	
1	0	0	0	0	563	
2	0	0	0	0	568	
3	0	0	0	0	573	
4	0	0	0	0	575	
5	0	0	0	0	575	
6	0	0	0	0	573	
7	0	0	0	0	573	
8	0	0	0	0	572	
9	0	0	0	0	572	
10	0	0	0	0	570	
11	0	0	0	0	569	
12	0	0	0	0	568	
13	0	0	0	0	567	
14	0	0	0	0	568	
15	0	0	0	0	569	
0	0	0	0	0	569	
1	0	0	0	0	569	
2	0	0	0	0	570	
3	0	0	0	0	574	
4	0	0	0	0	574	
5	0	0	0	0	572	
6	0	0	0	0	572	
7	0	0	0	0	573	
8	0	0	0	0	574	
9	0	0	0	0	573	
10	0	0	0	0	572	
11	0	0	0	0	572	
12	0	0	0	0	570	
13	0	0	0	0	569	
14	0	0	0	0	568	
15	0	0	0	0	568	
0	0	0	0	0	568	
1	0	0	0	0	567	
2	0	0	0	0	568	
3	0	0	0	0	569	
4	0	0	0	0	569	
5	0	0	0	0	571	
6	0	0	0	0	573	
7	0	0	0	0	575	
8	0	0	0	0	574	
9	0	0	0	0	571	
10	0	0	0	0	569	
11	0	0	0	0	567	
12	0	0	0	0	568	
13	0	0	0	0	568	
14	0	0	0	0	569	
15	0	0	0	0	569	
0	0	0	0	0	571	
1	0	0	0	0	572	
2	0	0	0	0	570	
3	0	0	0	0	568	
4	0	0	0	0	568	
5	0	0	0	0	568	
6	0	0	0	0	568	
7	0	0	0	0	571	
8	0	0	0	0	575	
9	0	0	0	0	576	
10	0	0	0	0	576	
11	0	0	0	0	577	
12	0	0	0	0	578	
13	0	0	0	0	577	
14	0	0	0	0	574	
15	0	0	0	0	572	
0	0	0	0	0	575	
1	0	0	0	0	576	
2	0	0	0	0	576	
3	0	0	0	0	575	
4	0	0	0	0	574	
5	0	0	0	0	575	
6	0	0	0	0	578	
7	0	0	0	0	579	
8	0	0	0	0	579	
9	0	0	0	0	578	
10	0	0	0	0	577	
11	0	0	0	0	573	
12	0	0	0	0	572	
13	0	0	0	0	574	
14	0	0	0	0	576	
15	0	0	0	0	579	
0	0	0	0	0	580	
1	0	0	0	0	580	
2	0	0	0	0	580	
3	0	0	0	0	581	
4	0	0	0	0	581	
5	0	0	0	0	581	
6	0	0	0	0	583	
7	0	0	0	0	583	
8	0	0	0	0	583	
9	0	0	0	0	586	
10	0	0	0	0	587	
11	0	0	0	0	586	
12	0	0	0	0	584	
13	0	0	0	0	583	
14	0	0	0	0	586	
15	0	0	0	0	587	
0	0	0	0	0	588	
1	0	0	0	0	587	
2	0	0	0	0	584	
3	0	0	0	0	585	
4	0	0	0	0	586	
5	0	0	0	0	585	
6	0	0	0	0	583	
7	0	0	0	0	583	
8	0	0	0	0	585	
9	0	0	0	0	586	
10	0	0	0	0	586	
11	0	0	0	0	587	
12	0	0	0	0	589	
13	0	0	0	0	591	
14	0	0	0	0	592	
15	0	0	0	0	591	
0	0	0	0	0	592	
1	0	0	0	0	593	
2	0	0	0	0	593	
3	0	0	0	0	592	
4	0	0	0	0	593	
5	0	0	0	0	592	
6	0	0	0	0	591	
7	0	0	0	0	591	
8	0	0	0	0	592	
9	0	0	0	0	592	
10	0	0	0	0	588	
11	0	0	0	0	587	
12	0	0	0	0	589	
13	0	0	0	0	593	
14	0	0	0	0	595	
15	0	0	0	0	591	
0	0	0	0	0	591	
1	0	0	0	0	591	
2	0	0	0	0	591	
3	0	0	0	0	590	
4	0	0	0	0	589	
5	0	0	0	0	591	
6	0	0	0	0	591	
7	0	0	0	0	591	
8	0	0	0	0	591	
9	0	0	0	0	591	
10	0	0	0	0	591	
11	0	0	0	0	592	
12	0	0	0	0	595	
13	0	0	0	0	596	
14	0	0	0	0	596	
15	0	0	0	0	596	
0	0	0	0	0	598	
1	0	0	0	0	598	
2	0	0	0	0	597	
3	0	0	0	0	596	
4	0	0	0	0	599	
5	0	0	0	0	603	
6	0	0	0	0	604	
7	0	0	0	0	605	
8	0	0	0	0	605	
9	0	0	0	0	605	
10	0	0	0	0	606	
11	0	0	0	0	608	
12	0	0	0	0	608	
13	0	0	0	0	608	
14	0	0	0	0	608	
15	0	0	0	0	609	
0	0	0	0	0	609	
1	0	0	0	0	610	
2	0	0	0	0	610	
3	0	0	0	0	609	
4	0	0	0	0	610	
5	0	0	0	0	612	
6	0	0	0	0	612	
7	0	0	0	0	612	
8	0	0	0	0	615	
9	0	0	0	0	615	
10	0	0	0	0	613	
11	0	0	0	0	616	
12	0	0	0	0	620	
13	0	0	0	0	618	
14	0	0	0	0	620	
15	0	0	0	0	624	
0	0	0	0	0	625	
1	0	0	0	0	625	
2	0	0	0	0	626	
3	0	0	0	0	628	
4	0	0	0	0	628	
5	0	0	0	0	630	
6	0	0	0	0	630	
7	0	0	0	0	631	
8	0	0	0	0	632	
9	0	0	0	0	632	
10	0	0	0	0	632	
11	0	0	0	0	632	
12	0	0	0	0	633	
13	0	0	0	0	630	
14	0	0	0	0	625	
15	0	0	0	0	624	
0	0	0	0	0	627	
1	0	0	0	0	630	
2	0	0	0	0	633	
3	0	0	0	0	633	
4	0	0	0	0	633	
5	0	0	0	0	635	
6	0	0	0	0	636	
7	0	0	0	0	636	
8	0	0	0	0	637	
9	0	0	0	0	636	
10	0	0	0	0	637	
11	0	0	0	0	640	
12	0	0	0	0	641	
13	0	0	0	0	639	
14	0	0	0	0	639	
15	0	0	0	0	639	
0	0	0	0	0	639	
1	0	0	0	0	641	
2	0	0	0	0	641	
3	0	0	0	0	641	
4	0	0	0	0	641	
5	0	0	0	0	641	
6	0	0	0	0	641	
7	0	0	0	0	641	
8	0	0	0	0	639	
9	0	0	0	0	635	
10	0	0	0	0	633	
11	0	0	0	0	636	
12	0	0	0	0	638	
13	0	0	0	0	638	
14	0	0	0	0	638	
15	0	0	0	0	637	
0	0	0	0	0	636	
1	0	0	0	0	635	
2	0	0	0	0	635	
3	0	0	0	0	633	
4	0	0	0	0	633	
5	0	0	0	0	633	
6	0	0	0	0	632	
7	0	0	0	0	632	
8	0	0	0	0	630	
9	0	0	0	0	627	
10	0	0	0	0	625	
11	0	0	0	0	624	
12	0	0	0	0	625	
13	0	0	0	0	625	
14	0	0	0	0	623	
15	0	0	0	0	621	
0	0	0	0	0	620	
1	0	0	0	0	619	
2	0	0	0	0	618	
3	0	0	0	0	615	
4	0	0	0	0	615	
5	0	0	0	0	614	
6	0	0	0	0	612	
7	0	0	0	0	610	
8	0	0	0	0	609	
9	0	0	0	0	609	
10	0	0	0	0	608	
11	0	0	0	0	607	
12	0	0	0	0	606	
13	0	0	0	0	605	
14	0	0	0	0	606	
15	0	0	0	0	606	
0	0	0	0	0	604	
1	0	0	0	0	599	
2	0	0	0	0	597	
3	0	0	0	0	596	
4	0	0	0	0	593	
5	0	0	0	0	590	
6	0	0	0	0	592	
7	0	0	0	0	593	
8	0	0	0	0	591	
9	0	0	0	0	590	
10	0	0	0	0	587	
11	0	0	0	0	584	
12	0	0	0	0	585	
13	0	0	0	0	585	
14	0	0	0	0	587	
15	0	0	0	0	585	
0	0	0	0	0	585	
1	0	0	0	0	582	
2	0	0	0	0	581	
3	0	0	0	0	580	
4	0	0	0	0	577	
5	0	0	0	0	574	
6	0	0	0	0	572	
7	0	0	0	0	571	
8	0	0	0	0	571	
9	0	0	0	0	573	
10	0	0	0	0	575	
11	0	0	0	0	573	
12	0	0	0	0	571	
13	0	0	0	0	568	
14	0	0	0	0	569	
15	0	0	0	0	568	
0	0	0	0	0	565	
1	0	0	0	0	565	
2	0	0	0	0	563	
3	0	0	0	0	561	
4	0	0	0	0	558	
5	0	0	0	0	555	
6	0	0	0	0	555	
7	0	0	0	0	556	
8	0	0	0	0	556	
9	0	0	0	0	555	
10	0	0	0	0	554	
11	0	0	0	0	553	
12	0	0	0	0	554	
13	0	0	0	0	554	
14	0	0	0	0	553	
15	0	0	0	0	549	
0	0	0	0	0	545	
1	0	0	0	0	543	
2	0	0	0	0	541	
3	0	0	0	0	532	
4	0	0	0	0	520	
5	0	0	0	0	505	
6	0	0	0	0	489	
7	0	0	0	0	472	
8	0	0	0	0	456	
9	0	0	0	0	442	
10	0	0	0	0	429	
11	0	0	0	0	417	
12	0	0	0	0	406	
13	0	0	0	0	395	
14	0	0	0	0	385	
15	0	0	0	0	378	
0	0	0	0	0	373	
1	0	0	0	0	368	
2	0	0	0	0	363	
3	0	0	0	0	356	
4	0	0	0	0	348	
5	0	0	0	0	341	
6	0	0	0	0	337	
7	0	0	0	0	334	
8	0	0	0	0	331	
9	0	0	0	0	328	
10	0	0	0	0	325	
11	0	0	0	0	322	
12	0	0	0	0	321	
13	0	0	0	0	321	
14	0	0	0	0	319	
15	0	0	0	0	316	
0	0	0	0	0	315	
1	0	0	0	0	315	
2	0	0	0	0	312	
3	0	0	0	0	311	
4	0	0	0	0	310	
5	0	0	0	0	309	
6	0	0	0	0	308	
7	0	0	0	0	306	
8	0	0	0	0	306	
9	0	0	0	0	307	
10	0	0	0	0	308	
11	0	0	0	0	310	
12	0	0	0	0	311	
13	0	0	0	0	312	
14	0	0	0	0	311	
15	0	0	0	0	310	
0	0	0	0	0	311	
1	0	0	0	0	311	
2	0	0	0	0	311	
3	0	0	0	0	312	
4	0	0	0	0	313	
5	0	0	0	0	315	
6	0	0	0	0	318	
7	0	0	0	0	319	
8	0	0	0	0	318	
9	0	0	0	0	316	
10	0	0	0	0	313	
11	0	0	0	0	310	
12	0	0	0	0	312	
13	0	0	0	0	313	
14	0	0	0	0	319	
15	0	0	0	0	322	
0	0	0	0	0	325	
1	0	0	0	0	327	
2	0	0	0	0	329	
3	0	0	0	0	331	
4	0	0	0	0	332	
5	0	0	0	0	334	
6	0	0	0	0	334	
7	0	0	0	0	335	
8	0	0	0	0	337	
9	0	0	0	0	339	
10	0	0	0	0	340	
11	0	0	0	0	341	
12	0	0	0	0	343	
13	0	0	0	0	346	
14	0	0	0	0	348	
15	0	0	0	0	350	
0	0	0	0	0	352	
1	0	0	0	0	352	
2	0	0	0	0	353	
3	0	0	0	0	355	
4	0	0	0	0	355	
5	0	0	0	0	354	
6	0	0	0	0	358	
7	0	0	0	0	362	
8	0	0	0	0	365	
9	0	0	0	0	367	
10	0	0	0	0	367	
11	0	0	0	0	368	
12	0	0	0	0	369	
13	0	0	0	0	371	
14	0	0	0	0	374	
15	0	0	0	0	375	
0	0	0	0	0	377	
1	0	0	0	0	380	
2	0	0	0	0	380	
3	0	0	0	0	379	
4	0	0	0	0	377	
5	0	0	0	0	378	
6	0	0	0	0	380	
7	0	0	0	0	380	
8	0	0	0	0	380	
9	0	0	0	0	381	
10	0	0	0	0	383	
11	0	0	0	0	384	
12	0	0	0	0	386	
13	0	0	0	0	387	
14	0	0	0	0	387	
15	0	0	0	0	385	
0	0	0	0	0	387	
1	0	0	0	0	386	
2	0	0	0	0	384	
3	0	0	0	0	383	
4	0	0	0	0	383	
5	0	0	0	0	384	
6	0	0	0	0	387	
7	0	0	0	0	390	
8	0	0	0	0	391	
9	0	0	0	0	394	
10	0	0	0	0	399	
11	0	0	0	0	406	
12	0	0	0	0	412	
13	0	0	0	0	416	
14	0	0	0	0	421	
15	0	0	0	0	427	
0	0	0	0	0	434	
1	0	0	0	0	444	
2	0	0	0	0	456	
3	0	0	0	0	466	
4	0	0	0	0	476	
5	0	0	0	0	489	
6	0	0	0	0	503	
7	0	0	0	0	514	
8	0	0	0	0	528	
9	0	0	0	0	544	
10	0	0	0	0	558	
11	0	0	0	0	572	
12	0	0	0	0	582	
13	0	0	0	0	593	
14	0	0	0	0	604	
15	0	0	0	0	615	
0	0	0	0	0	623	
1	0	0	0	0	625	
2	0	0	0	0	623	
3	0	0	0	0	619	
4	0	0	0	0	612	
5	0	0	0	0	604	
6	0	0	0	0	591	
7	0	0	0	0	578	
8	0	0	0	0	566	
9	0	0	0	0	552	
10	0	0	0	0	537	
11	0	0	0	0	519	
12	0	0	0	0	503	
13	0	0	0	0	487	
14	0	0	0	0	472	
15	0	0	0	0	458	
0	0	0	0	0	445	
1	0	0	0	0	434	
2	0	0	0	0	425	
3	0	0	0	0	416	
4	0	0	0	0	407	
5	0	0	0	0	401	
6	0	0	0	0	397	
7	0	0	0	0	396	
8	0	0	0	0	396	
9	0	0	0	0	397	
10	0	0	0	0	399	
11	0	0	0	0	401	
12	0	0	0	0	405	
13	0	0	0	0	408	
14	0	0	0	0	411	
15	0	0	0	0	415	
0	0	0	0	0	419	
1	0	0	0	0	420	
2	0	0	0	0	422	
3	0	0	0	0	422	
4	0	0	0	0	424	
5	0	0	0	0	426	
6	0	0	0	0	427	
7	0	0	0	0	424	
8	0	0	0	0	424	
9	0	0	0	0	426	
10	0	0	0	0	425	
11	0	0	0	0	423	
12	0	0	0	0	426	
13	0	0	0	0	427	
14	0	0	0	0	424	
15	0	0	0	0	420	
0	0	0	0	0	419	
1	0	0	0	0	418	
2	0	0	0	0	415	
3	0	0	0	0	412	
4	0	0	0	0	405	
5	0	0	0	0	400	
6	0	0	0	0	399	
7	0	0	0	0	396	
8	0	0	0	0	390	
9	0	0	0	0	388	
10	0	0	0	0	387	
11	0	0	0	0	384	
12	0	0	0	0	381	
13	0	0	0	0	380	
14	0	0	0	0	379	
15	0	0	0	0	375	
0	0	0	0	0	372	
1	0	0	0	0	373	
2	0	0	0	0	375	
3	0	0	0	0	373	
4	0	0	0	0	371	
5	0	0	0	0	369	
6	0	0	0	0	368	
7	0	0	0	0	366	
8	0	0	0	0	362	
9	0	0	0	0	361	
10	0	0	0	0	361	
11	0	0	0	0	360	
12	0	0	0	0	361	
13	0	0	0	0	361	
14	0	0	0	0	359	
15	0	0	0	0	359	
0	0	0	0	0	361	
1	0	0	0	0	362	
2	0	0	0	0	360	
3	0	0	0	0	361	
4	0	0	0	0	362	
5	0	0	0	0	362	
6	0	0	0	0	359	
7	0	0	0	0	359	
8	0	0	0	0	362	
9	0	0	0	0	366	
10	0	0	0	0	369	
11	0	0	0	0	371	
12	0	0	0	0	373	
13	0	0	0	0	375	
14	0	0	0	0	376	
15	0	0	0	0	376	
0	0	0	0	0	377	
1	0	0	0	0	378	
2	0	0	0	0	379	
3	0	0	0	0	379	
4	0	0	0	0	380	
5	0	0	0	0	380	
6	0	0	0	0	381	
7	0	0	0	0	384	
8	0	0	0	0	387	
9	0	0	0	0	388	
10	0	0	0	0	389	
11	0	0	0	0	391	
12	0	0	0	0	393	
13	0	0	0	0	394	
14	0	0	0	0	395	
15	0	0	0	0	395	
0	0	0	0	0	394	
1	0	0	0	0	396	
2	0	0	0	0	397	
3	0	0	0	0	397	
4	0	0	0	0	400	
5	0	0	0	0	401	
6	0	0	0	0	403	
7	0	0	0	0	406	
8	0	0	0	0	407	
9	0	0	0	0	408	
10	0	0	0	0	408	
11	0	0	0	0	409	
12	0	0	0	0	410	
13	0	0	0	0	411	
14	0	0	0	0	415	
15	0	0	0	0	419	
0	0	0	0	0	422	
1	0	0	0	0	423	
2	0	0	0	0	424	
3	0	0	0	0	425	
4	0	0	0	0	427	
5	0	0	0	0	428	
6	0	0	0	0	431	
7	0	0	0	0	435	
8	0	0	0	0	436	
9	0	0	0	0	435	
10	0	0	0	0	434	
11	0	0	0	0	436	
12	0	0	0	0	439	
13	0	0	0	0	442	
14	0	0	0	0	443	
15	0	0	0	0	442	
0	0	0	0	0	443	
1	0	0	0	0	445	
2	0	0	0	0	448	
3	0	0	0	0	451	
4	0	0	0	0	454	
5	0	0	0	0	455	
6	0	0	0	0	455	
7	0	0	0	0	457	
8	0	0	0	0	458	
9	0	0	0	0	459	
10	0	0	0	0	460	
11	0	0	0	0	462	
12	0	0	0	0	465	
13	0	0	0	0	468	
14	0	0	0	0	471	
15	0	0	0	0	471	
0	0	0	0	0	472	
1	0	0	0	0	474	
2	0	0	0	0	476	
3	0	0	0	0	474	
4	0	0	0	0	472	
5	0	0	0	0	475	
6	0	0	0	0	479	
7	0	0	0	0	479	
8	0	0	0	0	478	
9	0	0	0	0	480	
10	0	0	0	0	480	
11	0	0	0	0	482	
12	0	0	0	0	483	
13	0	0	0	0	483	
14	0	0	0	0	486	
15	0	0	0	0	487	
0	0	0	0	0	488	
1	0	0	0	0	489	
2	0	0	0	0	490	
3	0	0	0	0	493	
4	0	0	0	0	495	
5	0	0	0	0	496	
6	0	0	0	0	499	
7	0	0	0	0	499	
8	0	0	0	0	497	
9	0	0	0	0	497	
10	0	0	0	0	499	
11	0	0	0	0	500	
12	0	0	0	0	502	
13	0	0	0	0	504	
14	0	0	0	0	506	
15	0	0	0	0	508	
0	0	0	0	0	511	
1	0	0	0	0	511	
2	0	0	0	0	512	
3	0	0	0	0	511	
4	0	0	0	0	513	
5	0	0	0	0	516	
6	0	0	0	0	516	
7	0	0	0	0	515	
8	0	0	0	0	515	
9	0	0	0	0	517	
10	0	0	0	0	519	
11	0	0	0	0	521	
12	0	0	0	0	521	
13	0	0	0	0	524	
14	0	0	0	0	525	
15	0	0	0	0	527	
0	0	0	0	0	529	
1	0	0	0	0	531	
2	0	0	0	0	532	
3	0	0	0	0	532	
4	0	0	0	0	531	
5	0	0	0	0	534	
6	0	0	0	0	535	
7	0	0	0	0	536	
8	0	0	0	0	534	
9	0	0	0	0	536	
10	0	0	0	0	540	
11	0	0	0	0	541	
12	0	0	0	0	542	
13	0	0	0	0	543	
14	0	0	0	0	543	
15	0	0	0	0	543	
0	0	0	0	0	543	
1	0	0	0	0	543	
2	0	0	0	0	543	
3	0	0	0	0	545	
4	0	0	0	0	547	
5	0	0	0	0	548	
6	0	0	0	0	550	
7	0	0	0	0	552	
8	0	0	0	0	553	
9	0	0	0	0	553	
10	0	0	0	0	552	
11	0	0	0	0	553	
12	0	0	0	0	556	
13	0	0	0	0	557	
14	0	0	0	0	555	
15	0	0	0	0	551	
0	0	0	0	0	553	
1	0	0	0	0	557	
2	0	0	0	0	559	
3	0	0	0	0	560	
4	0	0	0	0	562	
5	0	0	0	0	563	
6	0	0	0	0	566	
7	0	0	0	0	568	
8	0	0	0	0	568	
9	0	0	0	0	568	
10	0	0	0	0	566	
11	0	0	0	0	564	
12	0	0	0	0	562	
13	0	0	0	0	561	
14	0	0	0	0	561	
15	0	0	0	0	562	
0	0	0	0	0	563	
1	0	0	0	0	563	
2	0	0	0	0	566	
3	0	0	0	0	567	
4	0	0	0	0	567	
5	0	0	0	0	567	
6	0	0	0	0	566	
7	0	0	0	0	566	
8	0	0	0	0	566	
9	0	0	0	0	565	
10	0	0	0	0	562	
11	0	0	0	0	559	
12	0	0	0	0	558	
13	0	0	0	0	558	
14	0	0	0	0	559	
15	0	0	0	0	558	
0	0	0	0	0	555	
1	0	0	0	0	553	
2	0	0	0	0	553	
3	0	0	0	0	551	
4	0	0	0	0	551	
5	0	0	0	0	549	
6	0	0	0	0	547	
7	0	0	0	0	547	
8	0	0	0	0	546	
9	0	0	0	0	546	
10	0	0	0	0	546	
11	0	0	0	0	544	
12	0	0	0	0	542	
13	0	0	0	0	539	
14	0	0	0	0	540	
15	0	0	0	0	542	
0	0	0	0	0	541	
1	0	0	0	0	540	
2	0	0	0	0	540	
3	0	0	0	0	539	
4	0	0	0	0	537	
5	0	0	0	0	537	
6	0	0	0	0	533	
7	0	0	0	0	531	
8	0	0	0	0	532	
9	0	0	0	0	533	
10	0	0	0	0	532	
11	0	0	0	0	529	
12	0	0	0	0	527	
13	0	0	0	0	528	
14	0	0	0	0	528	
15	0	0	0	0	525	
0	0	0	0	0	522	
1	0	0	0	0	520	
2	0	0	0	0	518	
3	0	0	0	0	518	
4	0	0	0	0	519	
5	0	0	0	0	520	
6	0	0	0	0	522	
7	0	0	0	0	523	
8	0	0	0	0	523	
9	0	0	0	0	524	
10	0	0	0	0	523	
11	0	0	0	0	522	
12	0	0	0	0	521	
13	0	0	0	0	519	
14	0	0	0	0	516	
15	0	0	0	0	516	
0	0	0	0	0	518	
1	0	0	0	0	520	
2	0	0	0	0	519	
3	0	0	0	0	518	
4	0	0	0	0	517	
5	0	0	0	0	515	
6	0	0	0	0	515	
7	0	0	0	0	517	
8	0	0	0	0	519	
9	0	0	0	0	518	
10	0	0	0	0	516	
11	0	0	0	0	515	
12	0	0	0	0	512	
13	0	0	0	0	510	
14	0	0	0	0	512	
15	0	0	0	0	515	
0	0	0	0	0	514	
1	0	0	0	0	513	
2	0	0	0	0	511	
3	0	0	0	0	512	
4	0	0	0	0	516	
5	0	0	0	0	518	
6	0	0	0	0	517	
7	0	0	0	0	515	
8	0	0	0	0	517	
9	0	0	0	0	522	
10	0	0	0	0	523	
11	0	0	0	0	522	
12	0	0	0	0	519	
13	0	0	0	0	518	
14	0	0	0	0	518	
15	0	0	0	0	519	
0	0	0	0	0	519	
1	0	0	0	0	519	
2	0	0	0	0	518	
3	0	0	0	0	517	
4	0	0	0	0	515	
5	0	0	0	0	514	
6	0	0	0	0	513	
7	0	0	0	0	511	
8	0	0	0	0	505	
9	0	0	0	0	508	
10	0	0	0	0	511	
11	0	0	0	0	514	
12	0	0	0	0	515	
13	0	0	0	0	515	
14	0	0	0	0	515	
15	0	0	0	0	514	
0	0	0	0	0	515	
1	0	0	0	0	513	
2	0	0	0	0	512	
3	0	0	0	0	514	
4	0	0	0	0	517	
5	0	0	0	0	519	
6	0	0	0	0	519	
7	0	0	0	0	518	
8	0	0	0	0	520	
9	0	0	0	0	520	
10	0	0	0	0	520	
11	0	0	0	0	521	
12	0	0	0	0	524	
13	0	0	0	0	525	
14	0	0	0	0	524	
15	0	0	0	0	520	
0	0	0	0	0	518	
1	0	0	0	0	519	
2	0	0	0	0	519	
3	0	0	0	0	519	
4	0	0	0	0	520	
5	0	0	0	0	519	
6	0	0	0	0	516	
7	0	0	0	0	517	
8	0	0	0	0	519	
9	0	0	0	0	521	
10	0	0	0	0	521	
11	0	0	0	0	519	
12	0	0	0	0	519	
13	0	0	0	0	519	
14	0	0	0	0	519	
15	0	0	0	0	520	
0	0	0	0	0	520	
1	0	0	0	0	519	
2	0	0	0	0	517	
3	0	0	0	0	519	
4	0	0	0	0	520	
5	0	0	0	0	521	
6	0	0	0	0	520	
7	0	0	0	0	519	
8	0	0	0	0	519	
9	0	0	0	0	521	
10	0	0	0	0	519	
11	0	0	0	0	520	
12	0	0	0	0	521	
13	0	0	0	0	521	
14	0	0	0	0	521	
15	0	0	0	0	523	
0	0	0	0	0	525	
1	0	0	0	0	527	
2	0	0	0	0	529	
3	0	0	0	0	528	
4	0	0	0	0	526	
5	0	0	0	0	523	
6	0	0	0	0	519	
7	0	0	0	0	519	
8	0	0	0	0	524	
9	0	0	0	0	527	
10	0	0	0	0	527	
11	0	0	0	0	526	
12	0	0	0	0	526	
13	0	0	0	0	524	
14	0	0	0	0	523	
15	0	0	0	0	525	
0	0	0	0	0	527	
1	0	0	0	0	528	
2	0	0	0	0	529	
3	0	0	0	0	528	
4	0	0	0	0	528	
5	0	0	0	0	526	
6	0	0	0	0	523	
7	0	0	0	0	522	
8	0	0	0	0	523	
9	0	0	0	0	524	
10	0	0	0	0	526	
11	0	0	0	0	527	
12	0	0	0	0	526	
13	0	0	0	0	524	
14	0	0	0	0	526	
15	0	0	0	0	529	
0	0	0	0	0	529	
1	0	0	0	0	527	
2	0	0	0	0	527	
3	0	0	0	0	526	
4	0	0	0	0	520	
5	0	0	0	0	515	
6	0	0	0	0	519	
7	0	0	0	0	522	
8	0	0	0	0	523	
9	0	0	0	0	526	
10	0	0	0	0	530	
11	0	0	0	0	529	
12	0	0	0	0	528	
13	0	0	0	0	528	
14	0	0	0	0	526	
15	0	0	0	0	527	
0	0	0	0	0	527	
1	0	0	0	0	526	
2	0	0	0	0	527	
3	0	0	0	0	526	
4	0	0	0	0	525	
5	0	0	0	0	526	
6	0	0	0	0	526	
7	0	0	0	0	527	
8	0	0	0	0	525	
9	0	0	0	0	524	
10	0	0	0	0	523	
11	0	0	0	0	523	
12	0	0	0	0	522	
13	0	0	0	0	520	
14	0	0	0	0	522	
15	0	0	0	0	523	
0	0	0	0	0	521	
1	0	0	0	0	517	
2	0	0	0	0	517	
3	0	0	0	0	520	
4	0	0	0	0	524	
5	0	0	0	0	525	
6	0	0	0	0	526	
7	0	0	0	0	522	
8	0	0	0	0	519	
9	0	0	0	0	519	
10	0	0	0	0	520	
11	0	0	0	0	523	
12	0	0	0	0	526	
13	0	0	0	0	526	
14	0	0	0	0	525	
15	0	0	0	0	521	
0	0	0	0	0	524	
1	0	0	0	0	527	
2	0	0	0	0	528	
3	0	0	0	0	527	
4	0	0	0	0	526	
5	0	0	0	0	524	
6	0	0	0	0	523	
7	0	0	0	0	523	
8	0	0	0	0	522	
9	0	0	0	0	523	
10	0	0	0	0	523	
11	0	0	0	0	522	
12	0	0	0	0	523	
13	0	0	0	0	524	
14	0	0	0	0	523	
15	0	0	0	0	523	
0	0	0	0	0	525	
1	0	0	0	0	527	
2	0	0	0	0	529	
3	0	0	0	0	528	
4	0	0	0	0	527	
5	0	0	0	0	526	
6	0	0	0	0	527	
7	0	0	0	0	527	
8	0	0	0	0	527	
9	0	0	0	0	526	
10	0	0	0	0	523	
11	0	0	0	0	520	
12	0	0	0	0	521	
13	0	0	0	0	521	
14	0	0	0	0	521	
15	0	0	0	0	521	
0	0	0	0	0	523	
1	0	0	0	0	524	
2	0	0	0	0	526	
3	0	0	0	0	529	
4	0	0	0	0	530	
5	0	0	0	0	531	
6	0	0	0	0	529	
7	0	0	0	0	525	
8	0	0	0	0	523	
9	0	0	0	0	525	
10	0	0	0	0	527	
11	0	0	0	0	526	
12	0	0	0	0	525	
13	0	0	0	0	525	
14	0	0	0	0	526	
15	0	0	0	0	524	
0	0	0	0	0	526	
1	0	0	0	0	526	
2	0	0	0	0	528	
3	0	0	0	0	529	
4	0	0	0	0	529	
5	0	0	0	0	527	
6	0	0	0	0	527	
7	0	0	0	0	525	
8	0	0	0	0	521	
9	0	0	0	0	519	
10	0	0	0	0	521	
11	0	0	0	0	525	
12	0	0	0	0	526	
13	0	0	0	0	526	
14	0	0	0	0	526	
15	0	0	0	0	526	
0	0	0	0	0	524	
1	0	0	0	0	521	
2	0	0	0	0	521	
3	0	0	0	0	521	
4	0	0	0	0	520	
5	0	0	0	0	521	
6	0	0	0	0	525	
7	0	0	0	0	528	
8	0	0	0	0	527	
9	0	0	0	0	524	
10	0	0	0	0	524	
11	0	0	0	0	527	
12	0	0	0	0	526	
13	0	0	0	0	525	
14	0	0	0	0	524	
15	0	0	0	0	524	
0	0	0	0	0	524	
1	0	0	0	0	525	
2	0	0	0	0	524	
3	0	0	0	0	523	
4	0	0	0	0	521	
5	0	0	0	0	524	
6	0	0	0	0	526	
7	0	0	0	0	526	
8	0	0	0	0	524	
9	0	0	0	0	521	
10	0	0	0	0	519	
11	0	0	0	0	519	
12	0	0	0	0	521	
13	0	0	0	0	523	
14	0	0	0	0	521	
15	0	0	0	0	519	
0	0	0	0	0	519	
1	0	0	0	0	523	
2	0	0	0	0	526	
3	0	0	0	0	527	
4	0	0	0	0	527	
5	0	0	0	0	526	
6	0	0	0	0	526	
7	0	0	0	0	527	
8	0	0	0	0	526	
9	0	0	0	0	526	
10	0	0	0	0	528	
11	0	0	0	0	529	
12	0	0	0	0	530	
13	0	0	0	0	527	
14	0	0	0	0	526	
15	0	0	0	0	525	
0	0	0	0	0	525	
1	0	0	0	0	525	
2	0	0	0	0	524	
3	0	0	0	0	524	
4	0	0	0	0	525	
5	0	0	0	0	524	
6	0	0	0	0	524	
7	0	0	0	0	525	
8	0	0	0	0	527	
9	0	0	0	0	527	
10	0	0	0	0	527	
11	0	0	0	0	527	
12	0	0	0	0	526	
13	0	0	0	0	524	
14	0	0	0	0	523	
15	0	0	0	0	522	
0	0	0	0	0	522	
1	0	0	0	0	522	
2	0	0	0	0	521	
3	0	0	0	0	522	
4	0	0	0	0	522	
5	0	0	0	0	523	
6	0	0	0	0	524	
7	0	0	0	0	525	
8	0	0	0	0	526	
9	0	0	0	0	527	
10	0	0	0	0	526	
11	0	0	0	0	523	
12	0	0	0	0	522	
13	0	0	0	0	524	
14	0	0	0	0	527	
15	0	0	0	0	526	
0	0	0	0	0	524	
1	0	0	0	0	526	
2	0	0	0	0	528	
3	0	0	0	0	528	
4	0	0	0	0	528	
5	0	0	0	0	526	
6	0	0	0	0	523	
7	0	0	0	0	521	
8	0	0	0	0	522	
9	0	0	0	0	522	
10	0	0	0	0	522	
11	0	0	0	0	521	
12	0	0	0	0	519	
13	0	0	0	0	519	
14	0	0	0	0	521	
15	0	0	0	0	524	
0	0	0	0	0	526	
1	0	0	0	0	528	
2	0	0	0	0	528	
3	0	0	0	0	528	
4	0	0	0	0	526	
5	0	0	0	0	524	
6	0	0	0	0	524	
7	0	0	0	0	523	
8	0	0	0	0	524	
9	0	0	0	0	524	
10	0	0	0	0	524	
11	0	0	0	0	524	
12	0	0	0	0	526	
13	0	0	0	0	527	
14	0	0	0	0	527	
15	0	0	0	0	527	
0	0	0	0	0	527	
1	0	0	0	0	526	
2	0	0	0	0	523	
3	0	0	0	0	519	
4	0	0	0	0	516	
5	0	0	0	0	517	
6	0	0	0	0	519	
7	0	0	0	0	519	
8	0	0	0	0	522	
9	0	0	0	0	524	
10	0	0	0	0	521	
11	0	0	0	0	522	
12	0	0	0	0	524	
13	0	0	0	0	525	
14	0	0	0	0	526	
15	0	0	0	0	526	
0	0	0	0	0	525	
1	0	0	0	0	526	
2	0	0	0	0	524	
3	0	0	0	0	517	
4	0	0	0	0	515	
5	0	0	0	0	516	
6	0	0	0	0	517	
7	0	0	0	0	519	
8	0	0	0	0	516	
9	0	0	0	0	516	
10	0	0	0	0	512	
11	0	0	0	0	510	
12	0	0	0	0	510	
13	0	0	0	0	512	
14	0	0	0	0	512	
15	0	0	0	0	511	
0	0	0	0	0	510	
1	0	0	0	0	511	
2	0	0	0	0	511	
3	0	0	0	0	509	
4	0	0	0	0	511	
5	0	0	0	0	513	
6	0	0	0	0	513	
7	0	0	0	0	513	
8	0	0	0	0	513	
9	0	0	0	0	512	
10	0	0	0	0	512	
11	0	0	0	0	511	
12	0	0	0	0	511	
13	0	0	0	0	511	
14	0	0	0	0	510	
15	0	0	0	0	512	
0	0	0	0	0	512	
1	0	0	0	0	512	
2	0	0	0	0	508	
3	0	0	0	0	508	
4	0	0	0	0	510	
5	0	0	0	0	511	
6	0	0	0	0	510	
7	0	0	0	0	509	
8	0	0	0	0	507	
9	0	0	0	0	507	
10	0	0	0	0	507	
11	0	0	0	0	508	
12	0	0	0	0	509	
13	0	0	0	0	510	
14	0	0	0	0	510	
15	0	0	0	0	512	
0	0	0	0	0	513	
1	0	0	0	0	512	
2	0	0	0	0	509	
3	0	0	0	0	508	
4	0	0	0	0	510	
5	0	0	0	0	513	
6	0	0	0	0	514	
7	0	0	0	0	512	
8	0	0	0	0	513	
9	0	0	0	0	513	
10	0	0	0	0	512	
11	0	0	0	0	512	
12	0	0	0	0	514	
13	0	0	0	0	513	
14	0	0	0	0	514	
15	0	0	0	0	513	
0	0	0	0	0	514	
1	0	0	0	0	515	
2	0	0	0	0	515	
3	0	0	0	0	518	
4	0	0	0	0	519	
5	0	0	0	0	519	
6	0	0	0	0	519	
7	0	0	0	0	520	
8	0	0	0	0	520	
9	0	0	0	0	520	
10	0	0	0	0	519	
11	0	0	0	0	519	
12	0	0	0	0	518	
13	0	0	0	0	516	
14	0	0	0	0	516	
15	0	0	0	0	516	
0	0	0	0	0	515	
1	0	0	0	0	515	
2	0	0	0	0	514	
3	0	0	0	0	515	
4	0	0	0	0	516	
5	0	0	0	0	516	
6	0	0	0	0	515	
7	0	0	0	0	514	
8	0	0	0	0	514	
9	0	0	0	0	518	
10	0	0	0	0	520	
11	0	0	0	0	519	
12	0	0	0	0	516	
13	0	0	0	0	517	
14	0	0	0	0	518	
15	0	0	0	0	520	
0	0	0	0	0	522	
1	0	0	0	0	522	
2	0	0	0	0	521	
3	0	0	0	0	523	
4	0	0	0	0	524	
5	0	0	0	0	523	
6	0	0	0	0	519	
7	0	0	0	0	517	
8	0	0	0	0	517	
9	0	0	0	0	518	
10	0	0	0	0	515	
11	0	0	0	0	512	
12	0	0	0	0	515	
13	0	0	0	0	519	
14	0	0	0	0	524	
15	0	0	0	0	523	
0	0	0	0	0	520	
1	0	0	0	0	519	
2	0	0	0	0	519	
3	0	0	0	0	519	
4	0	0	0	0	519	
5	0	0	0	0	519	
6	0	0	0	0	517	
7	0	0	0	0	514	
8	0	0	0	0	515	
9	0	0	0	0	515	
10	0	0	0	0	512	
11	0	0	0	0	511	
12	0	0	0	0	513	
13	0	0	0	0	517	
14	0	0	0	0	518	
15	0	0	0	0	519	
0	0	0	0	0	519	
1	0	0	0	0	518	
2	0	0	0	0	518	
3	0	0	0	0	521	
4	0	0	0	0	522	
5	0	0	0	0	522	
6	0	0	0	0	521	
7	0	0	0	0	520	
8	0	0	0	0	520	
9	0	0	0	0	518	
10	0	0	0	0	513	
11	0	0	0	0	512	
12	0	0	0	0	512	
13	0	0	0	0	512	
14	0	0	0	0	511	
15	0	0	0	0	514	
0	0	0	0	0	518	
1	0	0	0	0	519	
2	0	0	0	0	518	
3	0	0	0	0	521	
4	0	0	0	0	524	
5	0	0	0	0	522	
6	0	0	0	0	523	
7	0	0	0	0	520	
8	0	0	0	0	520	
9	0	0	0	0	520	
10	0	0	0	0	521	
11	0	0	0	0	521	
12	0	0	0	0	522	
13	0	0	0	0	524	
14	0	0	0	0	526	
15	0	0	0	0	527	
0	0	0	0	0	525	
1	0	0	0	0	521	
2	0	0	0	0	520	
3	0	0	0	0	519	
4	0	0	0	0	517	
5	0	0	0	0	516	
6	0	0	0	0	513	
7	0	0	0	0	513	
8	0	0	0	0	515	
9	0	0	0	0	517	
10	0	0	0	0	518	
11	0	0	0	0	519	
12	0	0	0	0	521	
13	0	0	0	0	521	
14	0	0	0	0	521	
15	0	0	0	0	522	
0	0	0	0	0	523	
1	0	0	0	0	524	
2	0	0	0	0	524	
3	0	0	0	0	524	
4	0	0	0	0	524	
5	0	0	0	0	525	
6	0	0	0	0	524	
7	0	0	0	0	523	
8	0	0	0	0	519	
9	0	0	0	0	519	
10	0	0	0	0	521	
11	0	0	0	0	521	
12	0	0	0	0	521	
13	0	0	0	0	521	
14	0	0	0	0	521	
15	0	0	0	0	521	
0	0	0	0	0	522	
1	0	0	0	0	523	
2	0	0	0	0	523	
3	0	0	0	0	520	
4	0	0	0	0	518	
5	0	0	0	0	520	
6	0	0	0	0	523	
7	0	0	0	0	524	
8	0	0	0	0	524	
9	0	0	0	0	525	
10	0	0	0	0	526	
11	0	0	0	0	527	
12	0	0	0	0	526	
13	0	0	0	0	524	
14	0	0	0	0	524	
15	0	0	0	0	525	
0	0	0	0	0	526	
1	0	0	0	0	526	
2	0	0	0	0	525	
3	0	0	0	0	524	
4	0	0	0	0	523	
5	0	0	0	0	523	
6	0	0	0	0	524	
7	0	0	0	0	523	
8	0	0	0	0	523	
9	0	0	0	0	526	
10	0	0	0	0	525	
11	0	0	0	0	523	
12	0	0	0	0	524	
13	0	0	0	0	526	
14	0	0	0	0	527	
15	0	0	0	0	527	
0	0	0	0	0	528	
1	0	0	0	0	529	
2	0	0	0	0	532	
3	0	0	0	0	531	
4	0	0	0	0	528	
5	0	0	0	0	526	
6	0	0	0	0	524	
7	0	0	0	0	521	
8	0	0	0	0	524	
9	0	0	0	0	527	
10	0	0	0	0	528	
11	0	0	0	0	528	
12	0	0	0	0	526	
13	0	0	0	0	527	
14	0	0	0	0	530	
15	0	0	0	0	532	
0	0	0	0	0	533	
1	0	0	0	0	531	
2	0	0	0	0	529	
3	0	0	0	0	528	
4	0	0	0	0	526	
5	0	0	0	0	525	
6	0	0	0	0	522	
7	0	0	0	0	520	
8	0	0	0	0	518	
9	0	0	0	0	515	
10	0	0	0	0	518	
11	0	0	0	0	524	
12	0	0	0	0	526	
13	0	0	0	0	526	
14	0	0	0	0	524	
15	0	0	0	0	523	
0	0	0	0	0	520	
1	0	0	0	0	519	
2	0	0	0	0	518	
3	0	0	0	0	518	
4	0	0	0	0	521	
5	0	0	0	0	522	
6	0	0	0	0	519	
7	0	0	0	0	519	
8	0	0	0	0	519	
9	0	0	0	0	520	
10	0	0	0	0	518	
11	0	0	0	0	518	
12	0	0	0	0	516	
13	0	0	0	0	514	
14	0	0	0	0	513	
15	0	0	0	0	514	
0	0	0	0	0	513	
1	0	0	0	0	515	
2	0	0	0	0	515	
3	0	0	0	0	516	
4	0	0	0	0	516	
5	0	0	0	0	515	
6	0	0	0	0	516	
7	0	0	0	0	516	
8	0	0	0	0	515	
9	0	0	0	0	513	
10	0	0	0	0	514	
11	0	0	0	0	515	
12	0	0	0	0	515	
13	0	0	0	0	514	
14	0	0	0	0	511	
15	0	0	0	0	510	
0	0	0	0	0	513	
1	0	0	0	0	519	
2	0	0	0	0	519	
3	0	0	0	0	519	
4	0	0	0	0	519	
5	0	0	0	0	520	
6	0	0	0	0	519	
7	0	0	0	0	517	
8	0	0	0	0	516	
9	0	0	0	0	515	
10	0	0	0	0	514	
11	0	0	0	0	514	
12	0	0	0	0	515	
13	0	0	0	0	513	
14	0	0	0	0	515	
15	0	0	0	0	516	
0	0	0	0	0	517	
1	0	0	0	0	516	
2	0	0	0	0	515	
3	0	0	0	0	512	
4	0	0	0	0	509	
5	0	0	0	0	507	
6	0	0	0	0	509	
7	0	0	0	0	509	
8	0	0	0	0	509	
9	0	0	0	0	508	
10	0	0	0	0	509	
11	0	0	0	0	513	
12	0	0	0	0	516	
13	0	0	0	0	517	
14	0	0	0	0	514	
15	0	0	0	0	509	
0	0	0	0	0	508	
1	0	0	0	0	508	
2	0	0	0	0	507	
3	0	0	0	0	504	
4	0	0	0	0	499	
5	0	0	0	0	496	
6	0	0	0	0	493	
7	0	0	0	0	492	
8	0	0	0	0	491	
9	0	0	0	0	491	
10	0	0	0	0	492	
11	0	0	0	0	494	
12	0	0	0	0	494	
13	0	0	0	0	492	
14	0	0	0	0	492	
15	0	0	0	0	495	
0	0	0	0	0	498	
1	0	0	0	0	502	
2	0	0	0	0	507	
3	0	0	0	0	510	
4	0	0	0	0	514	
5	0	0	0	0	519	
6	0	0	0	0	526	
7	0	0	0	0	533	
8	0	0	0	0	541	
9	0	0	0	0	551	
10	0	0	0	0	561	
11	0	0	0	0	569	
12	0	0	0	0	579	
13	0	0	0	0	591	
14	0	0	0	0	603	
15	0	0	0	0	615	
0	0	0	0	0	626	
1	0	0	0	0	635	
2	0	0	0	0	646	
3	0	0	0	0	660	
4	0	0	0	0	676	
5	0	0	0	0	688	
6	0	0	0	0	699	
7	0	0	0	0	707	
8	0	0	0	0	713	
9	0	0	0	0	713	
10	0	0	0	0	707	
11	0	0	0	0	697	
12	0	0	0	0	683	
13	0	0	0	0	669	
14	0	0	0	0	660	
15	0	0	0	0	649	
0	0	0	0	0	636	
1	0	0	0	0	618	
2	0	0	0	0	596	
3	0	0	0	0	577	
4	0	0	0	0	561	
5	0	0	0	0	551	
6	0	0	0	0	540	
7	0	0	0	0	525	
8	0	0	0	0	512	
9	0	0	0	0	504	
10	0	0	0	0	497	
11	0	0	0	0	491	
12	0	0	0	0	485	
13	0	0	0	0	479	
14	0	0	0	0	478	
15	0	0	0	0	478	
0	0	0	0	0	480	
1	0	0	0	0	479	
2	0	0	0	0	480	
3	0	0	0	0	482	
4	0	0	0	0	482	
5	0	0	0	0	483	
6	0	0	0	0	487	
7	0	0	0	0	493	
8	0	0	0	0	499	
9	0	0	0	0	503	
10	0	0	0	0	503	
11	0	0	0	0	502	
12	0	0	0	0	499	
13	0	0	0	0	502	
14	0	0	0	0	506	
15	0	0	0	0	510	
0	0	0	0	0	509	
1	0	0	0	0	505	
2	0	0	0	0	503	
3	0	0	0	0	502	
4	0	0	0	0	496	
5	0	0	0	0	495	
6	0	0	0	0	500	
7	0	0	0	0	501	
8	0	0	0	0	500	
9	0	0	0	0	501	
10	0	0	0	0	500	
11	0	0	0	0	501	
12	0	0	0	0	504	
13	0	0	0	0	504	
14	0	0	0	0	503	
15	0	0	0	0	504	
0	0	0	0	0	504	
1	0	0	0	0	503	
2	0	0	0	0	503	
3	0	0	0	0	501	
4	0	0	0	0	503	
5	0	0	0	0	504	
6	0	0	0	0	506	
7	0	0	0	0	506	
8	0	0	0	0	507	
9	0	0	0	0	506	
10	0	0	0	0	503	
11	0	0	0	0	502	
12	0	0	0	0	506	
13	0	0	0	0	510	
14	0	0	0	0	510	
15	0	0	0	0	509	
0	0	0	0	0	508	
1	0	0	0	0	507	
2	0	0	0	0	505	
3	0	0	0	0	504	
4	0	0	0	0	505	
5	0	0	0	0	507	
6	0	0	0	0	509	
7	0	0	0	0	508	
8	0	0	0	0	507	
9	0	0	0	0	510	
10	0	0	0	0	512	
11	0	0	0	0	513	
12	0	0	0	0	513	
13	0	0	0	0	512	
14	0	0	0	0	513	
15	0	0	0	0	511	
0	0	0	0	0	508	
1	0	0	0	0	509	
2	0	0	0	0	512	
3	0	0	0	0	513	
4	0	0	0	0	515	
5	0	0	0	0	517	
6	0	0	0	0	518	
7	0	0	0	0	517	
8	0	0	0	0	516	
9	0	0	0	0	512	
10	0	0	0	0	513	
11	0	0	0	0	514	
12	0	0	0	0	515	
13	0	0	0	0	514	
14	0	0	0	0	513	
15	0	0	0	0	515	
0	0	0	0	0	516	
1	0	0	0	0	515	
2	0	0	0	0	515	
3	0	0	0	0	515	
4	0	0	0	0	514	
5	0	0	0	0	512	
6	0	0	0	0	512	
7	0	0	0	0	513	
8	0	0	0	0	512	
9	0	0	0	0	516	
10	0	0	0	0	517	
11	0	0	0	0	517	
12	0	0	0	0	515	
13	0	0	0	0	514	
14	0	0	0	0	513	
15	0	0	0	0	515	
0	0	0	0	0	519	
1	0	0	0	0	519	
2	0	0	0	0	519	
3	0	0	0	0	520	
4	0	0	0	0	521	
5	0	0	0	0	522	
6	0	0	0	0	519	
7	0	0	0	0	516	
8	0	0	0	0	515	
9	0	0	0	0	517	
10	0	0	0	0	519	
11	0	0	0	0	518	
12	0	0	0	0	518	
13	0	0	0	0	519	
14	0	0	0	0	518	
15	0	0	0	0	518	
0	0	0	0	0	519	
1	0	0	0	0	520	
2	0	0	0	0	522	
3	0	0	0	0	523	
4	0	0	0	0	523	
5	0	0	0	0	522	
6	0	0	0	0	521	
7	0	0	0	0	520	
8	0	0	0	0	521	
9	0	0	0	0	524	
10	0	0	0	0	524	
11	0	0	0	0	523	
12	0	0	0	0	521	
13	0	0	0	0	521	
14	0	0	0	0	524	
15	0	0	0	0	525	
0	0	0	0	0	524	
1	0	0	0	0	522	
2	0	0	0	0	521	
3	0	0	0	0	523	
4	0	0	0	0	521	
5	0	0	0	0	520	
6	0	0	0	0	523	
7	0	0	0	0	524	
8	0	0	0	0	526	
9	0	0	0	0	528	
10	0	0	0	0	529	
11	0	0	0	0	529	
12	0	0	0	0	528	
13	0	0	0	0	529	
14	0	0	0	0	529	
15	0	0	0	0	530	
0	0	0	0	0	531	
1	0	0	0	0	531	
2	0	0	0	0	530	
3	0	0	0	0	530	
4	0	0	0	0	530	
5	0	0	0	0	530	
6	0	0	0	0	530	
7	0	0	0	0	531	
8	0	0	0	0	531	
9	0	0	0	0	531	
10	0	0	0	0	532	
11	0	0	0	0	534	
12	0	0	0	0	532	
13	0	0	0	0	531	
14	0	0	0	0	530	
15	0	0	0	0	529	
0	0	0	0	0	528	
1	0	0	0	0	529	
2	0	0	0	0	529	
3	0	0	0	0	532	
4	0	0	0	0	533	
5	0	0	0	0	533	
6	0	0	0	0	534	
7	0	0	0	0	534	
8	0	0	0	0	535	
9	0	0	0	0	537	
10	0	0	0	0	536	
11	0	0	0	0	533	
12	0	0	0	0	533	
13	0	0	0	0	536	
14	0	0	0	0	539	
15	0	0	0	0	539	
0	0	0	0	0	537	
1	0	0	0	0	536	
2	0	0	0	0	535	
3	0	0	0	0	538	
4	0	0	0	0	540	
5	0	0	0	0	541	
6	0	0	0	0	541	
7	0	0	0	0	540	
8	0	0	0	0	540	
9	0	0	0	0	541	
10	0	0	0	0	540	
11	0	0	0	0	540	
12	0	0	0	0	541	
13	0	0	0	0	542	
14	0	0	0	0	541	
15	0	0	0	0	543	
0	0	0	0	0	543	
1	0	0	0	0	541	
2	0	0	0	0	541	
3	0	0	0	0	542	
4	0	0	0	0	544	
5	0	0	0	0	547	
6	0	0	0	0	549	
7	0	0	0	0	548	
8	0	0	0	0	544	
9	0	0	0	0	542	
10	0	0	0	0	543	
11	0	0	0	0	543	
12	0	0	0	0	543	
13	0	0	0	0	545	
14	0	0	0	0	547	
15	0	0	0	0	549	
0	0	0	0	0	551	
1	0	0	0	0	552	
2	0	0	0	0	551	
3	0	0	0	0	552	
4	0	0	0	0	553	
5	0	0	0	0	552	
6	0	0	0	0	552	
7	0	0	0	0	551	
8	0	0	0	0	551	
9	0	0	0	0	551	
10	0	0	0	0	551	
11	0	0	0	0	554	
12	0	0	0	0	558	
13	0	0	0	0	556	
14	0	0	0	0	555	
15	0	0	0	0	553	
0	0	0	0	0	550	
1	0	0	0	0	549	
2	0	0	0	0	548	
3	0	0	0	0	550	
4	0	0	0	0	553	
5	0	0	0	0	553	
6	0	0	0	0	550	
7	0	0	0	0	549	
8	0	0	0	0	547	
9	0	0	0	0	549	
10	0	0	0	0	554	
11	0	0	0	0	556	
12	0	0	0	0	555	
13	0	0	0	0	553	
14	0	0	0	0	554	
15	0	0	0	0	554	
0	0	0	0	0	552	
1	0	0	0	0	549	
2	0	0	0	0	549	
3	0	0	0	0	550	
4	0	0	0	0	547	
5	0	0	0	0	544	
6	0	0	0	0	544	
7	0	0	0	0	543	
8	0	0	0	0	543	
9	0	0	0	0	542	
10	0	0	0	0	538	
11	0	0	0	0	534	
12	0	0	0	0	534	
13	0	0	0	0	535	
14	0	0	0	0	536	
15	0	0	0	0	533	
0	0	0	0	0	531	
1	0	0	0	0	530	
2	0	0	0	0	530	
3	0	0	0	0	527	
4	0	0	0	0	523	
5	0	0	0	0	519	
6	0	0	0	0	518	
7	0	0	0	0	516	
8	0	0	0	0	514	
9	0	0	0	0	513	
10	0	0	0	0	513	
11	0	0	0	0	511	
12	0	0	0	0	506	
13	0	0	0	0	505	
14	0	0	0	0	507	
15	0	0	0	0	507	
0	0	0	0	0	505	
1	0	0	0	0	504	
2	0	0	0	0	501	
3	0	0	0	0	502	
4	0	0	0	0	502	
5	0	0	0	0	500	
6	0	0	0	0	499	
7	0	0	0	0	499	
8	0	0	0	0	499	
9	0	0	0	0	500	
10	0	0	0	0	497	
11	0	0	0	0	494	
12	0	0	0	0	495	
13	0	0	0	0	493	
14	0	0	0	0	489	
15	0	0	0	0	492	
0	0	0	0	0	495	
1	0	0	0	0	499	
2	0	0	0	0	496	
3	0	0	0	0	496	
4	0	0	0	0	496	
5	0	0	0	0	495	
6	0	0	0	0	495	
7	0	0	0	0	494	
8	0	0	0	0	493	
9	0	0	0	0	492	
10	0	0	0	0	494	
11	0	0	0	0	493	
12	0	0	0	0	492	
13	0	0	0	0	493	
14	0	0	0	0	492	
15	0	0	0	0	487	
0	0	0	0	0	488	
1	0	0	0	0	489	
2	0	0	0	0	490	
3	0	0	0	0	489	
4	0	0	0	0	487	
5	0	0	0	0	486	
6	0	0	0	0	488	
7	0	0	0	0	491	
8	0	0	0	0	491	
9	0	0	0	0	491	
10	0	0	0	0	492	
11	0	0	0	0	493	
12	0	0	0	0	494	
13	0	0	0	0	495	
14	0	0	0	0	497	
15	0	0	0	0	497	
0	0	0	0	0	497	
1	0	0	0	0	495	
2	0	0	0	0	490	
3	0	0	0	0	489	
4	0	0	0	0	492	
5	0	0	0	0	494	
6	0	0	0	0	496	
7	0	0	0	0	496	
8	0	0	0	0	496	
9	0	0	0	0	497	
10	0	0	0	0	499	
11	0	0	0	0	499	
12	0	0	0	0	499	
13	0	0	0	0	501	
14	0	0	0	0	503	
15	0	0	0	0	502	
0	0	0	0	0	500	
1	0	0	0	0	499	
2	0	0	0	0	497	
3	0	0	0	0	498	
4	0	0	0	0	501	
5	0	0	0	0	501	
6	0	0	0	0	501	
7	0	0	0	0	503	
8	0	0	0	0	505	
9	0	0	0	0	506	
10	0	0	0	0	507	
11	0	0	0	0	505	
12	0	0	0	0	502	
13	0	0	0	0	500	
14	0	0	0	0	503	
15	0	0	0	0	504	
0	0	0	0	0	505	
1	0	0	0	0	505	
2	0	0	0	0	503	
3	0	0	0	0	499	
4	0	0	0	0	499	
5	0	0	0	0	502	
6	0	0	0	0	504	
7	0	0	0	0	504	
8	0	0	0	0	504	
9	0	0	0	0	504	
10	0	0	0	0	502	
11	0	0	0	0	502	
12	0	0	0	0	504	
13	0	0	0	0	505	
14	0	0	0	0	504	
15	0	0	0	0	504	
0	0	0	0	0	503	
1	0	0	0	0	503	
2	0	0	0	0	503	
3	0	0	0	0	503	
4	0	0	0	0	504	
5	0	0	0	0	505	
6	0	0	0	0	505	
7	0	0	0	0	505	
8	0	0	0	0	508	
9	0	0	0	0	506	
10	0	0	0	0	506	
11	0	0	0	0	509	
12	0	0	0	0	510	
13	0	0	0	0	510	
14	0	0	0	0	510	
15	0	0	0	0	510	
0	0	0	0	0	511	
1	0	0	0	0	510	
2	0	0	0	0	508	
3	0	0	0	0	508	
4	0	0	0	0	509	
5	0	0	0	0	510	
6	0	0	0	0	510	
7	0	0	0	0	510	
8	0	0	0	0	507	
9	0	0	0	0	508	
10	0	0	0	0	510	
11	0	0	0	0	510	
12	0	0	0	0	509	
13	0	0	0	0	508	
14	0	0	0	0	506	
15	0	0	0	0	504	
0	0	0	0	0	504	
1	0	0	0	0	507	
2	0	0	0	0	508	
3	0	0	0	0	509	
4	0	0	0	0	511	
5	0	0	0	0	513	
6	0	0	0	0	516	
7	0	0	0	0	515	
8	0	0	0	0	513	
9	0	0	0	0	513	
10	0	0	0	0	512	
11	0	0	0	0	512	
12	0	0	0	0	511	
13	0	0	0	0	508	
14	0	0	0	0	512	
15	0	0	0	0	515	
0	0	0	0	0	515	
1	0	0	0	0	515	
2	0	0	0	0	515	
3	0	0	0	0	512	
4	0	0	0	0	512	
5	0	0	0	0	514	
6	0	0	0	0	516	
7	0	0	0	0	515	
8	0	0	0	0	516	
9	0	0	0	0	518	
10	0	0	0	0	518	
11	0	0	0	0	516	
12	0	0	0	0	515	
13	0	0	0	0	514	
14	0	0	0	0	510	
15	0	0	0	0	508	
0	0	0	0	0	510	
1	0	0	0	0	513	
2	0	0	0	0	517	
3	0	0	0	0	518	
4	0	0	0	0	515	
5	0	0	0	0	517	
6	0	0	0	0	518	
7	0	0	0	0	517	
8	0	0	0	0	516	
9	0	0	0	0	517	
10	0	0	0	0	516	
11	0	0	0	0	516	
12	0	0	0	0	515	
13	0	0	0	0	510	
14	0	0	0	0	506	
15	0	0	0	0	505	
0	0	0	0	0	509	
1	0	0	0	0	515	
2	0	0	0	0	515	
3	0	0	0	0	514	
4	0	0	0	0	516	
5	0	0	0	0	519	
6	0	0	0	0	520	
7	0	0	0	0	519	
8	0	0	0	0	518	
9	0	0	0	0	519	
10	0	0	0	0	521	
11	0	0	0	0	519	
12	0	0	0	0	513	
13	0	0	0	0	509	
14	0	0	0	0	512	
15	0	0	0	0	517	
0	0	0	0	0	520	
1	0	0	0	0	519	
2	0	0	0	0	516	
3	0	0	0	0	515	
4	0	0	0	0	515	
5	0	0	0	0	516	
6	0	0	0	0	518	
7	0	0	0	0	513	
8	0	0	0	0	512	
9	0	0	0	0	513	
10	0	0	0	0	515	
11	0	0	0	0	516	
12	0	0	0	0	515	
13	0	0	0	0	515	
14	0	0	0	0	517	
15	0	0	0	0	518	
0	0	0	0	0	517	
1	0	0	0	0	516	
2	0	0	0	0	516	
3	0	0	0	0	515	
4	0	0	0	0	515	
5	0	0	0	0	515	
6	0	0	0	0	514	
7	0	0	0	0	513	
8	0	0	0	0	513	
9	0	0	0	0	512	
10	0	0	0	0	510	
11	0	0	0	0	512	
12	0	0	0	0	513	
13	0	0	0	0	513	
14	0	0	0	0	514	
15	0	0	0	0	515	
0	0	0	0	0	516	
1	0	0	0	0	515	
2	0	0	0	0	513	
3	0	0	0	0	516	
4	0	0	0	0	519	
5	0	0	0	0	519	
6	0	0	0	0	518	
7	0	0	0	0	515	
8	0	0	0	0	514	
9	0	0	0	0	513	
10	0	0	0	0	514	
11	0	0	0	0	516	
12	0	0	0	0	517	
13	0	0	0	0	516	
14	0	0	0	0	515	
15	0	0	0	0	514	
0	0	0	0	0	515	
1	0	0	0	0	515	
2	0	0	0	0	517	
3	0	0	0	0	518	
4	0	0	0	0	518	
5	0	0	0	0	516	
6	0	0	0	0	516	
7	0	0	0	0	517	
8	0	0	0	0	518	
9	0	0	0	0	517	
10	0	0	0	0	517	
11	0	0	0	0	517	
12	0	0	0	0	516	
13	0	0	0	0	515	
14	0	0	0	0	515	
15	0	0	0	0	514	
0	0	0	0	0	513	
1	0	0	0	0	515	
2	0	0	0	0	516	
3	0	0	0	0	515	
4	0	0	0	0	515	
5	0	0	0	0	515	
6	0	0	0	0	514	
7	0	0	0	0	512	
8	0	0	0	0	512	
9	0	0	0	0	513	
10	0	0	0	0	515	
11	0	0	0	0	516	
12	0	0	0	0	515	
13	0	0	0	0	514	
14	0	0	0	0	516	
15	0	0	0	0	515	
0	0	0	0	0	516	
1	0	0	0	0	517	
2	0	0	0	0	517	
3	0	0	0	0	516	
4	0	0	0	0	518	
5	0	0	0	0	519	
6	0	0	0	0	515	
7	0	0	0	0	512	
8	0	0	0	0	511	
9	0	0	0	0	512	
10	0	0	0	0	511	
11	0	0	0	0	509	
12	0	0	0	0	510	
13	0	0	0	0	513	
14	0	0	0	0	515	
15	0	0	0	0	514	
0	0	0	0	0	513	
1	0	0	0	0	514	
2	0	0	0	0	516	
3	0	0	0	0	514	
4	0	0	0	0	510	
5	0	0	0	0	507	
6	0	0	0	0	509	
7	0	0	0	0	512	
8	0	0	0	0	513	
9	0	0	0	0	512	
10	0	0	0	0	512	
11	0	0	0	0	512	
12	0	0	0	0	512	
13	0	0	0	0	512	
14	0	0	0	0	510	
15	0	0	0	0	508	
0	0	0	0	0	508	
1	0	0	0	0	508	
2	0	0	0	0	509	
3	0	0	0	0	508	
4	0	0	0	0	508	
5	0	0	0	0	510	
6	0	0	0	0	508	
7	0	0	0	0	508	
8	0	0	0	0	510	
9	0	0	0	0	511	
10	0	0	0	0	508	
11	0	0	0	0	507	
12	0	0	0	0	509	
13	0	0	0	0	510	
14	0	0	0	0	510	
15	0	0	0	0	510	
0	0	0	0	0	508	
1	0	0	0	0	504	
2	0	0	0	0	504	
3	0	0	0	0	508	
4	0	0	0	0	509	
5	0	0	0	0	508	
6	0	0	0	0	509	
7	0	0	0	0	505	
8	0	0	0	0	504	
9	0	0	0	0	507	
10	0	0	0	0	508	
11	0	0	0	0	508	
12	0	0	0	0	508	
13	0	0	0	0	508	
14	0	0	0	0	507	
15	0	0	0	0	507	
0	0	0	0	0	507	
1	0	0	0	0	506	
2	0	0	0	0	506	
3	0	0	0	0	506	
4	0	0	0	0	505	
5	0	0	0	0	505	
6	0	0	0	0	508	
7	0	0	0	0	508	
8	0	0	0	0	505	
9	0	0	0	0	502	
10	0	0	0	0	502	
11	0	0	0	0	502	
12	0	0	0	0	504	
13	0	0	0	0	506	
14	0	0	0	0	507	
15	0	0	0	0	505	
0	0	0	0	0	506	
1	0	0	0	0	506	
2	0	0	0	0	504	
3	0	0	0	0	503	
4	0	0	0	0	504	
5	0	0	0	0	504	
6	0	0	0	0	506	
7	0	0	0	0	510	
8	0	0	0	0	511	
9	0	0	0	0	510	
10	0	0	0	0	508	
11	0	0	0	0	505	
12	0	0	0	0	503	
13	0	0	0	0	504	
14	0	0	0	0	507	
15	0	0	0	0	509	
0	0	0	0	0	508	
1	0	0	0	0	506	
2	0	0	0	0	506	
3	0	0	0	0	505	
4	0	0	0	0	506	
5	0	0	0	0	506	
6	0	0	0	0	508	
7	0	0	0	0	509	
8	0	0	0	0	509	
9	0	0	0	0	507	
10	0	0	0	0	507	
11	0	0	0	0	509	
12	0	0	0	0	511	
13	0	0	0	0	512	
14	0	0	0	0	510	
15	0	0	0	0	509	
0	0	0	0	0	511	
1	0	0	0	0	511	
2	0	0	0	0	509	
3	0	0	0	0	510	
4	0	0	0	0	511	
5	0	0	0	0	508	
6	0	0	0	0	505	
7	0	0	0	0	503	
8	0	0	0	0	504	
9	0	0	0	0	506	
10	0	0	0	0	508	
11	0	0	0	0	509	
12	0	0	0	0	508	
13	0	0	0	0	508	
14	0	0	0	0	509	
15	0	0	0	0	508	
0	0	0	0	0	508	
1	0	0	0	0	508	
2	0	0	0	0	508	
3	0	0	0	0	508	
4	0	0	0	0	509	
5	0	0	0	0	510	
6	0	0	0	0	509	
7	0	0	0	0	505	
8	0	0	0	0	503	
9	0	0	0	0	505	
10	0	0	0	0	508	
11	0	0	0	0	511	
12	0	0	0	0	511	
13	0	0	0	0	509	
14	0	0	0	0	508	
15	0	0	0	0	511	
0	0	0	0	0	509	
1	0	0	0	0	509	
2	0	0	0	0	510	
3	0	0	0	0	510	
4	0	0	0	0	512	
5	0	0	0	0	512	
6	0	0	0	0	512	
7	0	0	0	0	513	
8	0	0	0	0	514	
9	0	0	0	0	514	
10	0	0	0	0	515	
11	0	0	0	0	515	
12	0	0	0	0	515	
13	0	0	0	0	516	
14	0	0	0	0	515	
15	0	0	0	0	513	
0	0	0	0	0	513	
1	0	0	0	0	515	
2	0	0	0	0	515	
3	0	0	0	0	512	
4	0	0	0	0	508	
5	0	0	0	0	507	
6	0	0	0	0	510	
7	0	0	0	0	512	
8	0	0	0	0	514	
9	0	0	0	0	515	
10	0	0	0	0	513	
11	0	0	0	0	510	
12	0	0	0	0	509	
13	0	0	0	0	507	
14	0	0	0	0	503	
15	0	0	0	0	503	
0	0	0	0	0	507	
1	0	0	0	0	511	
2	0	0	0	0	513	
3	0	0	0	0	514	
4	0	0	0	0	513	
5	0	0	0	0	512	
6	0	0	0	0	513	
7	0	0	0	0	516	
8	0	0	0	0	517	
9	0	0	0	0	518	
10	0	0	0	0	515	
11	0	0	0	0	513	
12	0	0	0	0	512	
13	0	0	0	0	512	
14	0	0	0	0	512	
15	0	0	0	0	513	
0	0	0	0	0	513	
1	0	0	0	0	512	
2	0	0	0	0	511	
3	0	0	0	0	512	
4	0	0	0	0	512	
5	0	0	0	0	512	
6	0	0	0	0	512	
7	0	0	0	0	512	
8	0	0	0	0	511	
9	0	0	0	0	511	
10	0	0	0	0	513	
11	0	0	0	0	515	
12	0	0	0	0	514	
13	0	0	0	0	513	
14	0	0	0	0	512	
15	0	0	0	0	511	
0	0	0	0	0	512	
1	0	0	0	0	513	
2	0	0	0	0	513	
3	0	0	0	0	512	
4	0	0	0	0	512	
5	0	0	0	0	514	
6	0	0	0	0	515	
7	0	0	0	0	513	
8	0	0	0	0	513	
9	0	0	0	0	516	
10	0	0	0	0	513	
11	0	0	0	0	511	
12	0	0	0	0	511	
13	0	0	0	0	511	
14	0	0	0	0	509	
15	0	0	0	0	509	
0	0	0	0	0	508	
1	0	0	0	0	508	
2	0	0	0	0	513	
3	0	0	0	0	516	
4	0	0	0	0	516	
5	0	0	0	0	517	
6	0	0	0	0	518	
7	0	0	0	0	517	
8	0	0	0	0	518	
9	0	0	0	0	516	
10	0	0	0	0	514	
11	0	0	0	0	511	
12	0	0	0	0	509	
13	0	0	0	0	510	
14	0	0	0	0	511	
15	0	0	0	0	509	
0	0	0	0	0	506	
1	0	0	0	0	505	
2	0	0	0	0	505	
3	0	0	0	0	505	
4	0	0	0	0	504	
5	0	0	0	0	504	
6	0	0	0	0	504	
7	0	0	0	0	509	
8	0	0	0	0	510	
9	0	0	0	0	509	
10	0	0	0	0	510	
11	0	0	0	0	510	
12	0	0	0	0	510	
13	0	0	0	0	509	
14	0	0	0	0	506	
15	0	0	0	0	505	
0	0	0	0	0	506	
1	0	0	0	0	506	
2	0	0	0	0	508	
3	0	0	0	0	508	
4	0	0	0	0	504	
5	0	0	0	0	507	
6	0	0	0	0	509	
7	0	0	0	0	510	
8	0	0	0	0	509	
9	0	0	0	0	511	
10	0	0	0	0	511	
11	0	0	0	0	511	
12	0	0	0	0	510	
13	0	0	0	0	508	
14	0	0	0	0	505	
15	0	0	0	0	505	
0	0	0	0	0	504	
1	0	0	0	0	502	
2	0	0	0	0	503	
3	0	0	0	0	502	
4	0	0	0	0	502	
5	0	0	0	0	505	
6	0	0	0	0	508	
7	0	0	0	0	507	
8	0	0	0	0	504	
9	0	0	0	0	503	
10	0	0	0	0	504	
11	0	0	0	0	506	
12	0	0	0	0	505	
13	0	0	0	0	508	
14	0	0	0	0	510	
15	0	0	0	0	509	
0	0	0	0	0	507	
1	0	0	0	0	503	
2	0	0	0	0	500	
3	0	0	0	0	502	
4	0	0	0	0	504	
5	0	0	0	0	505	
6	0	0	0	0	508	
7	0	0	0	0	509	
8	0	0	0	0	508	
9	0	0	0	0	507	
10	0	0	0	0	508	
11	0	0	0	0	508	
12	0	0	0	0	508	
13	0	0	0	0	510	
14	0	0	0	0	510	
15	0	0	0	0	508	
0	0	0	0	0	505	
1	0	0	0	0	505	
2	0	0	0	0	505	
3	0	0	0	0	506	
4	0	0	0	0	503	
5	0	0	0	0	500	
6	0	0	0	0	501	
7	0	0	0	0	502	
8	0	0	0	0	500	
9	0	0	0	0	502	
10	0	0	0	0	504	
11	0	0	0	0	506	
12	0	0	0	0	507	
13	0	0	0	0	507	
14	0	0	0	0	507	
15	0	0	0	0	507	
0	0	0	0	0	507	
1	0	0	0	0	505	
2	0	0	0	0	505	
3	0	0	0	0	507	
4	0	0	0	0	507	
5	0	0	0	0	508	
6	0	0	0	0	508	
7	0	0	0	0	507	
8	0	0	0	0	503	
9	0	0	0	0	502	
10	0	0	0	0	500	
11	0	0	0	0	498	
12	0	0	0	0	501	
13	0	0	0	0	503	
14	0	0	0	0	504	
15	0	0	0	0	505	
0	0	0	0	0	508	
1	0	0	0	0	510	
2	0	0	0	0	511	
3	0	0	0	0	510	
4	0	0	0	0	505	
5	0	0	0	0	503	
6	0	0	0	0	506	
7	0	0	0	0	509	
8	0	0	0	0	508	
9	0	0	0	0	507	
10	0	0	0	0	506	
11	0	0	0	0	508	
12	0	0	0	0	507	
13	0	0	0	0	506	
14	0	0	0	0	507	
15	0	0	0	0	508	
0	0	0	0	0	510	
1	0	0	0	0	509	
2	0	0	0	0	505	
3	0	0	0	0	506	
4	0	0	0	0	505	
5	0	0	0	0	505	
6	0	0	0	0	508	
7	0	0	0	0	512	
8	0	0	0	0	513	
9	0	0	0	0	513	
10	0	0	0	0	512	
11	0	0	0	0	512	
12	0	0	0	0	513	
13	0	0	0	0	513	
14	0	0	0	0	512	
15	0	0	0	0	509	
0	0	0	0	0	508	
1	0	0	0	0	510	
2	0	0	0	0	513	
3	0	0	0	0	515	
4	0	0	0	0	515	
5	0	0	0	0	514	
6	0	0	0	0	515	
7	0	0	0	0	517	
8	0	0	0	0	519	
9	0	0	0	0	516	
10	0	0	0	0	515	
11	0	0	0	0	514	
12	0	0	0	0	514	
13	0	0	0	0	512	
14	0	0	0	0	514	
15	0	0	0	0	515	
0	0	0	0	0	511	
1	0	0	0	0	506	
2	0	0	0	0	504	
3	0	0	0	0	507	
4	0	0	0	0	507	
5	0	0	0	0	505	
6	0	0	0	0	504	
7	0	0	0	0	505	
8	0	0	0	0	505	
9	0	0	0	0	506	
10	0	0	0	0	505	
11	0	0	0	0	502	
12	0	0	0	0	502	
13	0	0	0	0	504	
14	0	0	0	0	503	
15	0	0	0	0	502	
0	0	0	0	0	503	
1	0	0	0	0	503	
2	0	0	0	0	504	
3	0	0	0	0	506	
4	0	0	0	0	507	
5	0	0	0	0	508	
6	0	0	0	0	506	
7	0	0	0	0	504	
8	0	0	0	0	501	
9	0	0	0	0	499	
10	0	0	0	0	497	
11	0	0	0	0	496	
12	0	0	0	0	496	
13	0	0	0	0	496	
14	0	0	0	0	494	
15	0	0	0	0	494	
0	0	0	0	0	493	
1	0	0	0	0	492	
2	0	0	0	0	492	
3	0	0	0	0	491	
4	0	0	0	0	488	
5	0	0	0	0	488	
6	0	0	0	0	489	
7	0	0	0	0	487	
8	0	0	0	0	488	
9	0	0	0	0	490	
10	0	0	0	0	489	
11	0	0	0	0	491	
12	0	0	0	0	493	
13	0	0	0	0	492	
14	0	0	0	0	490	
15	0	0	0	0	489	
0	0	0	0	0	489	
1	0	0	0	0	487	
2	0	0	0	0	486	
3	0	0	0	0	487	
4	0	0	0	0	486	
5	0	0	0	0	486	
6	0	0	0	0	485	
7	0	0	0	0	482	
8	0	0	0	0	481	
9	0	0	0	0	482	
10	0	0	0	0	485	
11	0	0	0	0	484	
12	0	0	0	0	483	
13	0	0	0	0	482	
14	0	0	0	0	484	
15	0	0	0	0	486	
0	0	0	0	0	488	
1	0	0	0	0	487	
2	0	0	0	0	487	
3	0	0	0	0	487	
4	0	0	0	0	483	
5	0	0	0	0	483	
6	0	0	0	0	486	
7	0	0	0	0	485	
8	0	0	0	0	481	
9	0	0	0	0	479	
10	0	0	0	0	476	
11	0	0	0	0	475	
12	0	0	0	0	479	
13	0	0	0	0	482	
14	0	0	0	0	481	
15	0	0	0	0	476	
0	0	0	0	0	473	
1	0	0	0	0	473	
2	0	0	0	0	471	
3	0	0	0	0	469	
4	0	0	0	0	467	
5	0	0	0	0	465	
6	0	0	0	0	464	
7	0	0	0	0	460	
8	0	0	0	0	459	
9	0	0	0	0	459	
10	0	0	0	0	460	
11	0	0	0	0	460	
12	0	0	0	0	460	
13	0	0	0	0	459	
14	0	0	0	0	461	
15	0	0	0	0	465	
0	0	0	0	0	470	
1	0	0	0	0	473	
2	0	0	0	0	476	
3	0	0	0	0	482	
4	0	0	0	0	490	
5	0	0	0	0	499	
6	0	0	0	0	506	
7	0	0	0	0	514	
8	0	0	0	0	520	
9	0	0	0	0	528	
10	0	0	0	0	539	
11	0	0	0	0	547	
12	0	0	0	0	555	
13	0	0	0	0	567	
14	0	0	0	0	583	
15	0	0	0	0	596	
0	0	0	0	0	608	
1	0	0	0	0	622	
2	0	0	0	0	634	
3	0	0	0	0	646	
4	0	0	0	0	658	
5	0	0	0	0	669	
6	0	0	0	0	676	
7	0	0	0	0	680	
8	0	0	0	0	679	
9	0	0	0	0	673	
10	0	0	0	0	664	
11	0	0	0	0	652	
12	0	0	0	0	640	
13	0	0	0	0	630	
14	0	0	0	0	622	
15	0	0	0	0	607	
0	0	0	0	0	591	
1	0	0	0	0	573	
2	0	0	0	0	555	
3	0	0	0	0	539	
4	0	0	0	0	519	
5	0	0	0	0	504	
6	0	0	0	0	494	
7	0	0	0	0	484	
8	0	0	0	0	474	
9	0	0	0	0	465	
10	0	0	0	0	460	
11	0	0	0	0	456	
12	0	0	0	0	452	
13	0	0	0	0	448	
14	0	0	0	0	446	
15	0	0	0	0	448	
0	0	0	0	0	449	
1	0	0	0	0	451	
2	0	0	0	0	454	
3	0	0	0	0	455	
4	0	0	0	0	457	
5	0	0	0	0	460	
6	0	0	0	0	463	
7	0	0	0	0	467	
8	0	0	0	0	469	
9	0	0	0	0	471	
10	0	0	0	0	472	
11	0	0	0	0	472	
12	0	0	0	0	474	
13	0	0	0	0	476	
14	0	0	0	0	477	
15	0	0	0	0	480	
0	0	0	0	0	475	
1	0	0	0	0	469	
2	0	0	0	0	472	
3	0	0	0	0	476	
4	0	0	0	0	475	
5	0	0	0	0	473	
6	0	0	0	0	475	
7	0	0	0	0	476	
8	0	0	0	0	478	
9	0	0	0	0	479	
10	0	0	0	0	479	
11	0	0	0	0	479	
12	0	0	0	0	478	
13	0	0	0	0	478	
14	0	0	0	0	480	
15	0	0	0	0	481	
0	0	0	0	0	483	
1	0	0	0	0	483	
2	0	0	0	0	480	
3	0	0	0	0	479	
4	0	0	0	0	480	
5	0	0	0	0	483	
6	0	0	0	0	482	
7	0	0	0	0	480	
8	0	0	0	0	482	
9	0	0	0	0	485	
10	0	0	0	0	487	
11	0	0	0	0	486	
12	0	0	0	0	486	
13	0	0	0	0	483	
14	0	0	0	0	482	
15	0	0	0	0	485	
0	0	0	0	0	486	
1	0	0	0	0	486	
2	0	0	0	0	486	
3	0	0	0	0	487	
4	0	0	0	0	489	
5	0	0	0	0	491	
6	0	0	0	0	489	
7	0	0	0	0	492	
8	0	0	0	0	496	
9	0	0	0	0	495	
10	0	0	0	0	494	
11	0	0	0	0	494	
12	0	0	0	0	494	
13	0	0	0	0	495	
14	0	0	0	0	498	
15	0	0	0	0	497	
0	0	0	0	0	496	
1	0	0	0	0	495	
2	0	0	0	0	496	
3	0	0	0	0	499	
4	0	0	0	0	500	
5	0	0	0	0	502	
6	0	0	0	0	504	
7	0	0	0	0	502	
8	0	0	0	0	500	
9	0	0	0	0	500	
10	0	0	0	0	501	
11	0	0	0	0	503	
12	0	0	0	0	503	
13	0	0	0	0	504	
14	0	0	0	0	505	
15	0	0	0	0	507	
0	0	0	0	0	508	
1	0	0	0	0	509	
2	0	0	0	0	508	
3	0	0	0	0	508	
4	0	0	0	0	508	
5	0	0	0	0	508	
6	0	0	0	0	506	
7	0	0	0	0	504	
8	0	0	0	0	504	
9	0	0	0	0	506	
10	0	0	0	0	509	
11	0	0	0	0	510	
12	0	0	0	0	511	
13	0	0	0	0	510	
14	0	0	0	0	509	
15	0	0	0	0	508	
0	0	0	0	0	509	
1	0	0	0	0	512	
2	0	0	0	0	513	
3	0	0	0	0	515	
4	0	0	0	0	516	
5	0	0	0	0	517	
6	0	0	0	0	518	
7	0	0	0	0	516	
8	0	0	0	0	517	
9	0	0	0	0	518	
10	0	0	0	0	516	
11	0	0	0	0	515	
12	0	0	0	0	515	
13	0	0	0	0	516	
14	0	0	0	0	519	
15	0	0	0	0	519	
0	0	0	0	0	521	
1	0	0	0	0	522	
2	0	0	0	0	522	
3	0	0	0	0	519	
4	0	0	0	0	518	
5	0	0	0	0	519	
6	0	0	0	0	520	
7	0	0	0	0	519	
8	0	0	0	0	523	
9	0	0	0	0	525	
10	0	0	0	0	523	
11	0	0	0	0	521	
12	0	0	0	0	522	
13	0	0	0	0	520	
14	0	0	0	0	518	
15	0	0	0	0	519	
0	0	0	0	0	525	
1	0	0	0	0	531	
2	0	0	0	0	536	
3	0	0	0	0	536	
4	0	0	0	0	536	
5	0	0	0	0	537	
6	0	0	0	0	535	
7	0	0	0	0	533	
8	0	0	0	0	533	
9	0	0	0	0	533	
10	0	0	0	0	534	
11	0	0	0	0	535	
12	0	0	0	0	535	
13	0	0	0	0	535	
14	0	0	0	0	533	
15	0	0	0	0	532	
0	0	0	0	0	534	
1	0	0	0	0	533	
2	0	0	0	0	533	
3	0	0	0	0	536	
4	0	0	0	0	540	
5	0	0	0	0	538	
6	0	0	0	0	537	
7	0	0	0	0	535	
8	0	0	0	0	533	
9	0	0	0	0	536	
10	0	0	0	0	542	
11	0	0	0	0	546	
12	0	0	0	0	546	
13	0	0	0	0	545	
14	0	0	0	0	545	
15	0	0	0	0	545	
0	0	0	0	0	543	
1	0	0	0	0	543	
2	0	0	0	0	543	
3	0	0	0	0	544	
4	0	0	0	0	545	
5	0	0	0	0	547	
6	0	0	0	0	546	
7	0	0	0	0	545	
8	0	0	0	0	543	
9	0	0	0	0	546	
10	0	0	0	0	549	
11	0	0	0	0	552	
12	0	0	0	0	555	
13	0	0	0	0	556	
14	0	0	0	0	555	
15	0	0	0	0	552	
0	0	0	0	0	551	
1	0	0	0	0	552	
2	0	0	0	0	553	
3	0	0	0	0	556	
4	0	0	0	0	556	
5	0	0	0	0	555	
6	0	0	0	0	556	
7	0	0	0	0	558	
8	0	0	0	0	559	
9	0	0	0	0	558	
10	0	0	0	0	557	
11	0	0	0	0	556	
12	0	0	0	0	558	
13	0	0	0	0	558	
14	0	0	0	0	560	
15	0	0	0	0	562	
0	0	0	0	0	561	
1	0	0	0	0	562	
2	0	0	0	0	561	
3	0	0	0	0	559	
4	0	0	0	0	558	
5	0	0	0	0	558	
6	0	0	0	0	559	
7	0	0	0	0	559	
8	0	0	0	0	562	
9	0	0	0	0	563	
10	0	0	0	0	566	
11	0	0	0	0	568	
12	0	0	0	0	567	
13	0	0	0	0	565	
14	0	0	0	0	561	
15	0	0	0	0	560	
0	0	0	0	0	562	
1	0	0	0	0	563	
2	0	0	0	0	560	
3	0	0	0	0	558	
4	0	0	0	0	558	
5	0	0	0	0	561	
6	0	0	0	0	567	
7	0	0	0	0	569	
8	0	0	0	0	568	
9	0	0	0	0	569	
10	0	0	0	0	567	
11	0	0	0	0	566	
12	0	0	0	0	568	
13	0	0	0	0	568	
14	0	0	0	0	568	
15	0	0	0	0	568	
0	0	0	0	0	565	
1	0	0	0	0	565	
2	0	0	0	0	568	
3	0	0	0	0	569	
4	0	0	0	0	568	
5	0	0	0	0	568	
6	0	0	0	0	568	
7	0	0	0	0	569	
8	0	0	0	0	567	
9	0	0	0	0	568	
10	0	0	0	0	566	
11	0	0	0	0	566	
12	0	0	0	0	570	
13	0	0	0	0	571	
14	0	0	0	0	566	
15	0	0	0	0	564	
0	0	0	0	0	565	
1	0	0	0	0	563	
2	0	0	0	0	563	
3	0	0	0	0	560	
4	0	0	0	0	557	
5	0	0	0	0	556	
6	0	0	0	0	560	
7	0	0	0	0	561	
8	0	0	0	0	557	
9	0	0	0	0	554	
10	0	0	0	0	551	
11	0	0	0	0	552	
12	0	0	0	0	552	
13	0	0	0	0	552	
14	0	0	0	0	552	
15	0	0	0	0	549	
0	0	0	0	0	544	
1	0	0	0	0	541	
2	0	0	0	0	541	
3	0	0	0	0	542	
4	0	0	0	0	540	
5	0	0	0	0	538	
6	0	0	0	0	537	
7	0	0	0	0	536	
8	0	0	0	0	533	
9	0	0	0	0	529	
10	0	0	0	0	527	
11	0	0	0	0	530	
12	0	0	0	0	528	
13	0	0	0	0	525	
14	0	0	0	0	524	
15	0	0	0	0	523	
0	0	0	0	0	524	
1	0	0	0	0	524	
2	0	0	0	0	523	
3	0	0	0	0	523	
4	0	0	0	0	522	
5	0	0	0	0	518	
6	0	0	0	0	513	
7	0	0	0	0	511	
8	0	0	0	0	509	
9	0	0	0	0	508	
10	0	0	0	0	508	
11	0	0	0	0	506	
12	0	0	0	0	505	
13	0	0	0	0	504	
14	0	0	0	0	504	
15	0	0	0	0	502	
0	0	0	0	0	502	
1	0	0	0	0	502	
2	0	0	0	0	502	
3	0	0	0	0	504	
4	0	0	0	0	505	
5	0	0	0	0	503	
6	0	0	0	0	501	
7	0	0	0	0	500	
8	0	0	0	0	501	
9	0	0	0	0	504	
10	0	0	0	0	500	
11	0	0	0	0	496	
12	0	0	0	0	496	
13	0	0	0	0	500	
14	0	0	0	0	504	
15	0	0	0	0	506	
0	0	0	0	0	507	
1	0	0	0	0	506	
2	0	0	0	0	505	
3	0	0	0	0	503	
4	0	0	0	0	502	
5	0	0	0	0	502	
6	0	0	0	0	500	
7	0	0	0	0	498	
8	0	0	0	0	495	
9	0	0	0	0	492	
10	0	0	0	0	494	
11	0	0	0	0	496	
12	0	0	0	0	499	
13	0	0	0	0	502	
14	0	0	0	0	504	
15	0	0	0	0	503	
0	0	0	0	0	503	
1	0	0	0	0	504	
2	0	0	0	0	505	
3	0	0	0	0	506	
4	0	0	0	0	505	
5	0	0	0	0	507	
6	0	0	0	0	508	
7	0	0	0	0	507	
8	0	0	0	0	509	
9	0	0	0	0	510	
10	0	0	0	0	511	
11	0	0	0	0	513	
12	0	0	0	0	512	
13	0	0	0	0	509	
14	0	0	0	0	511	
15	0	0	0	0	510	
0	0	0	0	0	512	
1	0	0	0	0	514	
2	0	0	0	0	511	
3	0	0	0	0	510	
4	0	0	0	0	509	
5	0	0	0	0	508	
6	0	0	0	0	510	
7	0	0	0	0	510	
8	0	0	0	0	512	
9	0	0	0	0	512	
10	0	0	0	0	511	
11	0	0	0	0	513	
12	0	0	0	0	515	
13	0	0	0	0	516	
14	0	0	0	0	515	
15	0	0	0	0	513	
0	0	0	0	0	512	
1	0	0	0	0	513	
2	0	0	0	0	513	
3	0	0	0	0	514	
4	0	0	0	0	512	
5	0	0	0	0	513	
6	0	0	0	0	515	
7	0	0	0	0	515	
8	0	0	0	0	517	
9	0	0	0	0	518	
10	0	0	0	0	518	
11	0	0	0	0	518	
12	0	0	0	0	518	
13	0	0	0	0	517	
14	0	0	0	0	515	
15	0	0	0	0	515	
0	0	0	0	0	515	
1	0	0	0	0	515	
2	0	0	0	0	515	
3	0	0	0	0	514	
4	0	0	0	0	515	
5	0	0	0	0	518	
6	0	0	0	0	520	
7	0	0	0	0	521	
8	0	0	0	0	520	
9	0	0	0	0	521	
10	0	0	0	0	521	
11	0	0	0	0	520	
12	0	0	0	0	519	
13	0	0	0	0	519	
14	0	0	0	0	521	
15	0	0	0	0	522	
0	0	0	0	0	521	
1	0	0	0	0	521	
2	0	0	0	0	521	
3	0	0	0	0	522	
4	0	0	0	0	520	
5	0	0	0	0	520	
6	0	0	0	0	519	
7	0	0	0	0	518	
8	0	0	0	0	519	
9	0	0	0	0	520	
10	0	0	0	0	519	
11	0	0	0	0	519	
12	0	0	0	0	519	
13	0	0	0	0	515	
14	0	0	0	0	511	
15	0	0	0	0	510	
0	0	0	0	0	514	
1	0	0	0	0	519	
2	0	0	0	0	520	
3	0	0	0	0	521	
4	0	0	0	0	521	
5	0	0	0	0	520	
6	0	0	0	0	520	
7	0	0	0	0	519	
8	0	0	0	0	515	
9	0	0	0	0	515	
10	0	0	0	0	517	
11	0	0	0	0	516	
12	0	0	0	0	516	
13	0	0	0	0	517	
14	0	0	0	0	519	
15	0	0	0	0	519	
0	0	0	0	0	521	
1	0	0	0	0	523	
2	0	0	0	0	526	
3	0	0	0	0	526	
4	0	0	0	0	526	
5	0	0	0	0	526	
6	0	0	0	0	525	
7	0	0	0	0	524	
8	0	0	0	0	525	
9	0	0	0	0	524	
10	0	0	0	0	520	
11	0	0	0	0	521	
12	0	0	0	0	520	
13	0	0	0	0	522	
14	0	0	0	0	523	
15	0	0	0	0	523	
0	0	0	0	0	522	
1	0	0	0	0	524	
2	0	0	0	0	525	
3	0	0	0	0	526	
4	0	0	0	0	525	
5	0	0	0	0	525	
6	0	0	0	0	526	
7	0	0	0	0	527	
8	0	0	0	0	526	
9	0	0	0	0	526	
10	0	0	0	0	528	
11	0	0	0	0	527	
12	0	0	0	0	524	
13	0	0	0	0	524	
14	0	0	0	0	525	
15	0	0	0	0	524	
0	0	0	0	0	522	
1	0	0	0	0	523	
2	0	0	0	0	522	
3	0	0	0	0	524	
4	0	0	0	0	526	
5	0	0	0	0	527	
6	0	0	0	0	526	
7	0	0	0	0	526	
8	0	0	0	0	524	
9	0	0	0	0	525	
10	0	0	0	0	524	
11	0	0	0	0	524	
12	0	0	0	0	526	
13	0	0	0	0	526	
14	0	0	0	0	524	
15	0	0	0	0	520	
0	0	0	0	0	520	
1	0	0	0	0	522	
2	0	0	0	0	524	
3	0	0	0	0	526	
4	0	0	0	0	525	
5	0	0	0	0	524	
6	0	0	0	0	523	
7	0	0	0	0	523	
8	0	0	0	0	524	
9	0	0	0	0	526	
10	0	0	0	0	527	
11	0	0	0	0	527	
12	0	0	0	0	526	
13	0	0	0	0	525	
14	0	0	0	0	523	
15	0	0	0	0	524	
0	0	0	0	0	528	
1	0	0	0	0	530	
2	0	0	0	0	530	
3	0	0	0	0	529	
4	0	0	0	0	530	
5	0	0	0	0	528	
6	0	0	0	0	526	
7	0	0	0	0	526	
8	0	0	0	0	527	
9	0	0	0	0	530	
10	0	0	0	0	530	
11	0	0	0	0	529	
12	0	0	0	0	529	
13	0	0	0	0	527	
14	0	0	0	0	527	
15	0	0	0	0	526	
0	0	0	0	0	525	
1	0	0	0	0	524	
2	0	0	0	0	524	
3	0	0	0	0	524	
4	0	0	0	0	524	
5	0	0	0	0	523	
6	0	0	0	0	523	
7	0	0	0	0	519	
8	0	0	0	0	519	
9	0	0	0	0	524	
10	0	0	0	0	527	
11	0	0	0	0	525	
12	0	0	0	0	524	
13	0	0	0	0	523	
14	0	0	0	0	523	
15	0	0	0	0	522	
0	0	0	0	0	526	
1	0	0	0	0	529	
2	0	0	0	0	529	
3	0	0	0	0	529	
4	0	0	0	0	529	
5	0	0	0	0	527	
6	0	0	0	0	525	
7	0	0	0	0	525	
8	0	0	0	0	529	
9	0	0	0	0	530	
10	0	0	0	0	531	
11	0	0	0	0	531	
12	0	0	0	0	530	
13	0	0	0	0	531	
14	0	0	0	0	530	
15	0	0	0	0	530	
0	0	0	0	0	529	
1	0	0	0	0	523	
2	0	0	0	0	519	
3	0	0	0	0	521	
4	0	0	0	0	525	
5	0	0	0	0	526	
6	0	0	0	0	526	
7	0	0	0	0	521	
8	0	0	0	0	517	
9	0	0	0	0	519	
10	0	0	0	0	518	
11	0	0	0	0	522	
12	0	0	0	0	524	
13	0	0	0	0	523	
14	0	0	0	0	524	
15	0	0	0	0	525	
0	0	0	0	0	526	
1	0	0	0	0	526	
2	0	0	0	0	524	
3	0	0	0	0	524	
4	0	0	0	0	524	
5	0	0	0	0	523	
6	0	0	0	0	522	
7	0	0	0	0	521	
8	0	0	0	0	521	
9	0	0	0	0	524	
10	0	0	0	0	525	
11	0	0	0	0	524	
12	0	0	0	0	524	
13	0	0	0	0	523	
14	0	0	0	0	524	
15	0	0	0	0	524	
0	0	0	0	0	525	
1	0	0	0	0	525	
2	0	0	0	0	526	
3	0	0	0	0	524	
4	0	0	0	0	524	
5	0	0	0	0	524	
6	0	0	0	0	525	
7	0	0	0	0	523	
8	0	0	0	0	520	
9	0	0	0	0	519	
10	0	0	0	0	520	
11	0	0	0	0	520	
12	0	0	0	0	518	
13	0	0	0	0	516	
14	0	0	0	0	519	
15	0	0	0	0	521	
0	0	0	0	0	522	
1	0	0	0	0	520	
2	0	0	0	0	517	
3	0	0	0	0	516	
4	0	0	0	0	521	
5	0	0	0	0	524	
6	0	0	0	0	527	
7	0	0	0	0	527	
8	0	0	0	0	527	
9	0	0	0	0	527	
10	0	0	0	0	524	
11	0	0	0	0	526	
12	0	0	0	0	528	
13	0	0	0	0	528	
14	0	0	0	0	527	
15	0	0	0	0	524	
0	0	0	0	0	524	
1	0	0	0	0	524	
2	0	0	0	0	524	
3	0	0	0	0	524	
4	0	0	0	0	527	
5	0	0	0	0	528	
6	0	0	0	0	526	
7	0	0	0	0	526	
8	0	0	0	0	527	
9	0	0	0	0	528	
10	0	0	0	0	526	
11	0	0	0	0	524	
12	0	0	0	0	524	
13	0	0	0	0	525	
14	0	0	0	0	525	
15	0	0	0	0	526	
0	0	0	0	0	524	
1	0	0	0	0	524	
2	0	0	0	0	520	
3	0	0	0	0	516	
4	0	0	0	0	517	
5	0	0	0	0	519	
6	0	0	0	0	521	
7	0	0	0	0	523	
8	0	0	0	0	524	
9	0	0	0	0	523	
10	0	0	0	0	523	
11	0	0	0	0	525	
12	0	0	0	0	526	
13	0	0	0	0	524	
14	0	0	0	0	523	
15	0	0	0	0	522	
0	0	0	0	0	524	
1	0	0	0	0	524	
2	0	0	0	0	523	
3	0	0	0	0	523	
4	0	0	0	0	521	
5	0	0	0	0	521	
6	0	0	0	0	520	
7	0	0	0	0	521	
8	0	0	0	0	523	
9	0	0	0	0	520	
10	0	0	0	0	519	
11	0	0	0	0	521	
12	0	0	0	0	522	
13	0	0	0	0	522	
14	0	0	0	0	522	
15	0	0	0	0	521	
0	0	0	0	0	521	
1	0	0	0	0	520	
2	0	0	0	0	521	
3	0	0	0	0	519	
4	0	0	0	0	516	
5	0	0	0	0	517	
6	0	0	0	0	519	
7	0	0	0	0	521	
8	0	0	0	0	520	
9	0	0	0	0	520	
10	0	0	0	0	521	
11	0	0	0	0	520	
12	0	0	0	0	518	
13	0	0	0	0	516	
14	0	0	0	0	518	
15	0	0	0	0	517	
0	0	0	0	0	514	
1	0	0	0	0	514	
2	0	0	0	0	517	
3	0	0	0	0	519	
4	0	0	0	0	519	
5	0	0	0	0	518	
6	0	0	0	0	519	
7	0	0	0	0	519	
8	0	0	0	0	519	
9	0	0	0	0	521	
10	0	0	0	0	521	
11	0	0	0	0	520	
12	0	0	0	0	520	
13	0	0	0	0	521	
14	0	0	0	0	519	
15	0	0	0	0	519	
0	0	0	0	0	520	
1	0	0	0	0	520	
2	0	0	0	0	520	
3	0	0	0	0	520	
4	0	0	0	0	522	
5	0	0	0	0	524	
6	0	0	0	0	524	
7	0	0	0	0	523	
8	0	0	0	0	521	
9	0	0	0	0	520	
10	0	0	0	0	519	
11	0	0	0	0	518	
12	0	0	0	0	519	
13	0	0	0	0	519	
14	0	0	0	0	519	
15	0	0	0	0	518	
0	0	0	0	0	519	
1	0	0	0	0	519	
2	0	0	0	0	520	
3	0	0	0	0	522	
4	0	0	0	0	523	
5	0	0	0	0	521	
6	0	0	0	0	519	
7	0	0	0	0	519	
8	0	0	0	0	519	
9	0	0	0	0	519	
10	0	0	0	0	518	
11	0	0	0	0	516	
12	0	0	0	0	519	
13	0	0	0	0	519	
14	0	0	0	0	519	
15	0	0	0	0	518	
0	0	0	0	0	517	
1	0	0	0	0	519	
2	0	0	0	0	520	
3	0	0	0	0	519	
4	0	0	0	0	519	
5	0	0	0	0	518	
6	0	0	0	0	518	
7	0	0	0	0	518	
8	0	0	0	0	516	
9	0	0	0	0	517	
10	0	0	0	0	518	
11	0	0	0	0	519	
12	0	0	0	0	519	
13	0	0	0	0	519	
14	0	0	0	0	518	
15	0	0	0	0	519	
0	0	0	0	0	518	
1	0	0	0	0	515	
2	0	0	0	0	518	
3	0	0	0	0	518	
4	0	0	0	0	518	
5	0	0	0	0	520	
6	0	0	0	0	521	
7	0	0	0	0	521	
8	0	0	0	0	520	
9	0	0	0	0	520	
10	0	0	0	0	519	
11	0	0	0	0	519	
12	0	0	0	0	519	
13	0	0	0	0	518	
14	0	0	0	0	518	
15	0	0	0	0	516	
0	0	0	0	0	516	
1	0	0	0	0	516	
2	0	0	0	0	516	
3	0	0	0	0	514	
4	0	0	0	0	513	
5	0	0	0	0	515	
6	0	0	0	0	516	
7	0	0	0	0	514	
8	0	0	0	0	511	
9	0	0	0	0	510	
10	0	0	0	0	508	
11	0	0	0	0	507	
12	0	0	0	0	506	
13	0	0	0	0	508	
14	0	0	0	0	512	
15	0	0	0	0	516	
0	0	0	0	0	520	
1	0	0	0	0	521	
2	0	0	0	0	519	
3	0	0	0	0	516	
4	0	0	0	0	514	
5	0	0	0	0	515	
6	0	0	0	0	516	
7	0	0	0	0	518	
8	0	0	0	0	516	
9	0	0	0	0	514	
10	0	0	0	0	514	
11	0	0	0	0	516	
12	0	0	0	0	519	
13	0	0	0	0	520	
14	0	0	0	0	519	
15	0	0	0	0	516	
0	0	0	0	0	512	
1	0	0	0	0	513	
2	0	0	0	0	516	
3	0	0	0	0	518	
4	0	0	0	0	517	
5	0	0	0	0	515	
6	0	0	0	0	513	
7	0	0	0	0	512	
8	0	0	0	0	512	
9	0	0	0	0	512	
10	0	0	0	0	512	
11	0	0	0	0	514	
12	0	0	0	0	514	
13	0	0	0	0	515	
14	0	0	0	0	514	
15	0	0	0	0	513	
0	0	0	0	0	515	
1	0	0	0	0	515	
2	0	0	0	0	515	
3	0	0	0	0	516	
4	0	0	0	0	516	
5	0	0	0	0	517	
6	0	0	0	0	516	
7	0	0	0	0	514	
8	0	0	0	0	512	
9	0	0	0	0	513	
10	0	0	0	0	515	
11	0	0	0	0	515	
12	0	0	0	0	512	
13	0	0	0	0	513	
14	0	0	0	0	516	
15	0	0	0	0	518	
0	0	0	0	0	518	
1	0	0	0	0	518	
2	0	0	0	0	514	
3	0	0	0	0	511	
4	0	0	0	0	512	
5	0	0	0	0	515	
6	0	0	0	0	518	
7	0	0	0	0	519	
8	0	0	0	0	519	
9	0	0	0	0	519	
10	0	0	0	0	515	
11	0	0	0	0	515	
12	0	0	0	0	516	
13	0	0	0	0	517	
14	0	0	0	0	517	
15	0	0	0	0	517	
0	0	0	0	0	515	
1	0	0	0	0	515	
2	0	0	0	0	514	
3	0	0	0	0	516	
4	0	0	0	0	517	
5	0	0	0	0	518	
6	0	0	0	0	518	
7	0	0	0	0	515	
8	0	0	0	0	516	
9	0	0	0	0	516	
10	0	0	0	0	516	
11	0	0	0	0	517	
12	0	0	0	0	515	
13	0	0	0	0	516	
14	0	0	0	0	515	
15	0	0	0	0	513	
0	0	0	0	0	514	
1	0	0	0	0	515	
2	0	0	0	0	513	
3	0	0	0	0	512	
4	0	0	0	0	513	
5	0	0	0	0	515	
6	0	0	0	0	515	
7	0	0	0	0	516	
8	0	0	0	0	517	
9	0	0	0	0	516	
10	0	0	0	0	515	
11	0	0	0	0	515	
12	0	0	0	0	517	
13	0	0	0	0	516	
14	0	0	0	0	513	
15	0	0	0	0	512	
0	0	0	0	0	513	
1	0	0	0	0	515	
2	0	0	0	0	515	
3	0	0	0	0	515	
4	0	0	0	0	513	
5	0	0	0	0	513	
6	0	0	0	0	513	
7	0	0	0	0	511	
8	0	0	0	0	511	
9	0	0	0	0	512	
10	0	0	0	0	509	
11	0	0	0	0	509	
12	0	0	0	0	512	
13	0	0	0	0	513	
14	0	0	0	0	515	
15	0	0	0	0	514	
0	0	0	0	0	513	
1	0	0	0	0	512	
2	0	0	0	0	512	
3	0	0	0	0	513	
4	0	0	0	0	513	
5	0	0	0	0	511	
6	0	0	0	0	510	
7	0	0	0	0	510	
8	0	0	0	0	511	
9	0	0	0	0	511	
10	0	0	0	0	511	
11	0	0	0	0	512	
12	0	0	0	0	512	
13	0	0	0	0	512	
14	0	0	0	0	513	
15	0	0	0	0	513	
0	0	0	0	0	514	
1	0	0	0	0	514	
2	0	0	0	0	515	
3	0	0	0	0	513	
4	0	0	0	0	513	
5	0	0	0	0	514	
6	0	0	0	0	513	
7	0	0	0	0	512	
8	0	0	0	0	512	
9	0	0	0	0	517	
10	0	0	0	0	519	
11	0	0	0	0	520	
12	0	0	0	0	521	
13	0	0	0	0	519	
14	0	0	0	0	520	
15	0	0	0	0	521	
0	0	0	0	0	520	
1	0	0	0	0	519	
2	0	0	0	0	518	
3	0	0	0	0	517	
4	0	0	0	0	517	
5	0	0	0	0	518	
6	0	0	0	0	519	
7	0	0	0	0	517	
8	0	0	0	0	516	
9	0	0	0	0	515	
10	0	0	0	0	515	
11	0	0	0	0	515	
12	0	0	0	0	517	
13	0	0	0	0	520	
14	0	0	0	0	522	
15	0	0	0	0	522	
0	0	0	0	0	523	
1	0	0	0	0	524	
2	0	0	0	0	524	
3	0	0	0	0	522	
4	0	0	0	0	520	
5	0	0	0	0	520	
6	0	0	0	0	521	
7	0	0	0	0	523	
8	0	0	0	0	525	
9	0	0	0	0	524	
10	0	0	0	0	523	
11	0	0	0	0	520	
12	0	0	0	0	519	
13	0	0	0	0	516	
14	0	0	0	0	517	
15	0	0	0	0	520	
0	0	0	0	0	523	
1	0	0	0	0	523	
2	0	0	0	0	524	
3	0	0	0	0	525	
4	0	0	0	0	525	
5	0	0	0	0	525	
6	0	0	0	0	523	
7	0	0	0	0	521	
8	0	0	0	0	520	
9	0	0	0	0	520	
10	0	0	0	0	519	
11	0	0	0	0	516	
12	0	0	0	0	515	
13	0	0	0	0	516	
14	0	0	0	0	518	
15	0	0	0	0	518	
0	0	0	0	0	517	
1	0	0	0	0	517	
2	0	0	0	0	516	
3	0	0	0	0	514	
4	0	0	0	0	515	
5	0	0	0	0	517	
6	0	0	0	0	516	
7	0	0	0	0	512	
8	0	0	0	0	513	
9	0	0	0	0	516	
10	0	0	0	0	518	
11	0	0	0	0	515	
12	0	0	0	0	512	
13	0	0	0	0	511	
14	0	0	0	0	512	
15	0	0	0	0	512	
0	0	0	0	0	512	
1	0	0	0	0	511	
2	0	0	0	0	511	
3	0	0	0	0	511	
4	0	0	0	0	512	
5	0	0	0	0	510	
6	0	0	0	0	511	
7	0	0	0	0	513	
8	0	0	0	0	512	
9	0	0	0	0	510	
10	0	0	0	0	508	
11	0	0	0	0	501	
12	0	0	0	0	496	
13	0	0	0	0	501	
14	0	0	0	0	508	
15	0	0	0	0	510	
0	0	0	0	0	507	
1	0	0	0	0	507	
2	0	0	0	0	506	
3	0	0	0	0	503	
4	0	0	0	0	501	
5	0	0	0	0	503	
6	0	0	0	0	506	
7	0	0	0	0	505	
8	0	0	0	0	505	
9	0	0	0	0	506	
10	0	0	0	0	508	
11	0	0	0	0	509	
12	0	0	0	0	506	
13	0	0	0	0	505	
14	0	0	0	0	507	
15	0	0	0	0	509	
0	0	0	0	0	510	
1	0	0	0	0	512	
2	0	0	0	0	512	
3	0	0	0	0	511	
4	0	0	0	0	510	
5	0	0	0	0	508	
6	0	0	0	0	508	
7	0	0	0	0	510	
8	0	0	0	0	510	
9	0	0	0	0	510	
10	0	0	0	0	510	
11	0	0	0	0	509	
12	0	0	0	0	509	
13	0	0	0	0	507	
14	0	0	0	0	505	
15	0	0	0	0	505	
0	0	0	0	0	504	
1	0	0	0	0	504	
2	0	0	0	0	503	
3	0	0	0	0	502	
4	0	0	0	0	500	
5	0	0	0	0	498	
6	0	0	0	0	495	
7	0	0	0	0	492	
8	0	0	0	0	490	
9	0	0	0	0	489	
10	0	0	0	0	486	
11	0	0	0	0	482	
12	0	0	0	0	479	
13	0	0	0	0	478	
14	0	0	0	0	478	
15	0	0	0	0	477	
0	0	0	0	0	477	
1	0	0	0	0	477	
2	0	0	0	0	478	
3	0	0	0	0	479	
4	0	0	0	0	483	
5	0	0	0	0	487	
6	0	0	0	0	495	
7	0	0	0	0	504	
8	0	0	0	0	512	
9	0	0	0	0	518	
10	0	0	0	0	523	
11	0	0	0	0	529	
12	0	0	0	0	537	
13	0	0	0	0	545	
14	0	0	0	0	555	
15	0	0	0	0	568	
0	0	0	0	0	579	
1	0	0	0	0	592	
2	0	0	0	0	608	
3	0	0	0	0	620	
4	0	0	0	0	632	
5	0	0	0	0	644	
6	0	0	0	0	658	
7	0	0	0	0	671	
8	0	0	0	0	682	
9	0	0	0	0	692	
10	0	0	0	0	700	
11	0	0	0	0	702	
12	0	0	0	0	700	
13	0	0	0	0	696	
14	0	0	0	0	688	
15	0	0	0	0	678	
0	0	0	0	0	668	
1	0	0	0	0	657	
2	0	0	0	0	645	
3	0	0	0	0	631	
4	0	0	0	0	614	
5	0	0	0	0	594	
6	0	0	0	0	573	
7	0	0	0	0	554	
8	0	0	0	0	536	
9	0	0	0	0	522	
10	0	0	0	0	508	
11	0	0	0	0	493	
12	0	0	0	0	483	
13	0	0	0	0	475	
14	0	0	0	0	466	
15	0	0	0	0	460	
0	0	0	0	0	456	
1	0	0	0	0	454	
2	0	0	0	0	453	
3	0	0	0	0	455	
4	0	0	0	0	457	
5	0	0	0	0	458	
6	0	0	0	0	460	
7	0	0	0	0	464	
8	0	0	0	0	468	
9	0	0	0	0	468	
10	0	0	0	0	467	
11	0	0	0	0	472	
12	0	0	0	0	475	
13	0	0	0	0	477	
14	0	0	0	0	477	
15	0	0	0	0	476	
0	0	0	0	0	477	
1	0	0	0	0	479	
2	0	0	0	0	480	
3	0	0	0	0	481	
4	0	0	0	0	483	
5	0	0	0	0	480	
6	0	0	0	0	480	
7	0	0	0	0	484	
8	0	0	0	0	485	
9	0	0	0	0	484	
10	0	0	0	0	482	
11	0	0	0	0	479	
12	0	0	0	0	478	
13	0	0	0	0	478	
14	0	0	0	0	478	
15	0	0	0	0	479	
0	0	0	0	0	480	
1	0	0	0	0	481	
2	0	0	0	0	483	
3	0	0	0	0	484	
4	0	0	0	0	485	
5	0	0	0	0	486	
6	0	0	0	0	486	
7	0	0	0	0	484	
8	0	0	0	0	485	
9	0	0	0	0	484	
10	0	0	0	0	484	
11	0	0	0	0	486	
12	0	0	0	0	486	
13	0	0	0	0	485	
14	0	0	0	0	485	
15	0	0	0	0	484	
0	0	0	0	0	487	
1	0	0	0	0	487	
2	0	0	0	0	488	
3	0	0	0	0	489	
4	0	0	0	0	488	
5	0	0	0	0	487	
6	0	0	0	0	487	
7	0	0	0	0	487	
8	0	0	0	0	487	
9	0	0	0	0	486	
10	0	0	0	0	486	
11	0	0	0	0	488	
12	0	0	0	0	490	
13	0	0	0	0	489	
14	0	0	0	0	488	
15	0	0	0	0	489	
0	0	0	0	0	487	
1	0	0	0	0	488	
2	0	0	0	0	489	
3	0	0	0	0	488	
4	0	0	0	0	488	
5	0	0	0	0	488	
6	0	0	0	0	489	
7	0	0	0	0	489	
8	0	0	0	0	490	
9	0	0	0	0	491	
10	0	0	0	0	492	
11	0	0	0	0	491	
12	0	0	0	0	489	
13	0	0	0	0	487	
14	0	0	0	0	484	
15	0	0	0	0	486	
0	0	0	0	0	490	
1	0	0	0	0	492	
2	0	0	0	0	493	
3	0	0	0	0	494	
4	0	0	0	0	496	
5	0	0	0	0	496	
6	0	0	0	0	497	
7	0	0	0	0	496	
8	0	0	0	0	496	
9	0	0	0	0	495	
10	0	0	0	0	496	
11	0	0	0	0	496	
12	0	0	0	0	497	
13	0	0	0	0	498	
14	0	0	0	0	498	
15	0	0	0	0	498	
0	0	0	0	0	499	
1	0	0	0	0	502	
2	0	0	0	0	503	
3	0	0	0	0	502	
4	0	0	0	0	502	
5	0	0	0	0	503	
6	0	0	0	0	505	
7	0	0	0	0	505	
8	0	0	0	0	504	
9	0	0	0	0	503	
10	0	0	0	0	501	
11	0	0	0	0	498	
12	0	0	0	0	495	
13	0	0	0	0	494	
14	0	0	0	0	495	
15	0	0	0	0	497	
0	0	0	0	0	499	
1	0	0	0	0	498	
2	0	0	0	0	499	
3	0	0	0	0	499	
4	0	0	0	0	499	
5	0	0	0	0	503	
6	0	0	0	0	504	
7	0	0	0	0	505	
8	0	0	0	0	503	
9	0	0	0	0	501	
10	0	0	0	0	502	
11	0	0	0	0	504	
12	0	0	0	0	505	
13	0	0	0	0	507	
14	0	0	0	0	508	
15	0	0	0	0	506	
0	0	0	0	0	507	
1	0	0	0	0	510	
2	0	0	0	0	511	
3	0	0	0	0	510	
4	0	0	0	0	511	
5	0	0	0	0	513	
6	0	0	0	0	512	
7	0	0	0	0	510	
8	0	0	0	0	508	
9	0	0	0	0	507	
10	0	0	0	0	507	
11	0	0	0	0	508	
12	0	0	0	0	510	
13	0	0	0	0	511	
14	0	0	0	0	511	
15	0	0	0	0	512	
0	0	0	0	0	513	
1	0	0	0	0	514	
2	0	0	0	0	515	
3	0	0	0	0	516	
4	0	0	0	0	517	
5	0	0	0	0	516	
6	0	0	0	0	517	
7	0	0	0	0	517	
8	0	0	0	0	517	
9	0	0	0	0	517	
10	0	0	0	0	516	
11	0	0	0	0	517	
12	0	0	0	0	517	
13	0	0	0	0	518	
14	0	0	0	0	518	
15	0	0	0	0	518	
0	0	0	0	0	516	
1	0	0	0	0	515	
2	0	0	0	0	515	
3	0	0	0	0	515	
4	0	0	0	0	515	
5	0	0	0	0	515	
6	0	0	0	0	515	
7	0	0	0	0	517	
8	0	0	0	0	519	
9	0	0	0	0	521	
10	0	0	0	0	521	
11	0	0	0	0	523	
12	0	0	0	0	523	
13	0	0	0	0	521	
14	0	0	0	0	521	
15	0	0	0	0	523	
0	0	0	0	0	523	
1	0	0	0	0	523	
2	0	0	0	0	522	
3	0	0	0	0	521	
4	0	0	0	0	523	
5	0	0	0	0	523	
6	0	0	0	0	523	
7	0	0	0	0	523	
8	0	0	0	0	526	
9	0	0	0	0	527	
10	0	0	0	0	527	
11	0	0	0	0	527	
12	0	0	0	0	527	
13	0	0	0	0	528	
14	0	0	0	0	528	
15	0	0	0	0	528	
0	0	0	0	0	530	
1	0	0	0	0	531	
2	0	0	0	0	531	
3	0	0	0	0	534	
4	0	0	0	0	534	
5	0	0	0	0	533	
6	0	0	0	0	533	
7	0	0	0	0	534	
8	0	0	0	0	534	
9	0	0	0	0	534	
10	0	0	0	0	535	
11	0	0	0	0	537	
12	0	0	0	0	540	
13	0	0	0	0	542	
14	0	0	0	0	541	
15	0	0	0	0	540	
0	0	0	0	0	542	
1	0	0	0	0	542	
2	0	0	0	0	543	
3	0	0	0	0	543	
4	0	0	0	0	544	
5	0	0	0	0	543	
6	0	0	0	0	544	
7	0	0	0	0	546	
8	0	0	0	0	546	
9	0	0	0	0	546	
10	0	0	0	0	547	
11	0	0	0	0	547	
12	0	0	0	0	548	
13	0	0	0	0	547	
14	0	0	0	0	547	
15	0	0	0	0	545	
0	0	0	0	0	545	
1	0	0	0	0	543	
2	0	0	0	0	541	
3	0	0	0	0	543	
4	0	0	0	0	545	
5	0	0	0	0	544	
6	0	0	0	0	544	
7	0	0	0	0	540	
8	0	0	0	0	537	
9	0	0	0	0	538	
10	0	0	0	0	541	
11	0	0	0	0	542	
12	0	0	0	0	539	
13	0	0	0	0	535	
14	0	0	0	0	535	
15	0	0	0	0	537	
0	0	0	0	0	538	
1	0	0	0	0	538	
2	0	0	0	0	540	
3	0	0	0	0	542	
4	0	0	0	0	540	
5	0	0	0	0	540	
6	0	0	0	0	537	
7	0	0	0	0	534	
8	0	0	0	0	531	
9	0	0	0	0	530	
10	0	0	0	0	529	
11	0	0	0	0	528	
12	0	0	0	0	525	
13	0	0	0	0	519	
14	0	0	0	0	519	
15	0	0	0	0	520	
0	0	0	0	0	521	
1	0	0	0	0	519	
2	0	0	0	0	519	
3	0	0	0	0	516	
4	0	0	0	0	512	
5	0	0	0	0	508	
6	0	0	0	0	507	
7	0	0	0	0	508	
8	0	0	0	0	508	
9	0	0	0	0	508	
10	0	0	0	0	507	
11	0	0	0	0	505	
12	0	0	0	0	503	
13	0	0	0	0	501	
14	0	0	0	0	499	
15	0	0	0	0	496	
0	0	0	0	0	494	
1	0	0	0	0	493	
2	0	0	0	0	491	
3	0	0	0	0	491	
4	0	0	0	0	491	
5	0	0	0	0	491	
6	0	0	0	0	488	
7	0	0	0	0	487	
8	0	0	0	0	486	
9	0	0	0	0	484	
10	0	0	0	0	481	
11	0	0	0	0	479	
12	0	0	0	0	480	
13	0	0	0	0	480	
14	0	0	0	0	477	
15	0	0	0	0	476	
0	0	0	0	0	478	
1	0	0	0	0	478	
2	0	0	0	0	477	
3	0	0	0	0	475	
4	0	0	0	0	472	
5	0	0	0	0	472	
6	0	0	0	0	472	
7	0	0	0	0	472	
8	0	0	0	0	471	
9	0	0	0	0	470	
10	0	0	0	0	471	
11	0	0	0	0	472	
12	0	0	0	0	471	
13	0	0	0	0	471	
14	0	0	0	0	470	
15	0	0	0	0	472	
0	0	0	0	0	472	
1	0	0	0	0	473	
2	0	0	0	0	472	
3	0	0	0	0	471	
4	0	0	0	0	468	
5	0	0	0	0	470	
6	0	0	0	0	471	
7	0	0	0	0	469	
8	0	0	0	0	469	
9	0	0	0	0	468	
10	0	0	0	0	468	
11	0	0	0	0	470	
12	0	0	0	0	471	
13	0	0	0	0	471	
14	0	0	0	0	469	
15	0	0	0	0	466	
0	0	0	0	0	464	
1	0	0	0	0	467	
2	0	0	0	0	467	
3	0	0	0	0	467	
4	0	0	0	0	470	
5	0	0	0	0	474	
6	0	0	0	0	476	
7	0	0	0	0	476	
8	0	0	0	0	477	
9	0	0	0	0	477	
10	0	0	0	0	480	
11	0	0	0	0	481	
12	0	0	0	0	481	
13	0	0	0	0	481	
14	0	0	0	0	480	
15	0	0	0	0	477	
0	0	0	0	0	476	
1	0	0	0	0	476	
2	0	0	0	0	475	
3	0	0	0	0	478	
4	0	0	0	0	481	
5	0	0	0	0	483	
6	0	0	0	0	484	
7	0	0	0	0	483	
8	0	0	0	0	483	
9	0	0	0	0	484	
10	0	0	0	0	485	
11	0	0	0	0	484	
12	0	0	0	0	484	
13	0	0	0	0	482	
14	0	0	0	0	480	
15	0	0	0	0	481	
0	0	0	0	0	483	
1	0	0	0	0	486	
2	0	0	0	0	486	
3	0	0	0	0	487	
4	0	0	0	0	488	
5	0	0	0	0	490	
6	0	0	0	0	490	
7	0	0	0	0	487	
8	0	0	0	0	488	
9	0	0	0	0	487	
10	0	0	0	0	487	
11	0	0	0	0	489	
12	0	0	0	0	489	
13	0	0	0	0	489	
14	0	0	0	0	488	
15	0	0	0	0	488	
0	0	0	0	0	487	
1	0	0	0	0	487	
2	0	0	0	0	488	
3	0	0	0	0	489	
4	0	0	0	0	490	
5	0	0	0	0	490	
6	0	0	0	0	488	
7	0	0	0	0	487	
8	0	0	0	0	487	
9	0	0	0	0	492	
10	0	0	0	0	496	
11	0	0	0	0	497	
12	0	0	0	0	498	
13	0	0	0	0	499	
14	0	0	0	0	499	
15	0	0	0	0	497	
0	0	0	0	0	497	
1	0	0	0	0	500	
2	0	0	0	0	499	
3	0	0	0	0	497	
4	0	0	0	0	498	
5	0	0	0	0	500	
6	0	0	0	0	502	
7	0	0	0	0	502	
8	0	0	0	0	500	
9	0	0	0	0	498	
10	0	0	0	0	498	
11	0	0	0	0	499	
12	0	0	0	0	499	
13	0	0	0	0	499	
14	0	0	0	0	497	
15	0	0	0	0	496	
0	0	0	0	0	497	
1	0	0	0	0	497	
2	0	0	0	0	497	
3	0	0	0	0	496	
4	0	0	0	0	495	
5	0	0	0	0	497	
6	0	0	0	0	498	
7	0	0	0	0	497	
8	0	0	0	0	497	
9	0	0	0	0	498	
10	0	0	0	0	499	
11	0	0	0	0	499	
12	0	0	0	0	500	
13	0	0	0	0	502	
14	0	0	0	0	502	
15	0	0	0	0	502	
0	0	0	0	0	502	
1	0	0	0	0	502	
2	0	0	0	0	502	
3	0	0	0	0	502	
4	0	0	0	0	502	
5	0	0	0	0	503	
6	0	0	0	0	503	
7	0	0	0	0	502	
8	0	0	0	0	501	
9	0	0	0	0	500	
10	0	0	0	0	500	
11	0	0	0	0	501	
12	0	0	0	0	503	
13	0	0	0	0	502	
14	0	0	0	0	502	
15	0	0	0	0	500	
0	0	0	0	0	499	
1	0	0	0	0	500	
2	0	0	0	0	502	
3	0	0	0	0	501	
4	0	0	0	0	501	
5	0	0	0	0	503	
6	0	0	0	0	505	
7	0	0	0	0	505	
8	0	0	0	0	506	
9	0	0	0	0	506	
10	0	0	0	0	503	
11	0	0	0	0	501	
12	0	0	0	0	503	
13	0	0	0	0	504	
14	0	0	0	0	505	
15	0	0	0	0	506	
0	0	0	0	0	506	
1	0	0	0	0	507	
2	0	0	0	0	506	
3	0	0	0	0	505	
4	0	0	0	0	505	
5	0	0	0	0	503	
6	0	0	0	0	504	
7	0	0	0	0	507	
8	0	0	0	0	505	
9	0	0	0	0	504	
10	0	0	0	0	504	
11	0	0	0	0	505	
12	0	0	0	0	507	
13	0	0	0	0	506	
14	0	0	0	0	505	
15	0	0	0	0	506	
0	0	0	0	0	510	
1	0	0	0	0	510	
2	0	0	0	0	508	
3	0	0	0	0	504	
4	0	0	0	0	497	
5	0	0	0	0	497	
6	0	0	0	0	502	
7	0	0	0	0	505	
8	0	0	0	0	509	
9	0	0	0	0	510	
10	0	0	0	0	510	
11	0	0	0	0	511	
12	0	0	0	0	512	
13	0	0	0	0	511	
14	0	0	0	0	508	
15	0	0	0	0	505	
0	0	0	0	0	508	
1	0	0	0	0	509	
2	0	0	0	0	509	
3	0	0	0	0	510	
4	0	0	0	0	509	
5	0	0	0	0	509	
6	0	0	0	0	510	
7	0	0	0	0	512	
8	0	0	0	0	511	
9	0	0	0	0	510	
10	0	0	0	0	511	
11	0	0	0	0	512	
12	0	0	0	0	513	
13	0	0	0	0	512	
14	0	0	0	0	511	
15	0	0	0	0	511	
0	0	0	0	0	510	
1	0	0	0	0	512	
2	0	0	0	0	512	
3	0	0	0	0	512	
4	0	0	0	0	512	
5	0	0	0	0	511	
6	0	0	0	0	510	
7	0	0	0	0	511	
8	0	0	0	0	512	
9	0	0	0	0	511	
10	0	0	0	0	506	
11	0	0	0	0	503	
12	0	0	0	0	505	
13	0	0	0	0	508	
14	0	0	0	0	512	
15	0	0	0	0	512	
0	0	0	0	0	512	
1	0	0	0	0	511	
2	0	0	0	0	509	
3	0	0	0	0	512	
4	0	0	0	0	512	
5	0	0	0	0	512	
6	0	0	0	0	510	
7	0	0	0	0	509	
8	0	0	0	0	511	
9	0	0	0	0	512	
10	0	0	0	0	513	
11	0	0	0	0	514	
12	0	0	0	0	513	
13	0	0	0	0	511	
14	0	0	0	0	510	
15	0	0	0	0	511	
0	0	0	0	0	512	
1	0	0	0	0	511	
2	0	0	0	0	511	
3	0	0	0	0	511	
4	0	0	0	0	512	
5	0	0	0	0	512	
6	0	0	0	0	513	
7	0	0	0	0	514	
8	0	0	0	0	514	
9	0	0	0	0	515	
10	0	0	0	0	515	
11	0	0	0	0	515	
12	0	0	0	0	513	
13	0	0	0	0	513	
14	0	0	0	0	513	
15	0	0	0	0	513	
0	0	0	0	0	512	
1	0	0	0	0	512	
2	0	0	0	0	512	
3	0	0	0	0	512	
4	0	0	0	0	513	
5	0	0	0	0	513	
6	0	0	0	0	515	
7	0	0	0	0	515	
8	0	0	0	0	514	
9	0	0	0	0	515	
10	0	0	0	0	516	
11	0	0	0	0	514	
12	0	0	0	0	511	
13	0	0	0	0	510	
14	0	0	0	0	509	
15	0	0	0	0	509	
0	0	0	0	0	510	
1	0	0	0	0	512	
2	0	0	0	0	512	
3	0	0	0	0	513	
4	0	0	0	0	512	
5	0	0	0	0	510	
6	0	0	0	0	511	
7	0	0	0	0	512	
8	0	0	0	0	512	
9	0	0	0	0	512	
10	0	0	0	0	515	
11	0	0	0	0	516	
12	0	0	0	0	516	
13	0	0	0	0	518	
14	0	0	0	0	517	
15	0	0	0	0	516	
0	0	0	0	0	516	
1	0	0	0	0	518	
2	0	0	0	0	519	
3	0	0	0	0	519	
4	0	0	0	0	519	
5	0	0	0	0	519	
6	0	0	0	0	519	
7	0	0	0	0	517	
8	0	0	0	0	515	
9	0	0	0	0	518	
10	0	0	0	0	518	
11	0	0	0	0	516	
12	0	0	0	0	513	
13	0	0	0	0	508	
14	0	0	0	0	505	
15	0	0	0	0	508	
0	0	0	0	0	514	
1	0	0	0	0	515	
2	0	0	0	0	514	
3	0	0	0	0	512	
4	0	0	0	0	513	
5	0	0	0	0	516	
6	0	0	0	0	516	
7	0	0	0	0	516	
8	0	0	0	0	515	
9	0	0	0	0	515	
10	0	0	0	0	512	
11	0	0	0	0	509	
12	0	0	0	0	510	
13	0	0	0	0	513	
14	0	0	0	0	514	
15	0	0	0	0	515	
0	0	0	0	0	516	
1	0	0	0	0	516	
2	0	0	0	0	517	
3	0	0	0	0	515	
4	0	0	0	0	513	
5	0	0	0	0	512	
6	0	0	0	0	514	
7	0	0	0	0	515	
8	0	0	0	0	514	
9	0	0	0	0	514	
10	0	0	0	0	515	
11	0	0	0	0	514	
12	0	0	0	0	512	
13	0	0	0	0	513	
14	0	0	0	0	512	
15	0	0	0	0	513	
0	0	0	0	0	513	
1	0	0	0	0	513	
2	0	0	0	0	512	
3	0	0	0	0	512	
4	0	0	0	0	512	
5	0	0	0	0	513	
6	0	0	0	0	513	
7	0	0	0	0	512	
8	0	0	0	0	513	
9	0	0	0	0	515	
10	0	0	0	0	515	
11	0	0	0	0	515	
12	0	0	0	0	516	
13	0	0	0	0	517	
14	0	0	0	0	517	
15	0	0	0	0	518	
0	0	0	0	0	518	
1	0	0	0	0	519	
2	0	0	0	0	518	
3	0	0	0	0	519	
4	0	0	0	0	517	
5	0	0	0	0	514	
6	0	0	0	0	514	
7	0	0	0	0	518	
8	0	0	0	0	519	
9	0	0	0	0	515	
10	0	0	0	0	516	
11	0	0	0	0	515	
12	0	0	0	0	514	
13	0	0	0	0	513	
14	0	0	0	0	513	
15	0	0	0	0	512	
0	0	0	0	0	513	
1	0	0	0	0	513	
2	0	0	0	0	513	
3	0	0	0	0	512	
4	0	0	0	0	512	
5	0	0	0	0	514	
6	0	0	0	0	516	
7	0	0	0	0	516	
8	0	0	0	0	515	
9	0	0	0	0	513	
10	0	0	0	0	513	
11	0	0	0	0	514	
12	0	0	0	0	512	
13	0	0	0	0	512	
14	0	0	0	0	514	
15	0	0	0	0	513	
0	0	0	0	0	515	
1	0	0	0	0	515	
2	0	0	0	0	515	
3	0	0	0	0	515	
4	0	0	0	0	515	
5	0	0	0	0	515	
6	0	0	0	0	514	
7	0	0	0	0	515	
8	0	0	0	0	514	
9	0	0	0	0	515	
10	0	0	0	0	516	
11	0	0	0	0	518	
12	0	0	0	0	517	
13	0	0	0	0	516	
14	0	0	0	0	516	
15	0	0	0	0	515	
0	0	0	0	0	514	
1	0	0	0	0	514	
2	0	0	0	0	513	
3	0	0	0	0	513	
4	0	0	0	0	513	
5	0	0	0	0	515	
6	0	0	0	0	516	
7	0	0	0	0	517	
8	0	0	0	0	518	
9	0	0	0	0	518	
10	0	0	0	0	517	
11	0	0	0	0	516	
12	0	0	0	0	516	
13	0	0	0	0	515	
14	0	0	0	0	518	
15	0	0	0	0	519	
0	0	0	0	0	517	
1	0	0	0	0	515	
2	0	0	0	0	514	
3	0	0	0	0	514	
4	0	0	0	0	514	
5	0	0	0	0	513	
6	0	0	0	0	514	
7	0	0	0	0	515	
8	0	0	0	0	516	
9	0	0	0	0	517	
10	0	0	0	0	516	
11	0	0	0	0	517	
12	0	0	0	0	516	
13	0	0	0	0	515	
14	0	0	0	0	514	
15	0	0	0	0	515	
0	0	0	0	0	515	
1	0	0	0	0	515	
2	0	0	0	0	515	
3	0	0	0	0	513	
4	0	0	0	0	512	
5	0	0	0	0	513	
6	0	0	0	0	514	
7	0	0	0	0	515	
8	0	0	0	0	516	
9	0	0	0	0	516	
10	0	0	0	0	514	
11	0	0	0	0	513	
12	0	0	0	0	513	
13	0	0	0	0	513	
14	0	0	0	0	513	
15	0	0	0	0	514	
0	0	0	0	0	511	
1	0	0	0	0	511	
2	0	0	0	0	513	
3	0	0	0	0	515	
4	0	0	0	0	517	
5	0	0	0	0	518	
6	0	0	0	0	517	
7	0	0	0	0	516	
8	0	0	0	0	516	
9	0	0	0	0	517	
10	0	0	0	0	517	
11	0	0	0	0	518	
12	0	0	0	0	518	
13	0	0	0	0	519	
14	0	0	0	0	518	
15	0	0	0	0	516	
0	0	0	0	0	515	
1	0	0	0	0	515	
2	0	0	0	0	514	
3	0	0	0	0	513	
4	0	0	0	0	511	
5	0	0	0	0	509	
6	0	0	0	0	510	
7	0	0	0	0	511	
8	0	0	0	0	515	
9	0	0	0	0	518	
10	0	0	0	0	519	
11	0	0	0	0	518	
12	0	0	0	0	517	
13	0	0	0	0	517	
14	0	0	0	0	513	
15	0	0	0	0	510	
0	0	0	0	0	508	
1	0	0	0	0	510	
2	0	0	0	0	512	
3	0	0	0	0	512	
4	0	0	0	0	513	
5	0	0	0	0	514	
6	0	0	0	0	514	
7	0	0	0	0	513	
8	0	0	0	0	512	
9	0	0	0	0	513	
10	0	0	0	0	515	
11	0	0	0	0	515	
12	0	0	0	0	516	
13	0	0	0	0	515	
14	0	0	0	0	516	
15	0	0	0	0	514	
0	0	0	0	0	515	
1	0	0	0	0	514	
2	0	0	0	0	513	
3	0	0	0	0	513	
4	0	0	0	0	515	
5	0	0	0	0	515	
6	0	0	0	0	517	
7	0	0	0	0	518	
8	0	0	0	0	520	
9	0	0	0	0	520	
10	0	0	0	0	518	
11	0	0	0	0	517	
12	0	0	0	0	517	
13	0	0	0	0	518	
14	0	0	0	0	518	
15	0	0	0	0	515	
0	0	0	0	0	513	
1	0	0	0	0	512	
2	0	0	0	0	513	
3	0	0	0	0	515	
4	0	0	0	0	516	
5	0	0	0	0	515	
6	0	0	0	0	515	
7	0	0	0	0	516	
8	0	0	0	0	517	
9	0	0	0	0	518	
10	0	0	0	0	518	
11	0	0	0	0	517	
12	0	0	0	0	516	
13	0	0	0	0	514	
14	0	0	0	0	514	
15	0	0	0	0	515	
0	0	0	0	0	515	
1	0	0	0	0	515	
2	0	0	0	0	515	
3	0	0	0	0	515	
4	0	0	0	0	515	
5	0	0	0	0	516	
6	0	0	0	0	517	
7	0	0	0	0	518	
8	0	0	0	0	518	
9	0	0	0	0	516	
10	0	0	0	0	516	
11	0	0	0	0	514	
12	0	0	0	0	514	
13	0	0	0	0	515	
14	0	0	0	0	516	
15	0	0	0	0	515	
0	0	0	0	0	514	
1	0	0	0	0	515	
2	0	0	0	0	516	
3	0	0	0	0	516	
4	0	0	0	0	517	
5	0	0	0	0	518	
6	0	0	0	0	519	
7	0	0	0	0	519	
8	0	0	0	0	518	
9	0	0	0	0	517	
10	0	0	0	0	516	
11	0	0	0	0	515	
12	0	0	0	0	515	
13	0	0	0	0	516	
14	0	0	0	0	517	
15	0	0	0	0	517	
0	0	0	0	0	516	
1	0	0	0	0	516	
2	0	0	0	0	516	
3	0	0	0	0	516	
4	0	0	0	0	516	
5	0	0	0	0	517	
6	0	0	0	0	517	
7	0	0	0	0	516	
8	0	0	0	0	513	
9	0	0	0	0	513	
10	0	0	0	0	515	
11	0	0	0	0	517	
12	0	0	0	0	516	
13	0	0	0	0	517	
14	0	0	0	0	517	
15	0	0	0	0	515	
0	0	0	0	0	516	
1	0	0	0	0	518	
2	0	0	0	0	518	
3	0	0	0	0	516	
4	0	0	0	0	515	
5	0	0	0	0	515	
6	0	0	0	0	518	
7	0	0	0	0	519	
8	0	0	0	0	517	
9	0	0	0	0	517	
10	0	0	0	0	517	
11	0	0	0	0	518	
12	0	0	0	0	518	
13	0	0	0	0	521	
14	0	0	0	0	521	
15	0	0	0	0	521	
0	0	0	0	0	522	
1	0	0	0	0	520	
2	0	0	0	0	518	
3	0	0	0	0	518	
4	0	0	0	0	518	
5	0	0	0	0	518	
6	0	0	0	0	519	
7	0	0	0	0	520	
8	0	0	0	0	520	
9	0	0	0	0	521	
10	0	0	0	0	523	
11	0	0	0	0	521	
12	0	0	0	0	522	
13	0	0	0	0	523	
14	0	0	0	0	524	
15	0	0	0	0	524	
0	0	0	0	0	525	
1	0	0	0	0	524	
2	0	0	0	0	524	
3	0	0	0	0	524	
4	0	0	0	0	524	
5	0	0	0	0	524	
6	0	0	0	0	525	
7	0	0	0	0	526	
8	0	0	0	0	526	
9	0	0	0	0	527	
10	0	0	0	0	527	
11	0	0	0	0	527	
12	0	0	0	0	526	
13	0	0	0	0	526	
14	0	0	0	0	526	
15	0	0	0	0	526	
0	0	0	0	0	527	
1	0	0	0	0	528	
2	0	0	0	0	528	
3	0	0	0	0	528	
4	0	0	0	0	527	
5	0	0	0	0	526	
6	0	0	0	0	524	
7	0	0	0	0	524	
8	0	0	0	0	523	
9	0	0	0	0	523	
10	0	0	0	0	524	
11	0	0	0	0	524	
12	0	0	0	0	524	
13	0	0	0	0	523	
14	0	0	0	0	521	
15	0	0	0	0	521	
0	0	0	0	0	520	
1	0	0	0	0	519	
2	0	0	0	0	519	
3	0	0	0	0	519	
4	0	0	0	0	519	
5	0	0	0	0	519	
6	0	0	0	0	519	
7	0	0	0	0	520	
8	0	0	0	0	519	
9	0	0	0	0	519	
10	0	0	0	0	518	
11	0	0	0	0	516	
12	0	0	0	0	516	
13	0	0	0	0	516	
14	0	0	0	0	516	
15	0	0	0	0	518	
0	0	0	0	0	518	
1	0	0	0	0	518	
2	0	0	0	0	518	
3	0	0	0	0	516	
4	0	0	0	0	514	
5	0	0	0	0	513	
6	0	0	0	0	513	
7	0	0	0	0	512	
8	0	0	0	0	511	
9	0	0	0	0	510	
10	0	0	0	0	509	
11	0	0	0	0	510	
12	0	0	0	0	510	
13	0	0	0	0	511	
14	0	0	0	0	510	
15	0	0	0	0	510	
0	0	0	0	0	511	
1	0	0	0	0	511	
2	0	0	0	0	511	
3	0	0	0	0	510	
4	0	0	0	0	510	
5	0	0	0	0	509	
6	0	0	0	0	508	
7	0	0	0	0	507	
8	0	0	0	0	505	
9	0	0	0	0	503	
10	0	0	0	0	500	
11	0	0	0	0	500	
12	0	0	0	0	501	
13	0	0	0	0	502	
14	0	0	0	0	500	
15	0	0	0	0	500	
0	0	0	0	0	501	
1	0	0	0	0	501	
2	0	0	0	0	501	
3	0	0	0	0	502	
4	0	0	0	0	505	
5	0	0	0	0	506	
6	0	0	0	0	505	
7	0	0	0	0	504	
8	0	0	0	0	504	
9	0	0	0	0	505	
10	0	0	0	0	503	
11	0	0	0	0	504	
12	0	0	0	0	505	
13	0	0	0	0	507	
14	0	0	0	0	508	
15	0	0	0	0	505	
0	0	0	0	0	503	
1	0	0	0	0	504	
2	0	0	0	0	504	
3	0	0	0	0	503	
4	0	0	0	0	502	
5	0	0	0	0	502	
6	0	0	0	0	500	
7	0	0	0	0	499	
8	0	0	0	0	499	
9	0	0	0	0	501	
10	0	0	0	0	498	
11	0	0	0	0	496	
12	0	0	0	0	496	
13	0	0	0	0	496	
14	0	0	0	0	496	
15	0	0	0	0	494	
0	0	0	0	0	491	
1	0	0	0	0	487	
2	0	0	0	0	483	
3	0	0	0	0	480	
4	0	0	0	0	480	
5	0	0	0	0	478	
6	0	0	0	0	477	
7	0	0	0	0	479	
8	0	0	0	0	480	
9	0	0	0	0	481	
10	0	0	0	0	484	
11	0	0	0	0	487	
12	0	0	0	0	494	
13	0	0	0	0	502	
14	0	0	0	0	512	
15	0	0	0	0	519	
0	0	0	0	0	524	
1	0	0	0	0	531	
2	0	0	0	0	540	
3	0	0	0	0	551	
4	0	0	0	0	560	
5	0	0	0	0	571	
6	0	0	0	0	584	
7	0	0	0	0	597	
8	0	0	0	0	609	
9	0	0	0	0	622	
10	0	0	0	0	636	
11	0	0	0	0	652	
12	0	0	0	0	666	
13	0	0	0	0	680	
14	0	0	0	0	694	
15	0	0	0	0	703	
0	0	0	0	0	710	
1	0	0	0	0	715	
2	0	0	0	0	715	
3	0	0	0	0	713	
4	0	0	0	0	706	
5	0	0	0	0	694	
6	0	0	0	0	682	
7	0	0	0	0	668	
8	0	0	0	0	654	
9	0	0	0	0	639	
10	0	0	0	0	625	
11	0	0	0	0	606	
12	0	0	0	0	587	
13	0	0	0	0	567	
14	0	0	0	0	549	
15	0	0	0	0	532	
0	0	0	0	0	516	
1	0	0	0	0	504	
2	0	0	0	0	492	
3	0	0	0	0	482	
4	0	0	0	0	474	
5	0	0	0	0	467	
6	0	0	0	0	463	
7	0	0	0	0	459	
8	0	0	0	0	457	
9	0	0	0	0	457	
10	0	0	0	0	457	
11	0	0	0	0	458	
12	0	0	0	0	460	
13	0	0	0	0	462	
14	0	0	0	0	465	
15	0	0	0	0	467	
0	0	0	0	0	469	
1	0	0	0	0	472	
2	0	0	0	0	476	
3	0	0	0	0	480	
4	0	0	0	0	483	
5	0	0	0	0	485	
6	0	0	0	0	484	
7	0	0	0	0	482	
8	0	0	0	0	481	
9	0	0	0	0	481	
10	0	0	0	0	481	
11	0	0	0	0	481	
12	0	0	0	0	481	
13	0	0	0	0	481	
14	0	0	0	0	482	
15	0	0	0	0	482	
0	0	0	0	0	481	
1	0	0	0	0	481	
2	0	0	0	0	480	
3	0	0	0	0	480	
4	0	0	0	0	480	
5	0	0	0	0	480	
6	0	0	0	0	479	
7	0	0	0	0	479	
8	0	0	0	0	479	
9	0	0	0	0	477	
10	0	0	0	0	477	
11	0	0	0	0	478	
12	0	0	0	0	481	
13	0	0	0	0	480	
14	0	0	0	0	480	
15	0	0	0	0	481	
0	0	0	0	0	483	
1	0	0	0	0	483	
2	0	0	0	0	485	
3	0	0	0	0	486	
4	0	0	0	0	486	
5	0	0	0	0	485	
6	0	0	0	0	486	
7	0	0	0	0	486	
8	0	0	0	0	487	
9	0	0	0	0	487	
10	0	0	0	0	486	
11	0	0	0	0	485	
12	0	0	0	0	484	
13	0	0	0	0	485	
14	0	0	0	0	484	
15	0	0	0	0	484	
0	0	0	0	0	486	
1	0	0	0	0	487	
2	0	0	0	0	489	
3	0	0	0	0	489	
4	0	0	0	0	491	
5	0	0	0	0	491	
6	0	0	0	0	491	
7	0	0	0	0	490	
8	0	0	0	0	491	
9	0	0	0	0	491	
10	0	0	0	0	492	
11	0	0	0	0	493	
12	0	0	0	0	495	
13	0	0	0	0	495	
14	0	0	0	0	495	
15	0	0	0	0	495	
0	0	0	0	0	493	
1	0	0	0	0	494	
2	0	0	0	0	495	
3	0	0	0	0	496	
4	0	0	0	0	497	
5	0	0	0	0	496	
6	0	0	0	0	495	
7	0	0	0	0	495	
8	0	0	0	0	496	
9	0	0	0	0	496	
10	0	0	0	0	496	
11	0	0	0	0	493	
12	0	0	0	0	493	
13	0	0	0	0	495	
14	0	0	0	0	496	
15	0	0	0	0	496	
0	0	0	0	0	498	
1	0	0	0	0	499	
2	0	0	0	0	499	
3	0	0	0	0	499	
4	0	0	0	0	499	
5	0	0	0	0	500	
6	0	0	0	0	499	
7	0	0	0	0	497	
8	0	0	0	0	497	
9	0	0	0	0	498	
10	0	0	0	0	500	
11	0	0	0	0	501	
12	0	0	0	0	500	
13	0	0	0	0	499	
14	0	0	0	0	499	
15	0	0	0	0	503	
0	0	0	0	0	505	
1	0	0	0	0	507	
2	0	0	0	0	507	
3	0	0	0	0	507	
4	0	0	0	0	507	
5	0	0	0	0	505	
6	0	0	0	0	504	
7	0	0	0	0	503	
8	0	0	0	0	503	
9	0	0	0	0	504	
10	0	0	0	0	503	
11	0	0	0	0	500	
12	0	0	0	0	503	
13	0	0	0	0	504	
14	0	0	0	0	506	
15	0	0	0	0	506	
0	0	0	0	0	506	
1	0	0	0	0	505	
2	0	0	0	0	507	
3	0	0	0	0	508	
4	0	0	0	0	509	
5	0	0	0	0	509	
6	0	0	0	0	511	
7	0	0	0	0	510	
8	0	0	0	0	509	
9	0	0	0	0	509	
10	0	0	0	0	509	
11	0	0	0	0	509	
12	0	0	0	0	508	
13	0	0	0	0	509	
14	0	0	0	0	510	
15	0	0	0	0	511	
0	0	0	0	0	512	
1	0	0	0	0	513	
2	0	0	0	0	514	
3	0	0	0	0	514	
4	0	0	0	0	516	
5	0	0	0	0	516	
6	0	0	0	0	516	
7	0	0	0	0	515	
8	0	0	0	0	512	
9	0	0	0	0	512	
10	0	0	0	0	512	
11	0	0	0	0	511	
12	0	0	0	0	511	
13	0	0	0	0	512	
14	0	0	0	0	513	
15	0	0	0	0	514	
0	0	0	0	0	515	
1	0	0	0	0	516	
2	0	0	0	0	516	
3	0	0	0	0	516	
4	0	0	0	0	515	
5	0	0	0	0	516	
6	0	0	0	0	519	
7	0	0	0	0	519	
8	0	0	0	0	519	
9	0	0	0	0	519	
10	0	0	0	0	518	
11	0	0	0	0	519	
12	0	0	0	0	520	
13	0	0	0	0	521	
14	0	0	0	0	520	
15	0	0	0	0	518	
0	0	0	0	0	518	
1	0	0	0	0	517	
2	0	0	0	0	515	
3	0	0	0	0	516	
4	0	0	0	0	520	
5	0	0	0	0	523	
6	0	0	0	0	524	
7	0	0	0	0	525	
8	0	0	0	0	527	
9	0	0	0	0	528	
10	0	0	0	0	528	
11	0	0	0	0	529	
12	0	0	0	0	531	
13	0	0	0	0	530	
14	0	0	0	0	529	
15	0	0	0	0	527	
0	0	0	0	0	527	
1	0	0	0	0	526	
2	0	0	0	0	526	
3	0	0	0	0	527	
4	0	0	0	0	529	
5	0	0	0	0	531	
6	0	0	0	0	531	
7	0	0	0	0	532	
8	0	0	0	0	536	
9	0	0	0	0	537	
10	0	0	0	0	536	
11	0	0	0	0	535	
12	0	0	0	0	535	
13	0	0	0	0	535	
14	0	0	0	0	536	
15	0	0	0	0	537	
0	0	0	0	0	538	
1	0	0	0	0	539	
2	0	0	0	0	537	
3	0	0	0	0	538	
4	0	0	0	0	537	
5	0	0	0	0	537	
6	0	0	0	0	539	
7	0	0	0	0	540	
8	0	0	0	0	541	
9	0	0	0	0	542	
10	0	0	0	0	542	
11	0	0	0	0	544	
12	0	0	0	0	545	
13	0	0	0	0	545	
14	0	0	0	0	546	
15	0	0	0	0	546	
0	0	0	0	0	547	
1	0	0	0	0	545	
2	0	0	0	0	546	
3	0	0	0	0	545	
4	0	0	0	0	545	
5	0	0	0	0	545	
6	0	0	0	0	547	
7	0	0	0	0	549	
8	0	0	0	0	549	
9	0	0	0	0	550	
10	0	0	0	0	549	
11	0	0	0	0	546	
12	0	0	0	0	546	
13	0	0	0	0	547	
14	0	0	0	0	548	
15	0	0	0	0	547	
0	0	0	0	0	547	
1	0	0	0	0	547	
2	0	0	0	0	548	
3	0	0	0	0	548	
4	0	0	0	0	549	
5	0	0	0	0	548	
6	0	0	0	0	547	
7	0	0	0	0	547	
8	0	0	0	0	548	
9	0	0	0	0	547	
10	0	0	0	0	544	
11	0	0	0	0	544	
12	0	0	0	0	543	
13	0	0	0	0	542	
14	0	0	0	0	541	
15	0	0	0	0	539	
0	0	0	0	0	539	
1	0	0	0	0	537	
2	0	0	0	0	536	
3	0	0	0	0	535	
4	0	0	0	0	533	
5	0	0	0	0	531	
6	0	0	0	0	529	
7	0	0	0	0	526	
8	0	0	0	0	525	
9	0	0	0	0	524	
10	0	0	0	0	524	
11	0	0	0	0	522	
12	0	0	0	0	519	
13	0	0	0	0	516	
14	0	0	0	0	512	
15	0	0	0	0	511	
0	0	0	0	0	510	
1	0	0	0	0	510	
2	0	0	0	0	509	
3	0	0	0	0	509	
4	0	0	0	0	507	
5	0	0	0	0	505	
6	0	0	0	0	504	
7	0	0	0	0	501	
8	0	0	0	0	500	
9	0	0	0	0	499	
10	0	0	0	0	499	
11	0	0	0	0	499	
12	0	0	0	0	498	
13	0	0	0	0	496	
14	0	0	0	0	494	
15	0	0	0	0	494	
0	0	0	0	0	493	
1	0	0	0	0	492	
2	0	0	0	0	490	
3	0	0	0	0	489	
4	0	0	0	0	488	
5	0	0	0	0	487	
6	0	0	0	0	487	
7	0	0	0	0	486	
8	0	0	0	0	486	
9	0	0	0	0	486	
10	0	0	0	0	485	
11	0	0	0	0	485	
12	0	0	0	0	486	
13	0	0	0	0	485	
14	0	0	0	0	484	
15	0	0	0	0	483	
0	0	0	0	0	483	
1	0	0	0	0	481	
2	0	0	0	0	480	
3	0	0	0	0	481	
4	0	0	0	0	480	
5	0	0	0	0	479	
6	0	0	0	0	480	
7	0	0	0	0	481	
8	0	0	0	0	481	
9	0	0	0	0	480	
10	0	0	0	0	479	
11	0	0	0	0	478	
12	0	0	0	0	478	
13	0	0	0	0	480	
14	0	0	0	0	481	
15	0	0	0	0	480	
0	0	0	0	0	481	
1	0	0	0	0	479	
2	0	0	0	0	480	
3	0	0	0	0	481	
4	0	0	0	0	482	
5	0	0	0	0	481	
6	0	0	0	0	480	
7	0	0	0	0	481	
8	0	0	0	0	481	
9	0	0	0	0	481	
10	0	0	0	0	483	
11	0	0	0	0	483	
12	0	0	0	0	483	
13	0	0	0	0	483	
14	0	0	0	0	484	
15	0	0	0	0	483	
0	0	0	0	0	484	
1	0	0	0	0	487	
2	0	0	0	0	487	
3	0	0	0	0	488	
4	0	0	0	0	487	
5	0	0	0	0	488	
6	0	0	0	0	489	
7	0	0	0	0	489	
8	0	0	0	0	489	
9	0	0	0	0	488	
10	0	0	0	0	488	
11	0	0	0	0	487	
12	0	0	0	0	488	
13	0	0	0	0	489	
14	0	0	0	0	490	
15	0	0	0	0	491	
0	0	0	0	0	491	
1	0	0	0	0	492	
2	0	0	0	0	492	
3	0	0	0	0	493	
4	0	0	0	0	494	
5	0	0	0	0	494	
6	0	0	0	0	496	
7	0	0	0	0	496	
8	0	0	0	0	496	
9	0	0	0	0	498	
10	0	0	0	0	499	
11	0	0	0	0	498	
12	0	0	0	0	498	
13	0	0	0	0	499	
14	0	0	0	0	501	
15	0	0	0	0	502	
0	0	0	0	0	502	
1	0	0	0	0	500	
2	0	0	0	0	499	
3	0	0	0	0	500	
4	0	0	0	0	502	
5	0	0	0	0	502	
6	0	0	0	0	503	
7	0	0	0	0	503	
8	0	0	0	0	503	
9	0	0	0	0	503	
10	0	0	0	0	502	
11	0	0	0	0	503	
12	0	0	0	0	503	
13	0	0	0	0	503	
14	0	0	0	0	504	
15	0	0	0	0	503	
0	0	0	0	0	504	
1	0	0	0	0	502	
2	0	0	0	0	501	
3	0	0	0	0	500	
4	0	0	0	0	503	
5	0	0	0	0	504	
6	0	0	0	0	504	
7	0	0	0	0	504	
8	0	0	0	0	503	
9	0	0	0	0	503	
10	0	0	0	0	502	
11	0	0	0	0	500	
12	0	0	0	0	499	
13	0	0	0	0	500	
14	0	0	0	0	500	
15	0	0	0	0	501	
0	0	0	0	0	504	
1	0	0	0	0	505	
2	0	0	0	0	505	
3	0	0	0	0	504	
4	0	0	0	0	503	
5	0	0	0	0	503	
6	0	0	0	0	505	
7	0	0	0	0	504	
8	0	0	0	0	504	
9	0	0	0	0	505	
10	0	0	0	0	505	
11	0	0	0	0	506	
12	0	0	0	0	507	
13	0	0	0	0	506	
14	0	0	0	0	505	
15	0	0	0	0	506	
0	0	0	0	0	506	
1	0	0	0	0	505	
2	0	0	0	0	504	
3	0	0	0	0	504	
4	0	0	0	0	504	
5	0	0	0	0	504	
6	0	0	0	0	504	
7	0	0	0	0	505	
8	0	0	0	0	506	
9	0	0	0	0	507	
10	0	0	0	0	508	
11	0	0	0	0	506	
12	0	0	0	0	504	
13	0	0	0	0	503	
14	0	0	0	0	502	
15	0	0	0	0	502	
0	0	0	0	0	502	
1	0	0	0	0	504	
2	0	0	0	0	505	
3	0	0	0	0	507	
4	0	0	0	0	508	
5	0	0	0	0	508	
6	0	0	0	0	508	
7	0	0	0	0	508	
8	0	0	0	0	506	
9	0	0	0	0	507	
10	0	0	0	0	509	
11	0	0	0	0	510	
12	0	0	0	0	511	
13	0	0	0	0	512	
14	0	0	0	0	511	
15	0	0	0	0	510	
0	0	0	0	0	509	
1	0	0	0	0	510	
2	0	0	0	0	510	
3	0	0	0	0	512	
4	0	0	0	0	512	
5	0	0	0	0	512	
6	0	0	0	0	513	
7	0	0	0	0	512	
8	0	0	0	0	512	
9	0	0	0	0	512	
10	0	0	0	0	511	
11	0	0	0	0	510	
12	0	0	0	0	509	
13	0	0	0	0	508	
14	0	0	0	0	507	
15	0	0	0	0	506	
0	0	0	0	0	506	
1	0	0	0	0	508	
2	0	0	0	0	510	
3	0	0	0	0	511	
4	0	0	0	0	511	
5	0	0	0	0	511	
6	0	0	0	0	507	
7	0	0	0	0	505	
8	0	0	0	0	507	
9	0	0	0	0	510	
10	0	0	0	0	512	
11	0	0	0	0	512	
12	0	0	0	0	514	
13	0	0	0	0	514	
14	0	0	0	0	513	
15	0	0	0	0	513	
0	0	0	0	0	512	
1	0	0	0	0	509	
2	0	0	0	0	508	
3	0	0	0	0	505	
4	0	0	0	0	507	
5	0	0	0	0	509	
6	0	0	0	0	512	
7	0	0	0	0	513	
8	0	0	0	0	513	
9	0	0	0	0	513	
10	0	0	0	0	513	
11	0	0	0	0	514	
12	0	0	0	0	514	
13	0	0	0	0	512	
14	0	0	0	0	513	
15	0	0	0	0	515	
0	0	0	0	0	515	
1	0	0	0	0	515	
2	0	0	0	0	514	
3	0	0	0	0	514	
4	0	0	0	0	514	
5	0	0	0	0	513	
6	0	0	0	0	513	
7	0	0	0	0	512	
8	0	0	0	0	512	
9	0	0	0	0	511	
10	0	0	0	0	510	
11	0	0	0	0	509	
12	0	0	0	0	508	
13	0	0	0	0	510	
14	0	0	0	0	513	
15	0	0	0	0	514	
0	0	0	0	0	515	
1	0	0	0	0	513	
2	0	0	0	0	512	
3	0	0	0	0	511	
4	0	0	0	0	512	
5	0	0	0	0	513	
6	0	0	0	0	512	
7	0	0	0	0	511	
8	0	0	0	0	512	
9	0	0	0	0	513	
10	0	0	0	0	513	
11	0	0	0	0	513	
12	0	0	0	0	516	
13	0	0	0	0	516	
14	0	0	0	0	515	
15	0	0	0	0	513	
0	0	0	0	0	514	
1	0	0	0	0	515	
2	0	0	0	0	514	
3	0	0	0	0	513	
4	0	0	0	0	514	
5	0	0	0	0	514	
6	0	0	0	0	514	
7	0	0	0	0	515	
8	0	0	0	0	517	
9	0	0	0	0	519	
10	0	0	0	0	519	
11	0	0	0	0	518	
12	0	0	0	0	516	
13	0	0	0	0	515	
14	0	0	0	0	514	
15	0	0	0	0	513	
0	0	0	0	0	514	
1	0	0	0	0	513	
2	0	0	0	0	513	
3	0	0	0	0	514	
4	0	0	0	0	515	
5	0	0	0	0	516	
6	0	0	0	0	517	
7	0	0	0	0	519	
8	0	0	0	0	519	
9	0	0	0	0	518	
10	0	0	0	0	519	
11	0	0	0	0	519	
12	0	0	0	0	520	
13	0	0	0	0	521	
14	0	0	0	0	521	
15	0	0	0	0	521	
0	0	0	0	0	520	
1	0	0	0	0	520	
2	0	0	0	0	519	
3	0	0	0	0	517	
4	0	0	0	0	517	
5	0	0	0	0	516	
6	0	0	0	0	514	
7	0	0	0	0	512	
8	0	0	0	0	512	
9	0	0	0	0	515	
10	0	0	0	0	516	
11	0	0	0	0	516	
12	0	0	0	0	515	
13	0	0	0	0	515	
14	0	0	0	0	517	
15	0	0	0	0	517	
0	0	0	0	0	516	
1	0	0	0	0	517	
2	0	0	0	0	517	
3	0	0	0	0	516	
4	0	0	0	0	515	
5	0	0	0	0	513	
6	0	0	0	0	511	
7	0	0	0	0	507	
8	0	0	0	0	508	
9	0	0	0	0	512	
10	0	0	0	0	516	
11	0	0	0	0	519	
12	0	0	0	0	520	
13	0	0	0	0	520	
14	0	0	0	0	519	
15	0	0	0	0	518	
0	0	0	0	0	519	
1	0	0	0	0	520	
2	0	0	0	0	521	
3	0	0	0	0	521	
4	0	0	0	0	521	
5	0	0	0	0	522	
6	0	0	0	0	521	
7	0	0	0	0	521	
8	0	0	0	0	519	
9	0	0	0	0	519	
10	0	0	0	0	518	
11	0	0	0	0	518	
12	0	0	0	0	518	
13	0	0	0	0	517	
14	0	0	0	0	518	
15	0	0	0	0	518	
0	0	0	0	0	517	
1	0	0	0	0	518	
2	0	0	0	0	518	
3	0	0	0	0	517	
4	0	0	0	0	517	
5	0	0	0	0	518	
6	0	0	0	0	518	
7	0	0	0	0	518	
8	0	0	0	0	517	
9	0	0	0	0	519	
10	0	0	0	0	519	
11	0	0	0	0	519	
12	0	0	0	0	518	
13	0	0	0	0	517	
14	0	0	0	0	518	
15	0	0	0	0	517	
0	0	0	0	0	518	
1	0	0	0	0	517	
2	0	0	0	0	517	
3	0	0	0	0	517	
4	0	0	0	0	515	
5	0	0	0	0	515	
6	0	0	0	0	516	
7	0	0	0	0	517	
8	0	0	0	0	516	
9	0	0	0	0	516	
10	0	0	0	0	517	
11	0	0	0	0	517	
12	0	0	0	0	519	
13	0	0	0	0	519	
14	0	0	0	0	518	
15	0	0	0	0	518	
0	0	0	0	0	517	
1	0	0	0	0	517	
2	0	0	0	0	517	
3	0	0	0	0	518	
4	0	0	0	0	519	
5	0	0	0	0	518	
6	0	0	0	0	518	
7	0	0	0	0	520	
8	0	0	0	0	521	
9	0	0	0	0	523	
10	0	0	0	0	523	
11	0	0	0	0	522	
12	0	0	0	0	521	
13	0	0	0	0	520	
14	0	0	0	0	521	
15	0	0	0	0	520	
0	0	0	0	0	520	
1	0	0	0	0	519	
2	0	0	0	0	518	
3	0	0	0	0	518	
4	0	0	0	0	519	
5	0	0	0	0	520	
6	0	0	0	0	521	
7	0	0	0	0	520	
8	0	0	0	0	519	
9	0	0	0	0	517	
10	0	0	0	0	516	
11	0	0	0	0	518	
12	0	0	0	0	519	
13	0	0	0	0	520	
14	0	0	0	0	519	
15	0	0	0	0	519	
0	0	0	0	0	518	
1	0	0	0	0	519	
2	0	0	0	0	519	
3	0	0	0	0	519	
4	0	0	0	0	519	
5	0	0	0	0	519	
6	0	0	0	0	519	
7	0	0	0	0	519	
8	0	0	0	0	519	
9	0	0	0	0	519	
10	0	0	0	0	519	
11	0	0	0	0	519	
12	0	0	0	0	520	
13	0	0	0	0	520	
14	0	0	0	0	520	
15	0	0	0	0	520	
0	0	0	0	0	520	
1	0	0	0	0	519	
2	0	0	0	0	518	
3	0	0	0	0	517	
4	0	0	0	0	517	
5	0	0	0	0	517	
6	0	0	0	0	517	
7	0	0	0	0	517	
8	0	0	0	0	516	
9	0	0	0	0	516	
10	0	0	0	0	517	
11	0	0	0	0	517	
12	0	0	0	0	517	
13	0	0	0	0	517	
14	0	0	0	0	517	
15	0	0	0	0	518	
0	0	0	0	0	518	
1	0	0	0	0	518	
2	0	0	0	0	517	
3	0	0	0	0	518	
4	0	0	0	0	518	
5	0	0	0	0	519	
6	0	0	0	0	520	
7	0	0	0	0	521	
8	0	0	0	0	521	
9	0	0	0	0	521	
10	0	0	0	0	522	
11	0	0	0	0	522	
12	0	0	0	0	519	
13	0	0	0	0	519	
14	0	0	0	0	520	
15	0	0	0	0	522	
0	0	0	0	0	523	
1	0	0	0	0	523	
2	0	0	0	0	521	
3	0	0	0	0	520	
4	0	0	0	0	520	
5	0	0	0	0	520	
6	0	0	0	0	519	
7	0	0	0	0	516	
8	0	0	0	0	513	
9	0	0	0	0	513	
10	0	0	0	0	514	
11	0	0	0	0	515	
12	0	0	0	0	515	
13	0	0	0	0	515	
14	0	0	0	0	514	
15	0	0	0	0	514	
0	0	0	0	0	517	
1	0	0	0	0	519	
2	0	0	0	0	520	
3	0	0	0	0	520	
4	0	0	0	0	520	
5	0	0	0	0	520	
6	0	0	0	0	519	
7	0	0	0	0	518	
8	0	0	0	0	518	
9	0	0	0	0	517	
10	0	0	0	0	516	
11	0	0	0	0	517	
12	0	0	0	0	518	
13	0	0	0	0	518	
14	0	0	0	0	517	
15	0	0	0	0	516	
0	0	0	0	0	516	
1	0	0	0	0	517	
2	0	0	0	0	517	
3	0	0	0	0	519	
4	0	0	0	0	519	
5	0	0	0	0	518	
6	0	0	0	0	516	
7	0	0	0	0	517	
8	0	0	0	0	516	
9	0	0	0	0	514	
10	0	0	0	0	514	
11	0	0	0	0	515	
12	0	0	0	0	516	
13	0	0	0	0	515	
14	0	0	0	0	515	
15	0	0	0	0	515	
0	0	0	0	0	516	
1	0	0	0	0	516	
2	0	0	0	0	516	
3	0	0	0	0	518	
4	0	0	0	0	518	
5	0	0	0	0	519	
6	0	0	0	0	518	
7	0	0	0	0	516	
8	0	0	0	0	514	
9	0	0	0	0	515	
10	0	0	0	0	518	
11	0	0	0	0	518	
12	0	0	0	0	517	
13	0	0	0	0	515	
14	0	0	0	0	514	
15	0	0	0	0	515	
0	0	0	0	0	517	
1	0	0	0	0	517	
2	0	0	0	0	516	
3	0	0	0	0	516	
4	0	0	0	0	517	
5	0	0	0	0	517	
6	0	0	0	0	518	
7	0	0	0	0	519	
8	0	0	0	0	521	
9	0	0	0	0	521	
10	0	0	0	0	521	
11	0	0	0	0	520	
12	0	0	0	0	520	
13	0	0	0	0	519	
14	0	0	0	0	518	
15	0	0	0	0	516	
0	0	0	0	0	515	
1	0	0	0	0	516	
2	0	0	0	0	516	
3	0	0	0	0	517	
4	0	0	0	0	517	
5	0	0	0	0	517	
6	0	0	0	0	515	
7	0	0	0	0	515	
8	0	0	0	0	517	
9	0	0	0	0	517	
10	0	0	0	0	517	
11	0	0	0	0	517	
12	0	0	0	0	517	
13	0	0	0	0	518	
14	0	0	0	0	516	
15	0	0	0	0	515	
0	0	0	0	0	516	
1	0	0	0	0	518	
2	0	0	0	0	518	
3	0	0	0	0	518	
4	0	0	0	0	517	
5	0	0	0	0	516	
6	0	0	0	0	515	
7	0	0	0	0	515	
8	0	0	0	0	516	
9	0	0	0	0	516	
10	0	0	0	0	516	
11	0	0	0	0	516	
12	0	0	0	0	516	
13	0	0	0	0	515	
14	0	0	0	0	515	
15	0	0	0	0	515	
0	0	0	0	0	516	
1	0	0	0	0	515	
2	0	0	0	0	516	
3	0	0	0	0	515	
4	0	0	0	0	515	
5	0	0	0	0	516	
6	0	0	0	0	517	
7	0	0	0	0	518	
8	0	0	0	0	517	
9	0	0	0	0	516	
10	0	0	0	0	516	
11	0	0	0	0	516	
12	0	0	0	0	517	
13	0	0	0	0	518	
14	0	0	0	0	518	
15	0	0	0	0	517	
0	0	0	0	0	516	
1	0	0	0	0	516	
2	0	0	0	0	515	
3	0	0	0	0	516	
4	0	0	0	0	517	
5	0	0	0	0	516	
6	0	0	0	0	516	
7	0	0	0	0	516	
8	0	0	0	0	516	
9	0	0	0	0	517	
10	0	0	0	0	517	
11	0	0	0	0	517	
12	0	0	0	0	517	
13	0	0	0	0	518	
14	0	0	0	0	517	
15	0	0	0	0	516	
0	0	0	0	0	514	
1	0	0	0	0	513	
2	0	0	0	0	513	
3	0	0	0	0	513	
4	0	0	0	0	514	
5	0	0	0	0	515	
6	0	0	0	0	514	
7	0	0	0	0	514	
8	0	0	0	0	515	
9	0	0	0	0	515	
10	0	0	0	0	516	
11	0	0	0	0	517	
12	0	0	0	0	517	
13	0	0	0	0	516	
14	0	0	0	0	518	
15	0	0	0	0	519	
0	0	0	0	0	519	
1	0	0	0	0	521	
2	0	0	0	0	521	
3	0	0	0	0	521	
4	0	0	0	0	520	
5	0	0	0	0	519	
6	0	0	0	0	520	
7	0	0	0	0	521	
8	0	0	0	0	523	
9	0	0	0	0	522	
10	0	0	0	0	522	
11	0	0	0	0	521	
12	0	0	0	0	519	
13	0	0	0	0	518	
14	0	0	0	0	518	
15	0	0	0	0	517	
0	0	0	0	0	518	
1	0	0	0	0	519	
2	0	0	0	0	519	
3	0	0	0	0	519	
4	0	0	0	0	520	
5	0	0	0	0	522	
6	0	0	0	0	523	
7	0	0	0	0	521	
8	0	0	0	0	523	
9	0	0	0	0	522	
10	0	0	0	0	523	
11	0	0	0	0	525	
12	0	0	0	0	527	
13	0	0	0	0	528	
14	0	0	0	0	530	
15	0	0	0	0	529	
0	0	0	0	0	530	
1	0	0	0	0	531	
2	0	0	0	0	531	
3	0	0	0	0	530	
4	0	0	0	0	530	
5	0	0	0	0	530	
6	0	0	0	0	530	
7	0	0	0	0	529	
8	0	0	0	0	527	
9	0	0	0	0	527	
10	0	0	0	0	527	
11	0	0	0	0	527	
12	0	0	0	0	527	
13	0	0	0	0	527	
14	0	0	0	0	526	
15	0	0	0	0	525	
0	0	0	0	0	524	
1	0	0	0	0	524	
2	0	0	0	0	523	
3	0	0	0	0	524	
4	0	0	0	0	525	
5	0	0	0	0	525	
6	0	0	0	0	525	
7	0	0	0	0	523	
8	0	0	0	0	523	
9	0	0	0	0	522	
10	0	0	0	0	521	
11	0	0	0	0	521	
12	0	0	0	0	521	
13	0	0	0	0	521	
14	0	0	0	0	521	
15	0	0	0	0	521	
0	0	0	0	0	521	
1	0	0	0	0	521	
2	0	0	0	0	520	
3	0	0	0	0	519	
4	0	0	0	0	519	
5	0	0	0	0	520	
6	0	0	0	0	520	
7	0	0	0	0	519	
8	0	0	0	0	519	
9	0	0	0	0	517	
10	0	0	0	0	516	
11	0	0	0	0	515	
12	0	0	0	0	513	
13	0	0	0	0	512	
14	0	0	0	0	512	
15	0	0	0	0	512	
0	0	0	0	0	513	
1	0	0	0	0	513	
2	0	0	0	0	513	
3	0	0	0	0	513	
4	0	0	0	0	512	
5	0	0	0	0	513	
6	0	0	0	0	514	
7	0	0	0	0	514	
8	0	0	0	0	514	
9	0	0	0	0	515	
10	0	0	0	0	514	
11	0	0	0	0	513	
12	0	0	0	0	512	
13	0	0	0	0	512	
14	0	0	0	0	511	
15	0	0	0	0	510	
0	0	0	0	0	509	
1	0	0	0	0	509	
2	0	0	0	0	509	
3	0	0	0	0	510	
4	0	0	0	0	510	
5	0	0	0	0	510	
6	0	0	0	0	509	
7	0	0	0	0	508	
8	0	0	0	0	508	
9	0	0	0	0	508	
10	0	0	0	0	508	
11	0	0	0	0	508	
12	0	0	0	0	508	
13	0	0	0	0	508	
14	0	0	0	0	508	
15	0	0	0	0	508	
0	0	0	0	0	507	
1	0	0	0	0	506	
2	0	0	0	0	505	
3	0	0	0	0	504	
4	0	0	0	0	505	
5	0	0	0	0	505	
6	0	0	0	0	505	
7	0	0	0	0	505	
8	0	0	0	0	505	
9	0	0	0	0	504	
10	0	0	0	0	502	
11	0	0	0	0	502	
12	0	0	0	0	502	
13	0	0	0	0	501	
14	0	0	0	0	500	
15	0	0	0	0	500	
0	0	0	0	0	499	
1	0	0	0	0	496	
2	0	0	0	0	492	
3	0	0	0	0	489	
4	0	0	0	0	487	
5	0	0	0	0	486	
6	0	0	0	0	484	
7	0	0	0	0	481	
8	0	0	0	0	480	
9	0	0	0	0	480	
10	0	0	0	0	479	
11	0	0	0	0	480	
12	0	0	0	0	480	
13	0	0	0	0	479	
14	0	0	0	0	480	
15	0	0	0	0	481	
0	0	0	0	0	484	
1	0	0	0	0	492	
2	0	0	0	0	500	
3	0	0	0	0	505	
4	0	0	0	0	511	
5	0	0	0	0	518	
6	0	0	0	0	527	
7	0	0	0	0	536	
8	0	0	0	0	545	
9	0	0	0	0	554	
10	0	0	0	0	564	
11	0	0	0	0	577	
12	0	0	0	0	588	
13	0	0	0	0	600	
14	0	0	0	0	614	
15	0	0	0	0	626	
0	0	0	0	0	640	
1	0	0	0	0	655	
2	0	0	0	0	669	
3	0	0	0	0	683	
4	0	0	0	0	696	
5	0	0	0	0	707	
6	0	0	0	0	715	
7	0	0	0	0	719	
8	0	0	0	0	717	
9	0	0	0	0	711	
10	0	0	0	0	703	
11	0	0	0	0	692	
12	0	0	0	0	681	
13	0	0	0	0	667	
14	0	0	0	0	655	
15	0	0	0	0	641	
0	0	0	0	0	626	
1	0	0	0	0	608	
2	0	0	0	0	589	
3	0	0	0	0	570	
4	0	0	0	0	553	
5	0	0	0	0	537	
6	0	0	0	0	522	
7	0	0	0	0	509	
8	0	0	0	0	497	
9	0	0	0	0	488	
10	0	0	0	0	480	
11	0	0	0	0	477	
12	0	0	0	0	473	
13	0	0	0	0	472	
14	0	0	0	0	470	
15	0	0	0	0	467	
0	0	0	0	0	466	
1	0	0	0	0	467	
2	0	0	0	0	469	
3	0	0	0	0	472	
4	0	0	0	0	474	
5	0	0	0	0	476	
6	0	0	0	0	478	
7	0	0	0	0	480	
8	0	0	0	0	481	
9	0	0	0	0	483	
10	0	0	0	0	484	
11	0	0	0	0	485	
12	0	0	0	0	485	
13	0	0	0	0	483	
14	0	0	0	0	483	
15	0	0	0	0	482	
0	0	0	0	0	481	
1	0	0	0	0	483	
2	0	0	0	0	481	
3	0	0	0	0	480	
4	0	0	0	0	480	
5	0	0	0	0	480	
6	0	0	0	0	480	
7	0	0	0	0	480	
8	0	0	0	0	479	
9	0	0	0	0	478	
10	0	0	0	0	479	
11	0	0	0	0	480	
12	0	0	0	0	481	
13	0	0	0	0	481	
14	0	0	0	0	481	
15	0	0	0	0	481	
0	0	0	0	0	482	
1	0	0	0	0	481	
2	0	0	0	0	480	
3	0	0	0	0	479	
4	0	0	0	0	479	
5	0	0	0	0	480	
6	0	0	0	0	480	
7	0	0	0	0	480	
8	0	0	0	0	480	
9	0	0	0	0	480	
10	0	0	0	0	481	
11	0	0	0	0	482	
12	0	0	0	0	483	
13	0	0	0	0	483	
14	0	0	0	0	485	
15	0	0	0	0	486	
0	0	0	0	0	487	
1	0	0	0	0	487	
2	0	0	0	0	487	
3	0	0	0	0	486	
4	0	0	0	0	486	
5	0	0	0	0	487	
6	0	0	0	0	488	
7	0	0	0	0	489	
8	0	0	0	0	490	
9	0	0	0	0	489	
10	0	0	0	0	487	
11	0	0	0	0	488	
12	0	0	0	0	490	
13	0	0	0	0	491	
14	0	0	0	0	492	
15	0	0	0	0	491	
0	0	0	0	0	491	
1	0	0	0	0	491	
2	0	0	0	0	492	
3	0	0	0	0	492	
4	0	0	0	0	492	
5	0	0	0	0	492	
6	0	0	0	0	492	
7	0	0	0	0	490	
8	0	0	0	0	489	
9	0	0	0	0	490	
10	0	0	0	0	491	
11	0	0	0	0	493	
12	0	0	0	0	495	
13	0	0	0	0	497	
14	0	0	0	0	497	
15	0	0	0	0	497	
0	0	0	0	0	497	
1	0	0	0	0	497	
2	0	0	0	0	499	
3	0	0	0	0	499	
4	0	0	0	0	499	
5	0	0	0	0	500	
6	0	0	0	0	500	
7	0	0	0	0	500	
8	0	0	0	0	499	
9	0	0	0	0	500	
10	0	0	0	0	500	
11	0	0	0	0	501	
12	0	0	0	0	501	
13	0	0	0	0	500	
14	0	0	0	0	500	
15	0	0	0	0	498	
0	0	0	0	0	497	
1	0	0	0	0	499	
2	0	0	0	0	501	
3	0	0	0	0	501	
4	0	0	0	0	500	
5	0	0	0	0	501	
6	0	0	0	0	501	
7	0	0	0	0	500	
8	0	0	0	0	502	
9	0	0	0	0	502	
10	0	0	0	0	502	
11	0	0	0	0	504	
12	0	0	0	0	503	
13	0	0	0	0	503	
14	0	0	0	0	504	
15	0	0	0	0	504	
0	0	0	0	0	504	
1	0	0	0	0	504	
2	0	0	0	0	504	
3	0	0	0	0	504	
4	0	0	0	0	504	
5	0	0	0	0	504	
6	0	0	0	0	504	
7	0	0	0	0	504	
8	0	0	0	0	505	
9	0	0	0	0	505	
10	0	0	0	0	506	
11	0	0	0	0	506	
12	0	0	0	0	506	
13	0	0	0	0	505	
14	0	0	0	0	505	
15	0	0	0	0	505	
0	0	0	0	0	505	
1	0	0	0	0	505	
2	0	0	0	0	506	
3	0	0	0	0	508	
4	0	0	0	0	508	
5	0	0	0	0	509	
6	0	0	0	0	511	
7	0	0	0	0	511	
8	0	0	0	0	510	
9	0	0	0	0	511	
10	0	0	0	0	511	
11	0	0	0	0	512	
12	0	0	0	0	512	
13	0	0	0	0	512	
14	0	0	0	0	513	
15	0	0	0	0	512	
0	0	0	0	0	510	
1	0	0	0	0	511	
2	0	0	0	0	513	
3	0	0	0	0	515	
4	0	0	0	0	516	
5	0	0	0	0	517	
6	0	0	0	0	518	
7	0	0	0	0	518	
8	0	0	0	0	518	
9	0	0	0	0	517	
10	0	0	0	0	516	
11	0	0	0	0	516	
12	0	0	0	0	516	
13	0	0	0	0	516	
14	0	0	0	0	517	
15	0	0	0	0	517	
0	0	0	0	0	517	
1	0	0	0	0	516	
2	0	0	0	0	516	
3	0	0	0	0	516	
4	0	0	0	0	517	
5	0	0	0	0	517	
6	0	0	0	0	518	
7	0	0	0	0	519	
8	0	0	0	0	520	
9	0	0	0	0	521	
10	0	0	0	0	521	
11	0	0	0	0	522	
12	0	0	0	0	522	
13	0	0	0	0	523	
14	0	0	0	0	524	
15	0	0	0	0	523	
0	0	0	0	0	523	
1	0	0	0	0	523	
2	0	0	0	0	522	
3	0	0	0	0	524	
4	0	0	0	0	528	
5	0	0	0	0	528	
6	0	0	0	0	528	
7	0	0	0	0	527	
8	0	0	0	0	527	
9	0	0	0	0	526	
10	0	0	0	0	527	
11	0	0	0	0	528	
12	0	0	0	0	528	
13	0	0	0	0	529	
14	0	0	0	0	529	
15	0	0	0	0	530	
0	0	0	0	0	532	
1	0	0	0	0	534	
2	0	0	0	0	536	
3	0	0	0	0	538	
4	0	0	0	0	539	
5	0	0	0	0	540	
6	0	0	0	0	540	
7	0	0	0	0	540	
8	0	0	0	0	539	
9	0	0	0	0	539	
10	0	0	0	0	539	
11	0	0	0	0	540	
12	0	0	0	0	541	
13	0	0	0	0	542	
14	0	0	0	0	543	
15	0	0	0	0	544	
0	0	0	0	0	544	
1	0	0	0	0	544	
2	0	0	0	0	545	
3	0	0	0	0	546	
4	0	0	0	0	545	
5	0	0	0	0	545	
6	0	0	0	0	546	
7	0	0	0	0	545	
8	0	0	0	0	546	
9	0	0	0	0	547	
10	0	0	0	0	547	
11	0	0	0	0	547	
12	0	0	0	0	549	
13	0	0	0	0	548	
14	0	0	0	0	551	
15	0	0	0	0	551	
0	0	0	0	0	551	
1	0	0	0	0	552	
2	0	0	0	0	551	
3	0	0	0	0	552	
4	0	0	0	0	551	
5	0	0	0	0	551	
6	0	0	0	0	551	
7	0	0	0	0	551	
8	0	0	0	0	551	
9	0	0	0	0	551	
10	0	0	0	0	551	
11	0	0	0	0	550	
12	0	0	0	0	550	
13	0	0	0	0	549	
14	0	0	0	0	548	
15	0	0	0	0	547	
0	0	0	0	0	547	
1	0	0	0	0	547	
2	0	0	0	0	546	
3	0	0	0	0	545	
